0	0	0	0	0	126.201
0	0	0	0	0	125.201
0	0	0	0	0	125.951
0	0	0	0	0	127.591
0	0	0	0	0	127.461
1	0	0	0	0	125.571
1	0	0	0	0	125.201
1	0	0	0	0	123.061
2	0	0	0	0	121.301
3	0	0	0	0	119.541
3	0	0	0	0	117.151
4	0	0	0	0	115.391
5	0	0	0	0	112.241
6	0	0	0	0	108.721
0	0	0	1	0	126.416
0	0	0	1	0	127.696
0	0	0	1	0	128.086
0	0	0	1	0	126.966
0	0	0	1	0	126.086
0	0	0	1	0	126.986
0	0	0	1	0	126.616
1	0	0	1	0	124.106
1	0	0	1	0	123.236
1	0	0	1	0	121.106
2	0	0	1	0	119.606
3	0	0	1	0	117.976
3	0	0	1	0	116.476
4	0	0	1	0	113.076
5	0	0	1	0	111.076
0	0	0	2	0	118.129
0	0	0	2	0	119.319
0	0	0	2	0	122.779
0	0	0	2	0	124.809
0	0	0	2	0	126.959
0	0	0	2	0	128.629
0	0	0	2	0	129.099
0	0	0	2	0	127.899
0	0	0	2	0	125.499
0	0	0	2	0	124.049
0	0	0	2	0	123.689
1	0	0	2	0	121.399
1	0	0	2	0	120.319
1	0	0	2	0	119.229
2	0	0	2	0	117.789
3	0	0	2	0	116.229
3	0	0	2	0	114.779
4	0	0	2	0	112.139
5	0	0	2	0	109.619
0	0	0	3	0	117.195
0	0	0	3	0	118.595
0	0	0	3	0	122.765
0	0	0	3	0	125.045
0	0	0	3	0	127.315
0	0	0	3	0	129.095
0	0	0	3	0	129.235
0	0	0	3	0	127.365
0	0	0	3	0	124.355
0	0	0	3	0	122.365
0	0	0	3	0	122.375
1	0	0	3	0	120.755
1	0	0	3	0	119.135
1	0	0	3	0	118.145
2	0	0	3	0	115.645
3	0	0	3	0	113.775
3	0	0	3	0	110.515
4	0	0	3	0	108.265
0	0	0	0	0	127.122
0	0	0	0	0	125.992
0	0	0	0	0	125.872
0	0	0	0	0	126.632
0	0	0	0	0	126.642
1	0	0	0	0	124.512
1	0	0	0	0	123.392
1	0	0	0	0	121.762
2	0	0	0	0	119.632
3	0	0	0	0	118.122
3	0	0	0	0	115.372
4	0	0	0	0	113.492
5	0	0	0	0	109.222
6	0	0	0	0	106.582
0	0	0	2	0	121.851
0	0	0	2	0	124.001
0	0	0	2	0	126.661
0	0	0	2	0	128.311
0	0	0	2	0	128.831
0	0	0	2	0	127.581
0	0	0	2	0	125.211
0	0	0	2	0	122.211
0	0	0	2	0	122.101
1	0	0	2	0	120.981
1	0	0	2	0	119.111
1	0	0	2	0	117.741
2	0	0	2	0	116.241
3	0	0	2	0	114.751
3	0	0	2	0	112.251
4	0	0	2	0	108.991
5	0	0	2	0	106.111
0	1	0	0	0	127.564
0	1	0	0	0	128.454
0	1	0	0	0	129.354
0	1	0	0	0	129.494
0	1	0	0	0	129.004
0	1	0	0	0	127.634
0	1	0	0	0	126.514
0	1	0	0	0	125.524
1	1	0	0	0	124.024
1	1	0	0	0	121.514
1	1	0	0	0	120.264
2	1	0	0	0	118.134
3	1	0	0	0	116.134
3	1	0	0	0	114.634
4	1	0	0	0	110.224
0	1	0	1	0	126.159
0	1	0	1	0	128.179
0	1	0	1	0	129.569
0	1	0	1	0	129.949
0	1	0	1	0	129.329
0	1	0	1	0	127.329
0	1	0	1	0	124.439
0	1	0	1	0	123.069
1	1	0	1	0	122.439
1	1	0	1	0	120.189
1	1	0	1	0	118.689
2	1	0	1	0	117.309
3	1	0	1	0	115.679
3	1	0	1	0	113.799
4	1	0	1	0	112.169
0	1	0	2	0	123.312
0	1	0	2	0	125.472
0	1	0	2	0	127.632
0	1	0	2	0	129.292
0	1	0	2	0	129.552
0	1	0	2	0	128.312
0	1	0	2	0	125.802
0	1	0	2	0	122.782
0	1	0	2	0	120.532
1	1	0	2	0	120.162
1	1	0	2	0	118.922
1	1	0	2	0	116.792
2	1	0	2	0	115.792
3	1	0	2	0	114.042
3	1	0	2	0	110.652
0	1	0	3	0	123.118
0	1	0	3	0	125.398
0	1	0	3	0	127.548
0	1	0	3	0	128.698
0	1	0	3	0	128.708
0	1	0	3	0	126.838
0	1	0	3	0	124.838
0	1	0	3	0	122.088
0	1	0	3	0	120.088
1	1	0	3	0	119.598
1	1	0	3	0	118.108
1	1	0	3	0	115.608
2	1	0	3	0	113.858
3	1	0	3	0	109.718
0	1	0	0	0	126.395
0	1	0	0	0	128.175
0	1	0	0	0	129.575
0	1	0	0	0	130.715
0	1	0	0	0	131.615
0	1	0	0	0	131.755
0	1	0	0	0	131.015
0	1	0	0	0	129.395
0	1	0	0	0	126.645
0	1	0	0	0	124.395
1	1	0	0	0	123.775
1	1	0	0	0	121.775
1	1	0	0	0	119.535
2	1	0	0	0	117.785
3	1	0	0	0	116.165
3	1	0	0	0	113.665
4	1	0	0	0	110.905
5	1	0	0	0	107.405
0	1	0	2	0	123.543
0	1	0	2	0	126.843
0	1	0	2	0	128.633
0	1	0	2	0	130.173
0	1	0	2	0	131.073
0	1	0	2	0	130.723
0	1	0	2	0	128.723
0	1	0	2	0	126.343
0	1	0	2	0	123.213
0	1	0	2	0	120.963
1	1	0	2	0	120.233
1	1	0	2	0	118.743
1	1	0	2	0	115.863
2	1	0	2	0	113.733
0	0	1	0	0	128.144
0	0	1	0	0	129.134
0	0	1	0	0	128.244
1	0	1	0	0	128.354
1	0	1	0	0	127.834
1	0	1	0	0	125.824
2	0	1	0	0	124.304
3	0	1	0	0	122.044
3	0	1	0	0	118.024
4	0	1	0	0	118.134
5	0	1	0	0	117.624
6	0	1	0	0	114.984
7	0	1	0	0	114.474
0	0	1	1	0	119.54
0	0	1	1	0	121.66
0	0	1	1	0	123.78
0	0	1	1	0	126.16
0	0	1	1	0	127.53
0	0	1	1	0	128.29
0	0	1	1	0	127.91
0	0	1	1	0	126.79
0	0	1	1	0	126.54
1	0	1	1	0	126.54
1	0	1	1	0	125.16
1	0	1	1	0	123.41
2	0	1	1	0	122.41
3	0	1	1	0	118.41
0	0	1	2	0	121.055
0	0	1	2	0	123.565
0	0	1	2	0	126.195
0	0	1	2	0	128.705
0	0	1	2	0	130.205
0	0	1	2	0	130.435
0	0	1	2	0	129.395
0	0	1	2	0	127.095
0	0	1	2	0	125.305
1	0	1	2	0	125.025
1	0	1	2	0	124.625
1	0	1	2	0	123.465
2	0	1	2	0	122.175
3	0	1	2	0	117.465
0	0	1	3	0	120.595
0	0	1	3	0	123.635
0	0	1	3	0	126.675
0	0	1	3	0	129.465
0	0	1	3	0	130.725
0	0	1	3	0	130.595
0	0	1	3	0	128.805
0	0	1	3	0	125.625
0	0	1	3	0	123.455
1	0	1	3	0	123.445
1	0	1	3	0	123.445
1	0	1	3	0	122.035
2	0	1	3	0	120.505
3	0	1	3	0	116.815
0	0	1	0	0	125.116
0	0	1	0	0	126.486
0	0	1	0	0	127.356
0	0	1	0	0	128.216
0	0	1	0	0	128.956
0	0	1	0	0	128.816
0	0	1	0	0	127.796
0	0	1	0	0	126.896
1	0	1	0	0	127.006
1	0	1	0	0	126.116
1	0	1	0	0	124.086
2	0	1	0	0	122.816
3	0	1	0	0	120.786
3	0	1	0	0	115.996
4	0	1	0	0	113.086
0	0	1	1	0	122.292
0	0	1	1	0	124.692
0	0	1	1	0	126.842
0	0	1	1	0	128.492
0	0	1	1	0	129.002
0	0	1	1	0	128.762
0	0	1	1	0	126.752
0	0	1	1	0	124.612
1	0	1	1	0	123.862
1	0	1	1	0	123.742
1	0	1	1	0	122.232
2	0	1	1	0	120.472
3	0	1	1	0	118.712
0	0	1	2	0	120.137
0	0	1	2	0	122.147
0	0	1	2	0	125.157
0	0	1	2	0	127.417
0	0	1	2	0	129.037
0	0	1	2	0	129.147
0	0	1	2	0	128.257
0	0	1	2	0	125.837
0	0	1	2	0	122.797
1	0	1	2	0	121.397
1	0	1	2	0	121.627
1	0	1	2	0	120.227
2	0	1	2	0	118.827
3	0	1	2	0	116.417
0	0	1	3	0	120.147
0	0	1	3	0	123.417
0	0	1	3	0	126.677
0	0	1	3	0	129.057
0	0	1	3	0	130.307
0	0	1	3	0	130.307
0	0	1	3	0	128.677
0	0	1	3	0	125.797
0	0	1	3	0	123.037
1	0	1	3	0	121.407
1	0	1	3	0	121.527
1	0	1	3	0	120.527
2	0	1	3	0	118.267
3	0	1	3	0	115.137
0	1	1	0	0	126.758
0	1	1	0	0	129.038
0	1	1	0	0	130.688
0	1	1	0	0	131.708
0	1	1	0	0	131.718
0	1	1	0	0	129.468
0	1	1	0	0	126.218
1	1	1	0	0	124.338
1	1	1	0	0	124.108
1	1	1	0	0	121.728
2	1	1	0	0	121.118
3	1	1	0	0	118.618
3	1	1	0	0	112.848
4	1	1	0	0	113.108
5	1	1	0	0	114.258
6	1	1	0	0	112.768
7	1	1	0	0	109.638
0	1	1	1	0	123.274
0	1	1	1	0	127.314
0	1	1	1	0	129.964
0	1	1	1	0	131.864
0	1	1	1	0	132.134
0	1	1	1	0	131.264
0	1	1	1	0	128.264
0	1	1	1	0	124.254
1	1	1	1	0	122.384
1	1	1	1	0	122.394
1	1	1	1	0	120.654
2	1	1	1	0	120.034
3	1	1	1	0	117.154
3	1	1	1	0	112.524
0	1	1	2	0	122.229
0	1	1	2	0	123.879
0	1	1	2	0	127.039
0	1	1	2	0	129.579
0	1	1	2	0	130.469
0	1	1	2	0	129.969
0	1	1	2	0	128.339
0	1	1	2	0	125.319
0	1	1	2	0	121.659
1	1	1	2	0	119.649
1	1	1	2	0	120.419
1	1	1	2	0	119.159
2	1	1	2	0	117.649
3	1	1	2	0	114.249
3	1	1	2	0	113.129
0	1	1	3	0	120.189
0	1	1	3	0	123.609
0	1	1	3	0	126.149
0	1	1	3	0	128.939
0	1	1	3	0	130.349
0	1	1	3	0	130.869
0	1	1	3	0	129.869
0	1	1	3	0	128.119
0	1	1	3	0	125.229
0	1	1	3	0	122.089
1	1	1	3	0	120.209
1	1	1	3	0	120.229
1	1	1	3	0	118.859
2	1	1	3	0	115.969
3	1	1	3	0	112.699
0	2	1	0	0	127.7
0	2	1	0	0	129.88
0	2	1	0	0	131.8
0	2	1	0	0	133.48
0	2	1	0	0	134
0	2	1	0	0	133.38
0	2	1	0	0	130.46
0	2	1	0	0	125.89
1	2	1	0	0	123.74
1	2	1	0	0	123.12
1	2	1	0	0	120.33
2	2	1	0	0	118.05
3	2	1	0	0	116.92
3	2	1	0	0	114.9
4	2	1	0	0	111.35
0	2	1	2	0	127.011
0	2	1	2	0	129.691
0	2	1	2	0	131.221
0	2	1	2	0	132.251
0	2	1	2	0	132.011
0	2	1	2	0	129.491
0	2	1	2	0	125.581
0	2	1	2	0	125.721
0	2	1	2	0	123.081
0	2	1	2	0	117.911
1	2	1	2	0	116.151
1	2	1	2	0	118.441
1	2	1	2	0	115.801
2	2	1	2	0	115.311
3	2	1	2	0	112.541
0	3	1	0	1	138.758
0	3	1	0	1	139.918
0	3	1	0	1	139.808
0	3	1	0	1	139.438
0	3	1	0	1	136.798
0	3	1	0	1	133.768
0	3	1	0	1	130.748
0	3	1	0	1	126.838
0	3	1	0	1	127.358
0	3	1	0	1	125.728
0	3	1	0	1	122.708
1	3	1	0	1	122.088
1	3	1	0	1	120.458
1	3	1	0	1	119.208
2	3	1	0	1	115.298
3	3	1	0	1	115.818
0	3	1	1	1	135.234
0	3	1	1	1	136.384
0	3	1	1	1	136.284
0	3	1	1	1	135.924
0	3	1	1	1	133.174
0	3	1	1	1	130.934
0	3	1	1	1	128.444
0	3	1	1	1	125.194
0	3	1	1	1	125.724
0	3	1	1	1	123.354
0	3	1	1	1	120.354
1	3	1	1	1	118.994
1	3	1	1	1	117.134
1	3	1	1	1	117.284
2	3	1	1	1	113.144
3	3	1	1	1	111.534
0	3	1	2	2	130.989
0	3	1	2	2	131.889
0	3	1	2	2	132.149
0	3	1	2	2	132.039
0	3	1	2	2	130.299
0	3	1	2	2	128.929
0	3	1	2	2	126.299
0	3	1	2	2	122.539
0	3	1	2	2	123.189
0	3	1	2	2	121.059
0	3	1	2	2	117.809
1	3	1	2	2	116.559
1	3	1	2	2	114.309
1	3	1	2	2	114.079
2	3	1	2	2	111.959
3	3	1	2	2	110.839
0	3	1	3	2	128.679
0	3	1	3	2	130.089
0	3	1	3	2	130.239
0	3	1	3	2	130.269
0	3	1	3	2	128.169
0	3	1	3	2	126.189
0	3	1	3	2	123.209
0	3	1	3	2	119.099
0	3	1	3	2	120.509
0	3	1	3	2	119.039
0	3	1	3	2	115.309
1	3	1	3	2	114.709
1	3	1	3	2	113.229
1	3	1	3	2	112.639
2	3	1	3	2	111.029
3	3	1	3	2	110.689
0	0	2	0	0	125.817
0	0	2	0	0	127.307
0	0	2	0	0	128.927
0	0	2	0	0	129.667
0	0	2	0	0	128.647
1	0	2	0	0	128.127
1	0	2	0	0	129.377
1	0	2	0	0	128.857
2	0	2	0	0	126.457
3	0	2	0	0	125.427
3	0	2	0	0	122.527
4	0	2	0	0	120.247
5	0	2	0	0	117.087
6	0	2	0	0	113.297
0	0	2	1	0	120.573
0	0	2	1	0	123.583
0	0	2	1	0	126.713
0	0	2	1	0	128.583
0	0	2	1	0	129.953
0	0	2	1	0	130.183
0	0	2	1	0	129.673
1	0	2	1	0	127.763
1	0	2	1	0	127.753
1	0	2	1	0	127.233
2	0	2	1	0	125.203
3	0	2	1	0	123.303
3	0	2	1	0	121.903
4	0	2	1	0	119.253
5	0	2	1	0	117.093
6	0	2	1	0	112.803
0	0	2	2	0	119.513
0	0	2	2	0	124.403
0	0	2	2	0	127.903
0	0	2	2	0	130.033
0	0	2	2	0	131.023
0	0	2	2	0	131.013
0	0	2	2	0	129.633
1	0	2	2	0	126.863
1	0	2	2	0	125.603
1	0	2	2	0	125.343
2	0	2	2	0	123.453
3	0	2	2	0	121.313
3	0	2	2	0	120.553
4	0	2	2	0	115.413
0	0	2	3	0	121.617
0	0	2	3	0	125.997
0	0	2	3	0	129.117
0	0	2	3	0	130.987
0	0	2	3	0	131.467
0	0	2	3	0	130.817
0	0	2	3	0	128.907
1	0	2	3	0	125.867
1	0	2	3	0	124.207
1	0	2	3	0	123.807
2	0	2	3	0	122.397
3	0	2	3	0	119.737
3	0	2	3	0	117.957
0	1	2	0	0	127.404
0	1	2	0	0	127.394
0	1	2	0	0	128.774
0	1	2	0	0	130.144
0	1	2	0	0	130.644
0	1	2	0	0	130.114
1	1	2	0	0	128.334
1	1	2	0	0	127.054
1	1	2	0	0	126.534
2	1	2	0	0	124.364
3	1	2	0	0	121.944
3	1	2	0	0	120.534
4	1	2	0	0	116.724
5	1	2	0	0	113.034
6	1	2	0	0	110.364
0	1	2	2	0	121.009
0	1	2	2	0	125.809
0	1	2	2	0	128.829
0	1	2	2	0	130.589
0	1	2	2	0	130.829
0	1	2	2	0	130.049
0	1	2	2	0	128.139
1	1	2	2	0	125.589
1	1	2	2	0	122.919
1	1	2	2	0	121.889
2	1	2	2	0	121.499
3	1	2	2	0	119.209
3	1	2	2	0	116.659
4	1	2	2	0	112.589
5	1	2	2	0	108.649
0	2	2	0	0	124.121
0	2	2	0	0	126.291
0	2	2	0	0	128.971
0	2	2	0	0	131.281
0	2	2	0	0	133.201
0	2	2	0	0	134.111
0	2	2	0	0	133.241
0	2	2	0	0	131.111
1	2	2	0	0	127.591
1	2	2	0	0	123.311
1	2	2	0	0	121.431
2	2	2	0	0	120.061
3	2	2	0	0	116.411
0	2	2	1	0	126.807
0	2	2	1	0	129.367
0	2	2	1	0	131.807
0	2	2	1	0	133.097
0	2	2	1	0	132.127
0	2	2	1	0	130.777
0	2	2	1	0	130.567
0	2	2	1	0	128.707
1	2	2	1	0	124.077
1	2	2	1	0	121.587
1	2	2	1	0	119.737
2	2	2	1	0	118.757
3	2	2	1	0	117.287
3	2	2	1	0	114.927
0	2	2	2	0	125.347
0	2	2	2	0	127.637
0	2	2	2	0	129.937
0	2	2	2	0	132.357
0	2	2	2	0	132.757
0	2	2	2	0	130.507
0	2	2	2	0	127.117
0	2	2	2	0	126.267
0	2	2	2	0	124.647
1	2	2	2	0	120.497
1	2	2	2	0	119.137
1	2	2	2	0	117.137
2	2	2	2	0	117.037
3	2	2	2	0	116.677
0	2	2	3	0	125.741
0	2	2	3	0	127.781
0	2	2	3	0	129.681
0	2	2	3	0	131.471
0	2	2	3	0	131.491
0	2	2	3	0	128.241
0	2	2	3	0	123.991
0	2	2	3	0	123.761
0	2	2	3	0	122.771
1	2	2	3	0	119.151
1	2	2	3	0	118.291
1	2	2	3	0	116.181
2	2	2	3	0	115.691
3	2	2	3	0	115.591
0	3	2	0	1	128.713
0	3	2	0	1	130.123
0	3	2	0	1	132.043
0	3	2	0	1	134.853
0	3	2	0	1	136.023
0	3	2	0	1	134.273
0	3	2	0	1	132.513
0	3	2	0	1	130.893
0	3	2	0	1	128.643
1	3	2	0	1	124.353
1	3	2	0	1	116.783
1	3	2	0	1	119.343
2	3	2	0	1	118.343
3	3	2	0	1	116.603
3	3	2	0	1	113.333
4	3	2	0	1	110.313
0	3	2	2	1	127.488
0	3	2	2	1	130.558
0	3	2	2	1	132.118
0	3	2	2	1	132.658
0	3	2	2	1	133.198
0	3	2	2	1	132.358
0	3	2	2	1	128.338
0	3	2	2	1	122.428
0	3	2	2	1	120.058
0	3	2	2	1	120.228
1	3	2	2	1	117.478
1	3	2	2	1	111.818
1	3	2	2	1	114.258
2	3	2	2	1	113.288
3	3	2	2	1	112.688
3	3	2	2	1	111.588
4	3	2	2	1	110.868
0	4	2	0	3	134.319
0	4	2	0	3	135.329
0	4	2	0	3	135.459
0	4	2	0	3	135.079
0	4	2	0	3	131.279
0	4	2	0	3	129.889
0	4	2	0	3	128.879
0	4	2	0	3	126.349
0	4	2	0	3	122.679
0	4	2	0	3	121.789
0	4	2	0	3	120.779
1	4	2	0	3	119.639
1	4	2	0	3	116.849
1	4	2	0	3	115.079
2	4	2	0	3	114.569
3	4	2	0	3	112.039
0	4	2	1	3	131.955
0	4	2	1	3	133.235
0	4	2	1	3	132.355
0	4	2	1	3	131.605
0	4	2	1	3	127.815
0	4	2	1	3	127.315
0	4	2	1	3	126.565
0	4	2	1	3	124.665
0	4	2	1	3	121.635
0	4	2	1	3	119.875
0	4	2	1	3	119.505
1	4	2	1	3	118.365
1	4	2	1	3	115.085
1	4	2	1	3	112.945
2	4	2	1	3	112.065
3	4	2	1	3	110.555
0	4	2	2	3	127.315
0	4	2	2	3	128.335
0	4	2	2	3	128.595
0	4	2	2	3	128.345
0	4	2	2	3	126.835
0	4	2	2	3	126.465
0	4	2	2	3	126.345
0	4	2	2	3	123.835
0	4	2	2	3	120.555
0	4	2	2	3	118.545
0	4	2	2	3	117.925
1	4	2	2	3	116.295
1	4	2	2	3	113.525
1	4	2	2	3	112.265
2	4	2	2	3	111.135
3	4	2	2	3	109.885
0	4	2	3	4	127.299
0	4	2	3	4	128.559
0	4	2	3	4	128.809
0	4	2	3	4	128.939
0	4	2	3	4	127.179
0	4	2	3	4	126.049
0	4	2	3	4	125.539
0	4	2	3	4	122.149
0	4	2	3	4	118.619
0	4	2	3	4	117.119
0	4	2	3	4	116.859
1	4	2	3	4	114.729
1	4	2	3	4	112.209
1	4	2	3	4	111.459
2	4	2	3	4	109.949
3	4	2	3	4	108.689
0	5	2	0	5	128.354
0	5	2	0	5	129.744
0	5	2	0	5	128.484
0	5	2	0	5	127.094
0	5	2	0	5	121.664
0	5	2	0	5	123.304
0	5	2	0	5	123.054
0	5	2	0	5	122.044
0	5	2	0	5	120.154
0	5	2	0	5	120.534
0	5	2	0	5	117.504
1	5	2	0	5	115.234
1	5	2	0	5	113.334
1	5	2	0	5	108.034
2	5	2	0	5	108.034
3	5	2	0	5	107.284
0	5	2	2	6	114.75
0	5	2	2	6	115.89
0	5	2	2	6	116.02
0	5	2	2	6	115.91
0	5	2	2	6	114.9
0	5	2	2	6	116.55
0	5	2	2	6	116.56
0	5	2	2	6	114.67
0	5	2	2	6	112.16
0	5	2	2	6	110.78
0	5	2	2	6	109.52
1	5	2	2	6	106.88
1	5	2	2	6	106.26
1	5	2	2	6	104.5
2	5	2	2	6	104.13
3	5	2	2	6	103.38
0	0	3	0	0	130.96
0	0	3	0	0	129.45
0	0	3	0	0	128.56
0	0	3	0	0	129.68
0	0	3	0	0	131.06
1	0	3	0	0	131.31
1	0	3	0	0	135.07
1	0	3	0	0	134.43
2	0	3	0	0	134.43
3	0	3	0	0	133.04
3	0	3	0	0	130.89
4	0	3	0	0	128.74
5	0	3	0	0	125.22
0	0	3	1	0	124.336
0	0	3	1	0	125.586
0	0	3	1	0	127.076
0	0	3	1	0	128.576
0	0	3	1	0	131.456
1	0	3	1	0	133.956
1	0	3	1	0	134.826
1	0	3	1	0	134.946
2	0	3	1	0	134.556
3	0	3	1	0	132.796
3	0	3	1	0	130.156
4	0	3	1	0	127.636
5	0	3	1	0	125.376
0	0	3	2	0	126.508
0	0	3	2	0	127.638
0	0	3	2	0	129.148
0	0	3	2	0	130.908
0	0	3	2	0	132.918
1	0	3	2	0	134.938
1	0	3	2	0	135.938
1	0	3	2	0	135.308
2	0	3	2	0	134.308
3	0	3	2	0	131.918
3	0	3	2	0	128.518
4	0	3	2	0	125.998
5	0	3	2	0	123.988
0	0	3	3	0	122.79
0	0	3	3	0	126.78
0	0	3	3	0	129.27
0	0	3	3	0	131.01
0	0	3	3	0	133.01
1	0	3	3	0	134.87
1	0	3	3	0	135.49
1	0	3	3	0	134.11
2	0	3	3	0	133.23
3	0	3	3	0	130.34
3	0	3	3	0	126.59
4	0	3	3	0	122.45
5	0	3	3	0	119.07
0	1	3	0	0	124.318
0	1	3	0	0	129.848
1	1	3	0	0	131.978
1	1	3	0	0	133.728
1	1	3	0	0	133.598
2	1	3	0	0	132.828
3	1	3	0	0	129.308
3	1	3	0	0	125.268
4	1	3	0	0	121.238
5	1	3	0	0	117.328
0	1	3	2	0	125.647
0	1	3	2	0	128.427
0	1	3	2	0	130.197
0	1	3	2	0	132.587
1	1	3	2	0	133.847
1	1	3	2	0	133.587
1	1	3	2	0	131.807
2	1	3	2	0	129.777
3	1	3	2	0	125.717
3	1	3	2	0	120.397
4	1	3	2	0	116.967
0	3	3	0	0	127.556
0	3	3	0	0	129.946
0	3	3	0	0	132.086
0	3	3	0	0	133.846
0	3	3	0	0	134.476
1	3	3	0	0	134.226
1	3	3	0	0	131.966
1	3	3	0	0	126.926
2	3	3	0	0	121.146
0	3	3	1	0	121.582
0	3	3	1	0	123.742
0	3	3	1	0	126.152
0	3	3	1	0	128.562
0	3	3	1	0	130.722
0	3	3	1	0	132.252
0	3	3	1	0	133.032
0	3	3	1	0	133.042
1	3	3	1	0	131.542
1	3	3	1	0	128.402
1	3	3	1	0	122.612
2	3	3	1	0	115.812
0	3	3	2	0	120.015
0	3	3	2	0	122.905
0	3	3	2	0	126.045
0	3	3	2	0	128.435
0	3	3	2	0	130.195
0	3	3	2	0	131.205
0	3	3	2	0	130.965
0	3	3	2	0	129.965
1	3	3	2	0	127.465
1	3	3	2	0	123.965
1	3	3	2	0	118.955
0	3	3	3	0	120.076
0	3	3	3	0	122.966
0	3	3	3	0	125.856
0	3	3	3	0	128.246
0	3	3	3	0	129.516
0	3	3	3	0	130.156
0	3	3	3	0	129.296
0	3	3	3	0	127.686
1	3	3	3	0	125.576
1	3	3	3	0	122.086
1	3	3	3	0	118.106
0	5	3	0	2	125.941
0	5	3	0	2	127.101
0	5	3	0	2	128.381
0	5	3	0	2	129.281
0	5	3	0	2	130.311
0	5	3	0	2	133.611
0	5	3	0	2	136.031
0	5	3	0	2	136.941
0	5	3	0	2	136.191
0	5	3	0	2	135.191
0	5	3	0	2	133.311
1	5	3	0	2	130.541
1	5	3	0	2	127.141
1	5	3	0	2	122.471
0	5	3	2	2	125.01
0	5	3	2	2	126.43
0	5	3	2	2	128.99
0	5	3	2	2	130.67
0	5	3	2	2	131.96
0	5	3	2	2	133.13
0	5	3	2	2	133.79
0	5	3	2	2	132.43
0	5	3	2	2	130.05
0	5	3	2	2	126.54
0	5	3	2	2	124.42
1	5	3	2	2	122.17
1	5	3	2	2	119.67
1	5	3	2	2	115.52
0	6	3	0	4	123.595
0	6	3	0	4	124.835
0	6	3	0	4	126.195
0	6	3	0	4	126.805
0	6	3	0	4	127.285
0	6	3	0	4	129.645
0	6	3	0	4	131.515
0	6	3	0	4	131.865
0	6	3	0	4	130.845
0	6	3	0	4	130.065
0	6	3	0	4	129.285
1	6	3	0	4	127.625
1	6	3	0	4	125.715
1	6	3	0	4	122.675
2	6	3	0	4	119.135
3	6	3	0	4	115.215
3	6	3	0	4	112.675
0	6	3	1	4	122.94
0	6	3	1	4	124.17
0	6	3	1	4	125.39
0	6	3	1	4	126.5
0	6	3	1	4	127.22
0	6	3	1	4	129.33
0	6	3	1	4	130.43
0	6	3	1	4	130.4
0	6	3	1	4	130
0	6	3	1	4	128.2
0	6	3	1	4	127.04
1	6	3	1	4	125.63
1	6	3	1	4	123.46
1	6	3	1	4	120.92
2	6	3	1	4	117.11
3	6	3	1	4	112.93
0	6	3	2	4	121.783
0	6	3	2	4	122.893
0	6	3	2	4	124.493
0	6	3	2	4	125.353
0	6	3	2	4	125.963
0	6	3	2	4	127.443
0	6	3	2	4	128.423
0	6	3	2	4	127.893
0	6	3	2	4	126.743
0	6	3	2	4	124.843
0	6	3	2	4	123.443
1	6	3	2	4	122.413
1	6	3	2	4	120.513
1	6	3	2	4	118.113
2	6	3	2	4	114.453
3	6	3	2	4	109.663
0	6	3	3	4	119.975
0	6	3	3	4	121.225
0	6	3	3	4	122.845
0	6	3	3	4	123.705
0	6	3	3	4	123.695
0	6	3	3	4	124.685
0	6	3	3	4	125.555
0	6	3	3	4	124.525
0	6	3	3	4	123.255
0	6	3	3	4	121.485
0	6	3	3	4	120.835
1	6	3	3	4	119.945
1	6	3	3	4	118.045
1	6	3	3	4	115.635
2	6	3	3	4	112.355
3	6	3	3	4	108.185
0	7	3	0	7	118.005
0	7	3	0	7	119.115
0	7	3	0	7	121.235
0	7	3	0	7	123.865
0	7	3	0	7	126.995
0	7	3	0	7	128.365
0	7	3	0	7	124.555
0	7	3	0	7	121.885
0	7	3	0	7	121.485
0	7	3	0	7	120.575
0	7	3	0	7	120.055
1	7	3	0	7	118.385
1	7	3	0	7	116.225
1	7	3	0	7	113.045
0	7	3	2	8	125.974
0	7	3	2	8	127.224
0	7	3	2	8	129.864
0	7	3	2	8	130.614
0	7	3	2	8	128.444
0	7	3	2	8	120.324
0	7	3	2	8	119.174
0	7	3	2	8	118.904
0	7	3	2	8	118.634
0	7	3	2	8	117.604
0	7	3	2	8	117.724
1	7	3	2	8	116.184
1	7	3	2	8	113.004
1	7	3	2	8	108.684
1	0	3	0	0	133.707
1	0	3	0	0	137.007
1	0	3	0	0	138.557
2	0	3	0	0	136.837
3	0	3	0	0	134.987
3	0	3	0	0	129.867
4	0	3	0	0	130.787
5	0	3	0	0	133.207
6	0	3	0	0	130.477
7	0	3	0	0	123.217
0	0	3	1	0	127.623
1	0	3	1	0	130.073
1	0	3	1	0	130.503
1	0	3	1	0	133.223
2	0	3	1	0	135.803
3	0	3	1	0	136.103
3	0	3	1	0	136.163
4	0	3	1	0	134.563
5	0	3	1	0	131.453
6	0	3	1	0	125.683
7	0	3	1	0	121.933
0	0	3	2	0	124.156
0	0	3	2	0	130.026
1	0	3	2	0	131.836
1	0	3	2	0	133.276
1	0	3	2	0	135.346
2	0	3	2	0	136.536
3	0	3	2	0	136.826
3	0	3	2	0	135.866
4	0	3	2	0	133.376
5	0	3	2	0	129.116
6	0	3	2	0	124.986
0	0	3	3	0	125.127
0	0	3	3	0	127.947
0	0	3	3	0	129.267
0	0	3	3	0	130.697
1	0	3	3	0	132.897
1	0	3	3	0	135.227
1	0	3	3	0	137.047
2	0	3	3	0	138.607
3	0	3	3	0	138.537
3	0	3	3	0	137.207
4	0	3	3	0	134.227
5	0	3	3	0	128.977
6	0	3	3	0	125.627
0	2	3	0	0	128.398
1	2	3	0	0	130.828
1	2	3	0	0	133.378
1	2	3	0	0	134.928
2	2	3	0	0	135.468
3	2	3	0	0	134.498
3	2	3	0	0	131.518
4	2	3	0	0	127.398
5	2	3	0	0	127.688
6	2	3	0	0	124.208
7	2	3	0	0	119.708
0	2	3	1	0	121.474
0	2	3	1	0	125.054
1	2	3	1	0	129.144
1	2	3	1	0	132.354
1	2	3	1	0	133.924
2	2	3	1	0	135.484
3	2	3	1	0	135.164
3	2	3	1	0	132.184
4	2	3	1	0	126.944
5	2	3	1	0	125.094
6	2	3	1	0	124.394
7	2	3	1	0	121.284
0	2	3	2	0	116.366
0	2	3	2	0	118.696
0	2	3	2	0	120.766
0	2	3	2	0	122.956
0	2	3	2	0	125.026
0	2	3	2	0	125.966
0	2	3	2	0	128.916
1	2	3	2	0	131.236
1	2	3	2	0	133.436
1	2	3	2	0	134.996
2	2	3	2	0	135.426
3	2	3	2	0	134.336
3	2	3	2	0	131.346
4	2	3	2	0	126.066
0	2	3	3	0	116.128
0	2	3	3	0	120.078
0	2	3	3	0	122.648
0	2	3	3	0	125.348
0	2	3	3	0	127.408
0	2	3	3	0	128.718
0	2	3	3	0	130.148
1	2	3	3	0	132.588
1	2	3	3	0	134.268
1	2	3	3	0	135.328
2	2	3	3	0	135.248
3	2	3	3	0	132.898
3	2	3	3	0	127.008
0	4	3	0	0	125.726
0	4	3	0	0	127.206
0	4	3	0	0	129.556
0	4	3	0	0	131.656
0	4	3	0	0	133.756
0	4	3	0	0	134.976
1	4	3	0	0	135.956
1	4	3	0	0	136.166
1	4	3	0	0	134.236
2	4	3	0	0	131.186
3	4	3	0	0	127.246
0	4	3	1	0	120.952
0	4	3	1	0	123.082
0	4	3	1	0	125.452
0	4	3	1	0	128.082
0	4	3	1	0	130.332
0	4	3	1	0	132.202
0	4	3	1	0	133.062
0	4	3	1	0	134.052
1	4	3	1	0	134.152
1	4	3	1	0	133.252
1	4	3	1	0	131.582
2	4	3	1	0	128.412
3	4	3	1	0	124.222
0	4	3	2	0	116.074
0	4	3	2	0	116.924
0	4	3	2	0	119.294
0	4	3	2	0	121.154
0	4	3	2	0	123.894
0	4	3	2	0	126.514
0	4	3	2	0	129.014
0	4	3	2	0	130.374
0	4	3	2	0	130.964
0	4	3	2	0	131.184
0	4	3	2	0	131.274
1	4	3	2	0	131.234
1	4	3	2	0	129.934
1	4	3	2	0	127.864
2	4	3	2	0	125.044
3	4	3	2	0	120.324
0	4	3	3	0	119.146
0	4	3	3	0	120.136
0	4	3	3	0	122.766
0	4	3	3	0	124.756
0	4	3	3	0	126.886
0	4	3	3	0	129.006
0	4	3	3	0	130.746
0	4	3	3	0	131.346
0	4	3	3	0	131.446
0	4	3	3	0	131.036
0	4	3	3	0	130.496
1	4	3	3	0	130.086
1	4	3	3	0	128.536
1	4	3	3	0	126.736
2	4	3	3	0	124.426
3	4	3	3	0	120.726
0	5	3	0	2	119.698
0	5	3	0	2	122.938
0	5	3	0	2	125.048
0	5	3	0	2	126.898
0	5	3	0	2	128.878
0	5	3	0	2	130.348
0	5	3	0	2	131.698
0	5	3	0	2	133.048
0	5	3	0	2	134.528
0	5	3	0	2	134.228
1	5	3	0	2	134.058
1	5	3	0	2	133.758
1	5	3	0	2	131.808
2	5	3	0	2	128.978
3	5	3	0	2	125.398
3	5	3	0	2	120.538
4	5	3	0	2	114.418
0	5	3	2	2	121.547
0	5	3	2	2	123.537
0	5	3	2	2	125.527
0	5	3	2	2	127.127
0	5	3	2	2	128.867
0	5	3	2	2	130.217
0	5	3	2	2	130.947
0	5	3	2	2	130.777
0	5	3	2	2	129.977
0	5	3	2	2	129.567
1	5	3	2	2	129.027
1	5	3	2	2	127.847
1	5	3	2	2	126.537
2	5	3	2	2	125.107
3	5	3	2	2	123.177
3	5	3	2	2	120.607
4	5	3	2	2	116.017
0	8	3	0	2	112.506
0	8	3	0	2	113.796
0	8	3	0	2	115.846
0	8	3	0	2	117.396
0	8	3	0	2	119.806
0	8	3	0	2	122.606
0	8	3	0	2	124.276
0	8	3	0	2	125.816
0	8	3	0	2	126.356
0	8	3	0	2	126.406
0	8	3	0	2	126.826
1	8	3	0	2	126.746
1	8	3	0	2	126.536
1	8	3	0	2	125.586
2	8	3	0	2	123.126
3	8	3	0	2	119.916
3	8	3	0	2	115.466
0	8	3	1	2	109.951
0	8	3	1	2	110.491
0	8	3	1	2	111.911
0	8	3	1	2	115.461
0	8	3	1	2	119.621
0	8	3	1	2	122.411
0	8	3	1	2	123.091
0	8	3	1	2	126.001
0	8	3	1	2	129.301
0	8	3	1	2	126.471
0	8	3	1	2	125.261
1	8	3	1	2	124.931
1	8	3	1	2	124.101
1	8	3	1	2	121.771
2	8	3	1	2	118.941
3	8	3	1	2	114.861
0	8	3	2	2	114.044
0	8	3	2	2	114.714
0	8	3	2	2	115.144
0	8	3	2	2	115.444
0	8	3	2	2	117.514
0	8	3	2	2	124.514
0	8	3	2	2	135.324
0	8	3	2	2	138.274
0	8	3	2	2	131.364
0	8	3	2	2	127.614
0	8	3	2	2	126.644
1	8	3	2	2	124.154
1	8	3	2	2	123.564
1	8	3	2	2	122.724
2	8	3	2	2	119.854
0	8	3	3	2	116.146
0	8	3	3	2	116.956
0	8	3	3	2	118.416
0	8	3	3	2	120.766
0	8	3	3	2	127.676
0	8	3	3	2	136.886
0	8	3	3	2	139.226
0	8	3	3	2	131.796
0	8	3	3	2	128.306
0	8	3	3	2	126.846
0	8	3	3	2	124.356
1	8	3	3	2	124.166
1	8	3	3	2	123.466
1	8	3	3	2	121.996
2	8	3	3	2	117.996
0	9	3	0	3	115.857
0	9	3	0	3	117.927
0	9	3	0	3	117.967
0	9	3	0	3	120.657
0	9	3	0	3	123.227
0	9	3	0	3	134.247
0	9	3	0	3	140.987
0	9	3	0	3	131.817
0	9	3	0	3	127.197
1	9	3	0	3	126.097
1	9	3	0	3	124.127
1	9	3	0	3	123.917
2	9	3	0	3	125.727
3	9	3	0	3	123.127
3	9	3	0	3	121.657
0	9	3	2	3	116.066
0	9	3	2	3	117.386
0	9	3	2	3	120.716
0	9	3	2	3	123.416
0	9	3	2	3	129.776
0	9	3	2	3	137.026
0	9	3	2	3	137.076
0	9	3	2	3	128.416
0	9	3	2	3	126.446
0	9	3	2	3	122.216
0	9	3	2	3	121.256
1	9	3	2	3	121.306
1	9	3	2	3	120.856
1	9	3	2	3	119.646
2	9	3	2	3	118.816
0	0	4	0	0	124.155
0	0	4	0	0	126.805
0	0	4	0	0	128.825
0	0	4	0	0	130.335
0	0	4	0	0	131.725
0	0	4	0	0	132.095
1	0	4	0	0	132.595
1	0	4	0	0	131.955
1	0	4	0	0	130.935
2	0	4	0	0	130.795
3	0	4	0	0	129.395
3	0	4	0	0	125.465
4	0	4	0	0	123.305
5	0	4	0	0	119.375
0	0	4	1	0	126.17
0	0	4	1	0	127.92
0	0	4	1	0	129.8
0	0	4	1	0	131.43
0	0	4	1	0	132.05
0	0	4	1	0	132.54
1	0	4	1	0	133.04
1	0	4	1	0	131.78
1	0	4	1	0	129.5
2	0	4	1	0	128.36
3	0	4	1	0	127.73
3	0	4	1	0	124.45
4	0	4	1	0	121.93
5	0	4	1	0	119.91
0	0	4	2	0	125.401
0	0	4	2	0	128.401
0	0	4	2	0	130.781
0	0	4	2	0	132.271
0	0	4	2	0	133.261
0	0	4	2	0	133.251
1	0	4	2	0	132.611
1	0	4	2	0	130.961
1	0	4	2	0	127.801
2	0	4	2	0	126.021
3	0	4	2	0	125.631
3	0	4	2	0	122.341
4	0	4	2	0	119.561
0	0	4	3	0	126.413
0	0	4	3	0	129.053
0	0	4	3	0	131.313
0	0	4	3	0	133.063
0	0	4	3	0	133.553
0	0	4	3	0	133.153
1	0	4	3	0	132.003
1	0	4	3	0	129.973
1	0	4	3	0	126.933
2	0	4	3	0	124.393
3	0	4	3	0	124.253
3	0	4	3	0	120.193
4	0	4	3	0	115.893
0	1	4	0	0	131.074
0	1	4	0	0	131.434
0	1	4	0	0	132.304
0	1	4	0	0	133.664
0	1	4	0	0	134.034
1	1	4	0	0	133.894
1	1	4	0	0	132.114
1	1	4	0	0	128.704
2	1	4	0	0	127.054
3	1	4	0	0	124.904
3	1	4	0	0	121.234
4	1	4	0	0	116.694
0	1	4	1	0	126.599
0	1	4	1	0	129.119
0	1	4	1	0	131.129
0	1	4	1	0	132.769
0	1	4	1	0	133.649
0	1	4	1	0	133.649
1	1	4	1	0	132.889
1	1	4	1	0	130.629
1	1	4	1	0	127.229
2	1	4	1	0	124.839
3	1	4	1	0	123.839
3	1	4	1	0	120.569
4	1	4	1	0	115.659
0	1	4	2	0	127.251
0	1	4	2	0	129.991
0	1	4	2	0	131.971
0	1	4	2	0	133.211
0	1	4	2	0	133.071
0	1	4	2	0	132.301
1	1	4	2	0	130.791
1	1	4	2	0	128.401
1	1	4	2	0	124.881
2	1	4	2	0	122.371
3	1	4	2	0	120.851
3	1	4	2	0	118.091
4	1	4	2	0	115.321
0	1	4	3	0	128.952
0	1	4	3	0	131.362
0	1	4	3	0	133.012
0	1	4	3	0	134.022
0	1	4	3	0	133.402
0	1	4	3	0	131.642
1	1	4	3	0	130.392
1	1	4	3	0	128.252
1	1	4	3	0	124.852
2	1	4	3	0	122.082
3	1	4	3	0	120.702
3	1	4	3	0	117.432
0	3	4	0	0	131.448
0	3	4	0	0	134.478
0	3	4	0	0	136.758
0	3	4	0	0	137.658
0	3	4	0	0	136.678
0	3	4	0	0	134.568
1	3	4	0	0	131.458
1	3	4	0	0	124.458
0	3	4	1	0	129.343
0	3	4	1	0	133.023
0	3	4	1	0	135.953
0	3	4	1	0	137.233
0	3	4	1	0	136.883
0	3	4	1	0	133.653
0	3	4	1	0	129.653
1	3	4	1	0	124.273
0	3	4	2	0	128.295
0	3	4	2	0	130.955
0	3	4	2	0	133.355
0	3	4	2	0	134.625
0	3	4	2	0	134.515
0	3	4	2	0	132.395
0	3	4	2	0	127.375
0	3	4	2	0	122.235
0	3	4	3	0	126.266
0	3	4	3	0	128.296
0	3	4	3	0	130.206
0	3	4	3	0	132.116
0	3	4	3	0	132.886
0	3	4	3	0	131.636
0	3	4	3	0	129.256
0	3	4	3	0	124.346
0	3	4	3	0	120.446
0	4	4	0	1	133.503
0	4	4	0	1	134.533
0	4	4	0	1	136.583
0	4	4	0	1	138.123
0	4	4	0	1	138.523
0	4	4	0	1	138.423
0	4	4	0	1	137.813
0	4	4	0	1	135.433
0	4	4	0	1	132.793
0	4	4	0	1	128.763
0	4	4	0	1	124.233
1	4	4	0	1	123.623
1	4	4	0	1	123.263
1	4	4	0	1	120.243
2	4	4	0	1	116.723
3	4	4	0	1	117.253
0	4	4	2	2	133.42
0	4	4	2	2	134.34
0	4	4	2	2	135.38
0	4	4	2	2	135.54
0	4	4	2	2	133.79
0	4	4	2	2	131.92
0	4	4	2	2	130.94
0	4	4	2	2	129.58
0	4	4	2	2	127.71
0	4	4	2	2	123.82
0	4	4	2	2	119.04
1	4	4	2	2	119.19
1	4	4	2	2	119.35
1	4	4	2	2	116.22
2	4	4	2	2	113.08
3	4	4	2	2	113.11
0	5	4	0	7	130.588
0	5	4	0	7	131.568
0	5	4	0	7	137.068
0	5	4	0	7	139.428
0	5	4	0	7	140.158
0	5	4	0	7	135.368
0	5	4	0	7	127.318
0	5	4	0	7	127.928
0	5	4	0	7	126.648
0	5	4	0	7	124.748
0	5	4	0	7	122.218
1	5	4	0	7	121.318
1	5	4	0	7	120.798
1	5	4	0	7	118.018
2	5	4	0	7	116.108
3	5	4	0	7	113.958
0	5	4	1	8	132.304
0	5	4	1	8	133.294
0	5	4	1	8	135.674
0	5	4	1	8	136.414
0	5	4	1	8	133.774
0	5	4	1	8	124.244
0	5	4	1	8	125.114
0	5	4	1	8	125.484
0	5	4	1	8	124.214
0	5	4	1	8	121.824
0	5	4	1	8	118.564
1	5	4	1	8	117.054
1	5	4	1	8	116.914
1	5	4	1	8	114.404
2	5	4	1	8	112.014
3	5	4	1	8	110.124
0	5	4	2	8	128.545
0	5	4	2	8	129.675
0	5	4	2	8	129.415
0	5	4	2	8	128.265
0	5	4	2	8	122.205
0	5	4	2	8	121.315
0	5	4	2	8	122.315
0	5	4	2	8	122.435
0	5	4	2	8	121.165
0	5	4	2	8	117.875
0	5	4	2	8	114.085
1	5	4	2	8	113.315
1	5	4	2	8	113.055
1	5	4	2	8	110.905
2	5	4	2	8	108.625
3	5	4	2	8	107.985
0	5	4	3	9	124.987
0	5	4	3	9	125.857
0	5	4	3	9	124.717
0	5	4	3	9	123.207
0	5	4	3	9	118.667
0	5	4	3	9	119.287
0	5	4	3	9	120.037
0	5	4	3	9	119.777
0	5	4	3	9	118.767
0	5	4	3	9	114.477
0	5	4	3	9	110.447
1	5	4	3	9	110.317
1	5	4	3	9	110.307
1	5	4	3	9	108.407
2	5	4	3	9	107.147
3	5	4	3	9	107.267
0	8	4	0	9	130.898
0	8	4	0	9	132.158
0	8	4	0	9	133.808
0	8	4	0	9	134.058
0	8	4	0	9	130.638
0	8	4	0	9	122.288
0	8	4	0	9	124.188
0	8	4	0	9	124.438
0	8	4	0	9	123.178
0	8	4	0	9	121.528
0	8	4	0	9	119.888
1	8	4	0	9	118.998
1	8	4	0	9	116.468
1	8	4	0	9	113.298
0	8	4	2	6	123.514
0	8	4	2	6	124.644
0	8	4	2	6	122.754
0	8	4	2	6	120.484
0	8	4	2	6	115.304
0	8	4	2	6	118.084
0	8	4	2	6	118.964
0	8	4	2	6	119.224
0	8	4	2	6	118.214
0	8	4	2	6	114.554
0	8	4	2	6	110.894
1	8	4	2	6	110.264
1	8	4	2	6	109.254
1	8	4	2	6	106.604
2	8	4	2	6	106.224
3	8	4	2	6	104.204
