0	0	0	0	0	0	0	0	15.55
0	0	0	0	0	1	0	0	15.55
0	0	0	0	0	2	0	0	15.55
0	0	0	0	0	3	0	0	15.55
1	1	1	1	0	0	0	0	20.84
1	1	1	1	0	1	0	0	21.46
1	1	1	1	0	2	0	0	20.71
1	1	1	1	0	3	0	0	19.68
2	2	0	2	0	0	0	0	19.5
2	2	0	2	0	1	0	0	19.95
2	2	0	2	0	2	0	0	19.34
2	2	0	2	0	3	0	0	18.31
3	3	1	2	0	0	0	0	17.05
3	3	1	2	0	1	0	0	17.41
3	3	1	2	0	2	0	0	16.95
3	3	1	2	0	3	0	0	15.98
4	4	2	2	0	0	0	0	28.52
4	4	2	2	0	1	0	0	29.9
4	4	2	2	0	2	0	0	29.63
4	4	2	2	0	3	0	0	28.75
5	4	3	1	0	0	0	0	24.77
5	4	3	1	0	1	0	0	23.93
5	4	3	1	0	2	0	0	24.77
5	4	3	1	0	3	0	0	23.93
5	5	4	3	1	0	0	0	6.07
5	5	4	3	1	1	0	0	6.05
5	5	4	3	1	2	0	0	6.01
5	5	4	3	1	3	0	0	6.04
6	6	5	3	1	0	0	0	6.37
6	6	5	3	1	1	0	0	6.4
6	6	5	3	1	2	0	0	6.37
6	6	5	3	1	3	0	0	6.4
7	7	0	3	1	0	0	0	6.85
7	7	0	3	1	1	0	0	6.79
7	7	0	3	1	2	0	0	6.77
7	7	0	3	1	3	0	0	6.81
7	8	1	3	1	0	0	0	7.18
7	8	1	3	1	1	0	0	7.1
7	8	1	3	1	2	0	0	7.1
7	8	1	3	1	3	0	0	7.1
8	9	2	3	1	0	0	0	10.85
8	9	2	3	1	1	0	0	10.54
8	9	2	3	1	2	0	0	10.77
8	9	2	3	1	3	0	0	10.56
8	9	6	3	1	0	0	0	8.6
8	9	6	3	1	1	0	0	8.49
8	9	6	3	1	2	0	0	8.45
8	9	6	3	1	3	0	0	8.5
0	0	0	0	0	0	1	1	24.58
0	0	0	0	0	1	1	1	24.63
0	0	0	0	0	2	1	1	24.63
0	0	0	0	0	3	1	1	24.59
1	1	1	1	0	0	1	1	29.03
1	1	1	1	0	1	1	1	29.87
1	1	1	1	0	2	1	1	29.14
1	1	1	1	0	3	1	1	28.09
2	2	0	2	0	0	1	1	26.28
2	2	0	2	0	1	1	1	26.91
2	2	0	2	0	2	1	1	26.37
2	2	0	2	0	3	1	1	25.27
3	3	1	2	0	0	1	1	23.53
3	3	1	2	0	1	1	1	24.03
3	3	1	2	0	2	1	1	23.54
3	3	1	2	0	3	1	1	22.58
4	4	2	2	0	0	1	1	35.56
4	4	2	2	0	1	1	1	37.12
4	4	2	2	0	2	1	1	36.9
4	4	2	2	0	3	1	1	35.94
5	4	3	1	0	0	1	1	32.96
5	4	3	1	0	1	1	1	32.12
5	4	3	1	0	2	1	1	32.94
5	4	3	1	0	3	1	1	32.21
5	5	4	3	1	0	1	1	10.36
5	5	4	3	1	1	1	1	10.43
5	5	4	3	1	2	1	1	10.36
5	5	4	3	1	3	1	1	10.39
6	6	5	3	1	0	1	1	10.71
6	6	5	3	1	1	1	1	10.8
6	6	5	3	1	2	1	1	10.7
6	6	5	3	1	3	1	1	10.75
7	7	0	3	1	0	1	1	11.11
7	7	0	3	1	1	1	1	11.13
7	7	0	3	1	2	1	1	11.09
7	7	0	3	1	3	1	1	11.16
7	8	1	3	1	0	1	1	11.68
7	8	1	3	1	1	1	1	11.69
7	8	1	3	1	2	1	1	11.7
7	8	1	3	1	3	1	1	11.69
8	9	2	3	1	0	1	1	15.41
8	9	2	3	1	1	1	1	15.2
8	9	2	3	1	2	1	1	15.42
8	9	2	3	1	3	1	1	15.21
8	9	6	3	1	0	1	1	12.96
8	9	6	3	1	1	1	1	12.97
8	9	6	3	1	2	1	1	12.93
8	9	6	3	1	3	1	1	13.02
0	0	0	0	0	0	1	2	24.29
0	0	0	0	0	1	1	2	24.31
0	0	0	0	0	2	1	2	24.13
0	0	0	0	0	3	1	2	24.25
1	1	1	1	0	0	1	2	28.88
1	1	1	1	0	1	1	2	29.68
1	1	1	1	0	2	1	2	28.83
1	1	1	1	0	3	1	2	27.9
2	2	0	2	0	0	1	2	26.48
2	2	0	2	0	1	1	2	27.02
2	2	0	2	0	2	1	2	26.33
2	2	0	2	0	3	1	2	25.36
3	3	1	2	0	0	1	2	23.75
3	3	1	2	0	1	1	2	24.23
3	3	1	2	0	2	1	2	23.67
3	3	1	2	0	3	1	2	22.79
4	4	2	2	0	0	1	2	35.65
4	4	2	2	0	1	1	2	37.26
4	4	2	2	0	2	1	2	36.97
4	4	2	2	0	3	1	2	36.03
5	4	3	1	0	0	1	2	33.16
5	4	3	1	0	1	1	2	32.4
5	4	3	1	0	2	1	2	33.12
5	4	3	1	0	3	1	2	32.41
5	5	4	3	1	0	1	2	10.42
5	5	4	3	1	1	1	2	10.46
5	5	4	3	1	2	1	2	10.32
5	5	4	3	1	3	1	2	10.45
6	6	5	3	1	0	1	2	10.64
6	6	5	3	1	1	1	2	10.72
6	6	5	3	1	2	1	2	10.55
6	6	5	3	1	3	1	2	10.68
7	7	0	3	1	0	1	2	11.45
7	7	0	3	1	1	1	2	11.46
7	7	0	3	1	2	1	2	11.32
7	7	0	3	1	3	1	2	11.49
7	8	1	3	1	0	1	2	11.45
7	8	1	3	1	1	1	2	11.42
7	8	1	3	1	2	1	2	11.33
7	8	1	3	1	3	1	2	11.43
8	9	2	3	1	0	1	2	15.41
8	9	2	3	1	1	1	2	15.18
8	9	2	3	1	2	1	2	15.34
8	9	2	3	1	3	1	2	15.19
8	9	6	3	1	0	1	2	12.88
8	9	6	3	1	1	1	2	13
8	9	6	3	1	2	1	2	12.97
8	9	6	3	1	3	1	2	13.04
0	0	0	0	0	0	1	3	24.28
0	0	0	0	0	1	1	3	24.4
0	0	0	0	0	2	1	3	24.11
0	0	0	0	0	3	1	3	24.35
1	1	1	1	0	0	1	3	28.07
1	1	1	1	0	1	1	3	29.01
1	1	1	1	0	2	1	3	29.62
1	1	1	1	0	3	1	3	29.05
2	2	0	2	0	0	1	3	25.41
2	2	0	2	0	1	1	3	26.47
2	2	0	2	0	2	1	3	26.89
2	2	0	2	0	3	1	3	26.46
3	3	1	2	0	0	1	3	22.93
3	3	1	2	0	1	1	3	23.84
3	3	1	2	0	2	1	3	24.17
3	3	1	2	0	3	1	3	23.87
4	4	2	2	0	0	1	3	35.78
4	4	2	2	0	1	1	3	35.48
4	4	2	2	0	2	1	3	36.97
4	4	2	2	0	3	1	3	36.7
5	4	3	1	0	0	1	3	32.52
5	4	3	1	0	1	1	3	33.28
5	4	3	1	0	2	1	3	32.33
5	4	3	1	0	3	1	3	33.24
5	5	4	3	1	0	1	3	10.39
5	5	4	3	1	1	1	3	10.34
5	5	4	3	1	2	1	3	10.35
5	5	4	3	1	3	1	3	10.38
6	6	5	3	1	0	1	3	10.77
6	6	5	3	1	1	1	3	10.68
6	6	5	3	1	2	1	3	10.68
6	6	5	3	1	3	1	3	10.7
7	7	0	3	1	0	1	3	11.22
7	7	0	3	1	1	1	3	11.16
7	7	0	3	1	2	1	3	11.1
7	7	0	3	1	3	1	3	11.14
7	8	1	3	1	0	1	3	11.59
7	8	1	3	1	1	1	3	11.6
7	8	1	3	1	2	1	3	11.53
7	8	1	3	1	3	1	3	11.61
8	9	2	3	1	0	1	3	15.16
8	9	2	3	1	1	1	3	15.36
8	9	2	3	1	2	1	3	15.12
8	9	2	3	1	3	1	3	15.36
8	9	6	3	1	0	1	3	12.68
8	9	6	3	1	1	1	3	12.63
8	9	6	3	1	2	1	3	12.71
8	9	6	3	1	3	1	3	12.73
0	0	0	0	0	0	1	4	24.38
0	0	0	0	0	1	1	4	24.23
0	0	0	0	0	2	1	4	24.04
0	0	0	0	0	3	1	4	24.32
1	1	1	1	0	0	1	4	29.06
1	1	1	1	0	1	1	4	28.05
1	1	1	1	0	2	1	4	28.86
1	1	1	1	0	3	1	4	29.79
2	2	0	2	0	0	1	4	26.44
2	2	0	2	0	1	1	4	25.37
2	2	0	2	0	2	1	4	26.33
2	2	0	2	0	3	1	4	27.03
3	3	1	2	0	0	1	4	23.8
3	3	1	2	0	1	1	4	22.8
3	3	1	2	0	2	1	4	23.59
3	3	1	2	0	3	1	4	24.24
4	4	2	2	0	0	1	4	36.86
4	4	2	2	0	1	1	4	35.89
4	4	2	2	0	2	1	4	35.45
4	4	2	2	0	3	1	4	37.1
5	4	3	1	0	0	1	4	33.08
5	4	3	1	0	1	1	4	32.38
5	4	3	1	0	2	1	4	33.09
5	4	3	1	0	3	1	4	32.31
5	5	4	3	1	0	1	4	10.08
5	5	4	3	1	1	1	4	10.15
5	5	4	3	1	2	1	4	10.07
5	5	4	3	1	3	1	4	10.14
6	6	5	3	1	0	1	4	10.66
6	6	5	3	1	1	1	4	10.68
6	6	5	3	1	2	1	4	10.53
6	6	5	3	1	3	1	4	10.72
7	7	0	3	1	0	1	4	11.18
7	7	0	3	1	1	1	4	11.22
7	7	0	3	1	2	1	4	11.07
7	7	0	3	1	3	1	4	11.2
7	8	1	3	1	0	1	4	11.44
7	8	1	3	1	1	1	4	11.42
7	8	1	3	1	2	1	4	11.33
7	8	1	3	1	3	1	4	11.43
8	9	2	3	1	0	1	4	15.4
8	9	2	3	1	1	1	4	15.19
8	9	2	3	1	2	1	4	15.32
8	9	2	3	1	3	1	4	15.16
8	9	6	3	1	0	1	4	12.85
8	9	6	3	1	1	1	4	13.04
8	9	6	3	1	2	1	4	13
8	9	6	3	1	3	1	4	13
0	0	0	0	0	0	1	5	24.35
0	0	0	0	0	1	1	5	24.33
0	0	0	0	0	2	1	5	24.03
0	0	0	0	0	3	1	5	24.26
1	1	1	1	0	0	1	5	29.83
1	1	1	1	0	1	1	5	29.08
1	1	1	1	0	2	1	5	28.03
1	1	1	1	0	3	1	5	29.02
2	2	0	2	0	0	1	5	27.03
2	2	0	2	0	1	1	5	26.45
2	2	0	2	0	2	1	5	25.36
2	2	0	2	0	3	1	5	26.45
3	3	1	2	0	0	1	5	24.37
3	3	1	2	0	1	1	5	23.89
3	3	1	2	0	2	1	5	22.89
3	3	1	2	0	3	1	5	23.86
4	4	2	2	0	0	1	5	37.03
4	4	2	2	0	1	1	5	36.71
4	4	2	2	0	2	1	5	36.77
4	4	2	2	0	3	1	5	35.48
5	4	3	1	0	0	1	5	32.31
5	4	3	1	0	1	1	5	33.21
5	4	3	1	0	2	1	5	32.46
5	4	3	1	0	3	1	5	33.27
5	5	4	3	1	0	1	5	10.47
5	5	4	3	1	1	1	5	10.37
5	5	4	3	1	2	1	5	10.34
5	5	4	3	1	3	1	5	10.39
6	6	5	3	1	0	1	5	10.78
6	6	5	3	1	1	1	5	10.7
6	6	5	3	1	2	1	5	10.67
6	6	5	3	1	3	1	5	13.69
7	7	0	3	1	0	1	5	11.21
7	7	0	3	1	1	1	5	11.14
7	7	0	3	1	2	1	5	11.11
7	7	0	3	1	3	1	5	11.16
7	8	1	3	1	0	1	5	11.38
7	8	1	3	1	1	1	5	11.34
7	8	1	3	1	2	1	5	11.22
7	8	1	3	1	3	1	5	11.34
8	9	2	3	1	0	1	5	15.16
8	9	2	3	1	1	1	5	15.37
8	9	2	3	1	2	1	5	15.12
8	9	2	3	1	3	1	5	15.36
8	9	6	3	1	0	1	5	12.59
8	9	6	3	1	1	1	5	12.74
8	9	6	3	1	2	1	5	12.8
8	9	6	3	1	3	1	5	12.62
0	0	0	0	0	0	2	1	28.15
0	0	0	0	0	1	2	1	28.15
0	0	0	0	0	2	2	1	28.37
0	0	0	0	0	3	2	1	28.41
1	1	1	1	0	0	2	1	32.68
1	1	1	1	0	1	2	1	33.48
1	1	1	1	0	2	2	1	32.84
1	1	1	1	0	3	2	1	32
2	2	0	2	0	0	2	1	29.54
2	2	0	2	0	1	2	1	30.05
2	2	0	2	0	2	2	1	29.6
2	2	0	2	0	3	2	1	28.66
3	3	1	2	0	0	2	1	26.84
3	3	1	2	0	1	2	1	27.27
3	3	1	2	0	2	2	1	26.97
3	3	1	2	0	3	2	1	26.19
4	4	2	2	0	0	2	1	38.67
4	4	2	2	0	1	2	1	40.03
4	4	2	2	0	2	2	1	39.86
4	4	2	2	0	3	2	1	39.04
5	4	3	1	0	0	2	1	36.96
5	4	3	1	0	1	2	1	36.13
5	4	3	1	0	2	2	1	36.91
5	4	3	1	0	3	2	1	36.43
5	5	4	3	1	0	2	1	12.43
5	5	4	3	1	1	2	1	12.5
5	5	4	3	1	2	2	1	12.41
5	5	4	3	1	3	2	1	12.45
6	6	5	3	1	0	2	1	12.57
6	6	5	3	1	1	2	1	12.65
6	6	5	3	1	2	2	1	12.57
6	6	5	3	1	3	2	1	12.63
7	7	0	3	1	0	2	1	12.78
7	7	0	3	1	1	2	1	12.93
7	7	0	3	1	2	2	1	12.73
7	7	0	3	1	3	2	1	12.72
7	8	1	3	1	0	2	1	13.17
7	8	1	3	1	1	2	1	13.18
7	8	1	3	1	2	2	1	13.17
7	8	1	3	1	3	2	1	13.18
8	9	2	3	1	0	2	1	17.5
8	9	2	3	1	1	2	1	17.35
8	9	2	3	1	2	2	1	17.52
8	9	2	3	1	3	2	1	17.37
8	9	6	3	1	0	2	1	15.09
8	9	6	3	1	1	2	1	15.12
8	9	6	3	1	2	2	1	15.08
8	9	6	3	1	3	2	1	15.16
0	0	0	0	0	0	2	2	28.67
0	0	0	0	0	1	2	2	28.57
0	0	0	0	0	2	2	2	28.18
0	0	0	0	0	3	2	2	28.6
1	1	1	1	0	0	2	2	32.46
1	1	1	1	0	1	2	2	33.27
1	1	1	1	0	2	2	2	32.33
1	1	1	1	0	3	2	2	31.66
2	2	0	2	0	0	2	2	29.34
2	2	0	2	0	1	2	2	29.87
2	2	0	2	0	2	2	2	29.27
2	2	0	2	0	3	2	2	28.4
3	3	1	2	0	0	2	2	25.74
3	3	1	2	0	1	2	2	25.98
3	3	1	2	0	2	2	2	25.38
3	3	1	2	0	3	2	2	24.94
4	4	2	2	0	0	2	2	38.57
4	4	2	2	0	1	2	2	40.19
4	4	2	2	0	2	2	2	39.97
4	4	2	2	0	3	2	2	38.98
5	4	3	1	0	0	2	2	36.95
5	4	3	1	0	1	2	2	36.28
5	4	3	1	0	2	2	2	36.86
5	4	3	1	0	3	2	2	36.45
5	5	4	3	1	0	2	2	12.35
5	5	4	3	1	1	2	2	12.45
5	5	4	3	1	2	2	2	12.16
5	5	4	3	1	3	2	2	12.3
6	6	5	3	1	0	2	2	12.33
6	6	5	3	1	1	2	2	12.29
6	6	5	3	1	2	2	2	12.2
6	6	5	3	1	3	2	2	12.49
7	7	0	3	1	0	2	2	12.85
7	7	0	3	1	1	2	2	12.87
7	7	0	3	1	2	2	2	12.73
7	7	0	3	1	3	2	2	12.95
7	8	1	3	1	0	2	2	13.05
7	8	1	3	1	1	2	2	12.93
7	8	1	3	1	2	2	2	12.77
7	8	1	3	1	3	2	2	13
8	9	2	3	1	0	2	2	17.14
8	9	2	3	1	1	2	2	16.84
8	9	2	3	1	2	2	2	17.02
8	9	2	3	1	3	2	2	17.11
8	9	6	3	1	0	2	2	14.34
8	9	6	3	1	1	2	2	14.66
8	9	6	3	1	2	2	2	14.6
8	9	6	3	1	3	2	2	14.6
0	0	0	0	0	0	2	3	28.67
0	0	0	0	0	1	2	3	28.56
0	0	0	0	0	2	2	3	28.17
0	0	0	0	0	3	2	3	28.63
1	1	1	1	0	0	2	3	31.63
1	1	1	1	0	1	2	3	32.4
1	1	1	1	0	2	2	3	32.68
1	1	1	1	0	3	2	3	32.29
2	2	0	2	0	0	2	3	28.4
2	2	0	2	0	1	2	3	29.4
2	2	0	2	0	2	2	3	29.43
2	2	0	2	0	3	2	3	29.07
3	3	1	2	0	0	2	3	24.7
3	3	1	2	0	1	2	3	25.48
3	3	1	2	0	2	2	3	25.37
3	3	1	2	0	3	2	3	25.17
4	4	2	2	0	0	2	3	39.04
4	4	2	2	0	1	2	3	38.35
4	4	2	2	0	2	2	3	39.81
4	4	2	2	0	3	2	3	39.83
5	4	3	1	0	0	2	3	35.99
5	4	3	1	0	1	2	3	36.59
5	4	3	1	0	2	2	3	35.64
5	4	3	1	0	3	2	3	36.52
5	5	4	3	1	0	2	3	11.8
5	5	4	3	1	1	2	3	12.03
5	5	4	3	1	2	2	3	11.98
5	5	4	3	1	3	2	3	11.69
6	6	5	3	1	0	2	3	12.41
6	6	5	3	1	1	2	3	12.28
6	6	5	3	1	2	2	3	12.1
6	6	5	3	1	3	2	3	12.19
7	7	0	3	1	0	2	3	12.34
7	7	0	3	1	1	2	3	12.46
7	7	0	3	1	2	2	3	12.31
7	7	0	3	1	3	2	3	12.12
7	8	1	3	1	0	2	3	12.97
7	8	1	3	1	1	2	3	13.01
7	8	1	3	1	2	2	3	12.74
7	8	1	3	1	3	2	3	12.84
8	9	2	3	1	0	2	3	16.83
8	9	2	3	1	1	2	3	16.93
8	9	2	3	1	2	2	3	16.66
8	9	2	3	1	3	2	3	16.86
8	9	6	3	1	0	2	3	13.91
8	9	6	3	1	1	2	3	14.34
8	9	6	3	1	2	2	3	13.95
8	9	6	3	1	3	2	3	13.99
0	0	0	0	0	0	2	4	28.7
0	0	0	0	0	1	2	4	28.55
0	0	0	0	0	2	2	4	28.15
0	0	0	0	0	3	2	4	28.62
1	1	1	1	0	0	2	4	32.67
1	1	1	1	0	1	2	4	31.69
1	1	1	1	0	2	2	4	32.07
1	1	1	1	0	3	2	4	33.28
2	2	0	2	0	0	2	4	29.47
2	2	0	2	0	1	2	4	28.42
2	2	0	2	0	2	2	4	29.08
2	2	0	2	0	3	2	4	29.88
3	3	1	2	0	0	2	4	25.66
3	3	1	2	0	1	2	4	24.96
3	3	1	2	0	2	2	4	25.43
3	3	1	2	0	3	2	4	26
4	4	2	2	0	0	2	4	40
4	4	2	2	0	1	2	4	38.84
4	4	2	2	0	2	2	4	38.33
4	4	2	2	0	3	2	4	40.12
5	4	3	1	0	0	2	4	36.95
5	4	3	1	0	1	2	4	36.45
5	4	3	1	0	2	2	4	36.81
5	4	3	1	0	3	2	4	36.26
5	5	4	3	1	0	2	4	12.32
5	5	4	3	1	1	2	4	12.3
5	5	4	3	1	2	2	4	12.18
5	5	4	3	1	3	2	4	12.43
6	6	5	3	1	0	2	4	12.36
6	6	5	3	1	1	2	4	12.49
6	6	5	3	1	2	2	4	12.17
6	6	5	3	1	3	2	4	12.28
7	7	0	3	1	0	2	4	12.91
7	7	0	3	1	1	2	4	12.95
7	7	0	3	1	2	2	4	12.67
7	7	0	3	1	3	2	4	12.86
7	8	1	3	1	0	2	4	12.95
7	8	1	3	1	1	2	4	13
7	8	1	3	1	2	2	4	12.86
7	8	1	3	1	3	2	4	12.92
8	9	2	3	1	0	2	4	16.99
8	9	2	3	1	1	2	4	16.69
8	9	2	3	1	2	2	4	16.56
8	9	2	3	1	3	2	4	16.62
8	9	6	3	1	0	2	4	14.33
8	9	6	3	1	1	2	4	14.61
8	9	6	3	1	2	2	4	14.61
8	9	6	3	1	3	2	4	14.65
0	0	0	0	0	0	2	5	28.69
0	0	0	0	0	1	2	5	28.58
0	0	0	0	0	2	2	5	28.15
0	0	0	0	0	3	2	5	28.61
1	1	1	1	0	0	2	5	33.13
1	1	1	1	0	1	2	5	32.31
1	1	1	1	0	2	2	5	31.53
1	1	1	1	0	3	2	5	32.46
2	2	0	2	0	0	2	5	29.71
2	2	0	2	0	1	2	5	29.09
2	2	0	2	0	2	2	5	28.31
2	2	0	2	0	3	2	5	29.39
3	3	1	2	0	0	2	5	25.7
3	3	1	2	0	1	2	5	25.17
3	3	1	2	0	2	2	5	24.6
3	3	1	2	0	3	2	5	25.49
4	4	2	2	0	0	2	5	39.89
4	4	2	2	0	1	2	5	39.83
4	4	2	2	0	2	2	5	39.01
4	4	2	2	0	3	2	5	38.65
5	4	3	1	0	0	2	5	35.69
5	4	3	1	0	1	2	5	36.64
5	4	3	1	0	2	2	5	36.06
5	4	3	1	0	3	2	5	36.7
5	5	4	3	1	0	2	5	12.12
5	5	4	3	1	1	2	5	11.67
5	5	4	3	1	2	2	5	11.64
5	5	4	3	1	3	2	5	12.02
6	6	5	3	1	0	2	5	12.27
6	6	5	3	1	1	2	5	12.19
6	6	5	3	1	2	2	5	12.25
6	6	5	3	1	3	2	5	12.27
7	7	0	3	1	0	2	5	12.47
7	7	0	3	1	1	2	5	12.12
7	7	0	3	1	2	2	5	12.18
7	7	0	3	1	3	2	5	12.47
7	8	1	3	1	0	2	5	12.93
7	8	1	3	1	1	2	5	12.82
7	8	1	3	1	2	2	5	12.78
7	8	1	3	1	3	2	5	13.02
8	9	2	3	1	0	2	5	16.73
8	9	2	3	1	1	2	5	16.86
8	9	2	3	1	2	2	5	16.76
8	9	2	3	1	3	2	5	16.92
8	9	6	3	1	0	2	5	13.68
8	9	6	3	1	1	2	5	13.99
8	9	6	3	1	2	2	5	14.16
8	9	6	3	1	3	2	5	13.86
0	0	0	0	0	0	3	1	32.26
0	0	0	0	0	1	3	1	32.26
0	0	0	0	0	2	3	1	32.49
0	0	0	0	0	3	3	1	32.53
1	1	1	1	0	0	3	1	36.47
1	1	1	1	0	1	3	1	37.24
1	1	1	1	0	2	3	1	36.66
1	1	1	1	0	3	3	1	35.96
2	2	0	2	0	0	3	1	31.89
2	2	0	2	0	1	3	1	32.39
2	2	0	2	0	2	3	1	32.09
2	2	0	2	0	3	3	1	31.29
3	3	1	2	0	0	3	1	29.22
3	3	1	2	0	1	3	1	29.91
3	3	1	2	0	2	3	1	29.53
3	3	1	2	0	3	3	1	28.65
4	4	2	2	0	0	3	1	41.4
4	4	2	2	0	1	3	1	42.62
4	4	2	2	0	2	3	1	42.5
4	4	2	2	0	3	3	1	41.67
5	4	3	1	0	0	3	1	40.78
5	4	3	1	0	1	3	1	39.97
5	4	3	1	0	2	3	1	40.71
5	4	3	1	0	3	3	1	40.43
5	5	4	3	1	0	3	1	14.52
5	5	4	3	1	1	3	1	14.61
5	5	4	3	1	2	3	1	14.5
5	5	4	3	1	3	3	1	14.55
6	6	5	3	1	0	3	1	14.51
6	6	5	3	1	1	3	1	14.6
6	6	5	3	1	2	3	1	14.5
6	6	5	3	1	3	3	1	14.58
7	7	0	3	1	0	3	1	14.51
7	7	0	3	1	1	3	1	14.7
7	7	0	3	1	2	3	1	14.42
7	7	0	3	1	3	3	1	14.42
7	8	1	3	1	0	3	1	15.23
7	8	1	3	1	1	3	1	15.23
7	8	1	3	1	2	3	1	15.23
7	8	1	3	1	3	3	1	15.23
8	9	2	3	1	0	3	1	19.52
8	9	2	3	1	1	3	1	19.36
8	9	2	3	1	2	3	1	19.48
8	9	2	3	1	3	3	1	19.42
8	9	6	3	1	0	3	1	15.09
8	9	6	3	1	1	3	1	17.17
8	9	6	3	1	2	3	1	17.14
8	9	6	3	1	3	3	1	17.14
0	0	0	0	0	0	3	2	32.82
0	0	0	0	0	1	3	2	32.71
0	0	0	0	0	2	3	2	32.24
0	0	0	0	0	3	3	2	32.72
1	1	1	1	0	0	3	2	35.84
1	1	1	1	0	1	3	2	36.57
1	1	1	1	0	2	3	2	36.06
1	1	1	1	0	3	3	2	35.69
2	2	0	2	0	0	3	2	32.48
2	2	0	2	0	1	3	2	32.74
2	2	0	2	0	2	3	2	32.13
2	2	0	2	0	3	3	2	31.64
3	3	1	2	0	0	3	2	28.95
3	3	1	2	0	1	3	2	29.49
3	3	1	2	0	2	3	2	28.64
3	3	1	2	0	3	3	2	28.01
4	4	2	2	0	0	3	2	41.64
4	4	2	2	0	1	3	2	43.1
4	4	2	2	0	2	3	2	42.74
4	4	2	2	0	3	3	2	41.92
5	4	3	1	0	0	3	2	40.78
5	4	3	1	0	1	3	2	40.15
5	4	3	1	0	2	3	2	40.57
5	4	3	1	0	3	3	2	40.42
5	5	4	3	1	0	3	2	14.54
5	5	4	3	1	1	3	2	14.45
5	5	4	3	1	2	3	2	14.18
5	5	4	3	1	3	3	2	14.5
6	6	5	3	1	0	3	2	14.7
6	6	5	3	1	1	3	2	14.66
6	6	5	3	1	2	3	2	14.4
6	6	5	3	1	3	3	2	14.71
7	7	0	3	1	0	3	2	14.75
7	7	0	3	1	1	3	2	14.71
7	7	0	3	1	2	3	2	14.33
7	7	0	3	1	3	3	2	14.62
7	8	1	3	1	0	3	2	15.34
7	8	1	3	1	1	3	2	15.29
7	8	1	3	1	2	3	2	15.09
7	8	1	3	1	3	3	2	15.3
8	9	2	3	1	0	3	2	19.2
8	9	2	3	1	1	3	2	18.88
8	9	2	3	1	2	3	2	18.9
8	9	2	3	1	3	3	2	19.12
8	9	6	3	1	0	3	2	16.76
8	9	6	3	1	1	3	2	17.23
8	9	6	3	1	2	3	2	17.26
8	9	6	3	1	3	3	2	17.15
0	0	0	0	0	0	3	3	32.82
0	0	0	0	0	1	3	3	32.69
0	0	0	0	0	2	3	3	32.23
0	0	0	0	0	3	3	3	32.75
1	1	1	1	0	0	3	3	34.24
1	1	1	1	0	1	3	3	34.95
1	1	1	1	0	2	3	3	35.05
1	1	1	1	0	3	3	3	34.29
2	2	0	2	0	0	3	3	31.28
2	2	0	2	0	1	3	3	32.12
2	2	0	2	0	2	3	3	32.05
2	2	0	2	0	3	3	3	31.84
3	3	1	2	0	0	3	3	28.67
3	3	1	2	0	1	3	3	29.67
3	3	1	2	0	2	3	3	29.47
3	3	1	2	0	3	3	3	28.91
4	4	2	2	0	0	3	3	41.26
4	4	2	2	0	1	3	3	41.3
4	4	2	2	0	2	3	3	42.49
4	4	2	2	0	3	3	3	42.08
5	4	3	1	0	0	3	3	39.32
5	4	3	1	0	1	3	3	39.84
5	4	3	1	0	2	3	3	38.89
5	4	3	1	0	3	3	3	39.68
5	5	4	3	1	0	3	3	13.97
5	5	4	3	1	1	3	3	14.22
5	5	4	3	1	2	3	3	14.1
5	5	4	3	1	3	3	3	13.78
6	6	5	3	1	0	3	3	14.07
6	6	5	3	1	1	3	3	14.03
6	6	5	3	1	2	3	3	13.94
6	6	5	3	1	3	3	3	13.86
7	7	0	3	1	0	3	3	14.32
7	7	0	3	1	1	3	3	14.56
7	7	0	3	1	2	3	3	14.33
7	7	0	3	1	3	3	3	14.08
7	8	1	3	1	0	3	3	15.16
7	8	1	3	1	1	3	3	15.18
7	8	1	3	1	2	3	3	14.72
7	8	1	3	1	3	3	3	14.9
8	9	2	3	1	0	3	3	18.48
8	9	2	3	1	1	3	3	18.71
8	9	2	3	1	2	3	3	18.48
8	9	2	3	1	3	3	3	18.46
8	9	6	3	1	0	3	3	16.47
8	9	6	3	1	1	3	3	16.35
8	9	6	3	1	2	3	3	16.55
8	9	6	3	1	3	3	3	16.74
0	0	0	0	0	0	3	4	32.85
0	0	0	0	0	1	3	4	32.67
0	0	0	0	0	2	3	4	32.21
0	0	0	0	0	3	3	4	32.74
1	1	1	1	0	0	3	4	36.45
1	1	1	1	0	1	3	4	35.73
1	1	1	1	0	2	3	4	35.4
1	1	1	1	0	3	3	4	36.57
2	2	0	2	0	0	3	4	32.38
2	2	0	2	0	1	3	4	31.66
2	2	0	2	0	2	3	4	32.15
2	2	0	2	0	3	3	4	32.75
3	3	1	2	0	0	3	4	28.93
3	3	1	2	0	1	3	4	28.05
3	3	1	2	0	2	3	4	28.64
3	3	1	2	0	3	3	4	29.52
4	4	2	2	0	0	3	4	42.77
4	4	2	2	0	1	3	4	41.73
4	4	2	2	0	2	3	4	41.32
4	4	2	2	0	3	3	4	42.96
5	4	3	1	0	0	3	4	40.68
5	4	3	1	0	1	3	4	40.4
5	4	3	1	0	2	3	4	40.6
5	4	3	1	0	3	3	4	40.11
5	5	4	3	1	0	3	4	14.37
5	5	4	3	1	1	3	4	14.48
5	5	4	3	1	2	3	4	14.32
5	5	4	3	1	3	3	4	14.44
6	6	5	3	1	0	3	4	14.6
6	6	5	3	1	1	3	4	14.7
6	6	5	3	1	2	3	4	14.47
6	6	5	3	1	3	3	4	14.66
7	7	0	3	1	0	3	4	14.54
7	7	0	3	1	1	3	4	14.62
7	7	0	3	1	2	3	4	14.53
7	7	0	3	1	3	3	4	14.71
7	8	1	3	1	0	3	4	15.34
7	8	1	3	1	1	3	4	15.29
7	8	1	3	1	2	3	4	15.09
7	8	1	3	1	3	3	4	15.3
8	9	2	3	1	0	3	4	19.06
8	9	2	3	1	1	3	4	19.13
8	9	2	3	1	2	3	4	19
8	9	2	3	1	3	3	4	18.84
8	9	6	3	1	0	3	4	16.44
8	9	6	3	1	1	3	4	16.9
8	9	6	3	1	2	3	4	16.94
8	9	6	3	1	3	3	4	16.77
0	0	0	0	0	0	3	5	32.84
0	0	0	0	0	1	3	5	32.72
0	0	0	0	0	2	3	5	32.21
0	0	0	0	0	3	3	5	32.73
1	1	1	1	0	0	3	5	35.67
1	1	1	1	0	1	3	5	35.01
1	1	1	1	0	2	3	5	34.72
1	1	1	1	0	3	3	5	35.24
2	2	0	2	0	0	3	5	32.31
2	2	0	2	0	1	3	5	31.81
2	2	0	2	0	2	3	5	31.12
2	2	0	2	0	3	3	5	32.06
3	3	1	2	0	0	3	5	30
3	3	1	2	0	1	3	5	29.5
3	3	1	2	0	2	3	5	29.06
3	3	1	2	0	3	3	5	29.92
4	4	2	2	0	0	3	5	42.11
4	4	2	2	0	1	3	5	41.96
4	4	2	2	0	2	3	5	41.09
4	4	2	2	0	3	3	5	40.79
5	4	3	1	0	0	3	5	38.82
5	4	3	1	0	1	3	5	39.72
5	4	3	1	0	2	3	5	39.31
5	4	3	1	0	3	3	5	39.86
5	5	4	3	1	0	3	5	14.41
5	5	4	3	1	1	3	5	14.19
5	5	4	3	1	2	3	5	14.17
5	5	4	3	1	3	3	5	14.39
6	6	5	3	1	0	3	5	12.43
6	6	5	3	1	1	3	5	12.63
6	6	5	3	1	2	3	5	12.76
6	6	5	3	1	3	3	5	12.42
7	7	0	3	1	0	3	5	14.12
7	7	0	3	1	1	3	5	14.28
7	7	0	3	1	2	3	5	14.37
7	7	0	3	1	3	3	5	14.21
7	8	1	3	1	0	3	5	14.96
7	8	1	3	1	1	3	5	14.92
7	8	1	3	1	2	3	5	14.92
7	8	1	3	1	3	3	5	15.16
8	9	2	3	1	0	3	5	17.69
8	9	2	3	1	1	3	5	18.19
8	9	2	3	1	2	3	5	18.16
8	9	2	3	1	3	3	5	17.88
8	9	6	3	1	0	3	5	16.54
8	9	6	3	1	1	3	5	16.44
8	9	6	3	1	2	3	5	16.48
8	9	6	3	1	3	3	5	16.64
