0	0	0	0	0	0	0	0	0	0	0	0	0	0	0.940725
0	0	1	0	1	0	1	0	1	0	0	0	0	1	0.8865
0	0	0	0	2	0	2	0	2	0	0	0	0	2	0.80057
0	0	0	0	2	0	2	0	2	0	0	0	0	2	0.80057
0	0	0	0	3	0	0	0	1	0	0	0	0	0	0.800382
0	0	0	0	4	0	0	0	0	0	0	0	0	0	0.800125
0	0	1	0	1	0	1	0	1	0	0	0	0	1	0.755167
0	0	0	0	5	0	0	0	0	0	0	0	0	0	0.753683
0	0	0	0	1	0	3	0	0	0	0	0	0	0	0.753098
0	0	0	0	1	0	0	0	0	0	0	0	0	0	0.750428
0	0	0	0	6	1	0	0	0	0	0	0	0	0	0.721127
0	0	0	0	7	0	3	0	0	0	0	0	0	3	0.712205
0	0	0	0	8	0	2	0	2	0	0	0	0	2	0.707046
0	0	1	0	7	2	1	0	1	0	0	0	0	1	0.705917
0	0	1	0	0	0	1	0	1	0	0	0	0	1	0.676667
0	0	1	0	9	0	1	0	1	0	0	0	0	4	0.593056
0	0	1	0	4	0	1	0	1	0	0	0	0	1	0.540729
0	0	0	0	9	2	0	0	0	0	0	0	0	0	0.52118
0	0	2	0	2	1	1	0	1	0	0	0	0	4	0.436326
1	0	1	1	9	0	1	0	0	0	0	0	0	5	0.988025
1	0	1	1	2	0	1	0	0	0	0	0	0	4	0.98788
1	0	1	1	6	0	1	0	1	0	0	0	0	1	0.956271
1	0	1	1	5	0	1	0	1	0	0	0	0	1	0.945278
1	0	1	1	1	0	1	0	1	0	0	0	0	1	0.902917
1	0	0	1	1	0	0	0	0	0	0	0	0	0	0.800725
1	0	0	1	5	0	0	0	0	0	0	0	0	0	0.800323
1	0	0	1	0	0	0	0	0	0	0	0	0	0	0.800319
1	0	0	1	2	0	0	0	0	0	0	0	0	0	0.800319
1	0	0	1	2	0	2	0	0	0	0	0	0	2	0.800237
1	0	0	1	8	0	2	0	0	0	0	0	0	2	0.800149
1	0	0	1	3	0	0	0	0	0	0	0	0	0	0.800125
1	0	0	1	4	0	0	0	0	0	0	0	0	0	0.800125
1	0	0	1	7	0	3	0	0	0	0	0	0	3	0.7873
1	0	1	1	1	0	1	0	1	0	0	0	0	1	0.782448
1	0	0	1	1	0	3	0	0	0	0	0	0	0	0.750243
1	0	1	1	7	1	1	0	1	0	0	0	0	1	0.701812
1	0	0	1	9	1	0	0	3	0	0	0	0	0	0.700134
1	0	0	1	6	1	0	0	0	0	0	0	0	0	0.699965
1	0	1	1	0	0	1	0	1	0	0	0	0	1	0.628333
1	0	1	1	4	0	1	0	1	0	0	0	0	1	0.625313
2	0	1	2	5	0	1	0	1	0	0	0	0	1	0.991389
2	0	1	2	6	0	1	0	1	0	0	0	0	1	0.931646
2	0	1	2	1	0	1	0	1	0	0	0	0	1	0.915229
2	0	0	2	3	0	2	0	0	0	0	0	0	2	0.879714
2	0	1	2	9	0	1	0	0	0	0	0	0	5	0.861679
2	0	0	2	6	0	0	0	0	0	0	0	0	0	0.850569
2	0	0	2	4	0	0	0	0	0	0	0	0	0	0.850436
2	0	0	2	0	0	0	0	0	0	0	0	0	0	0.850345
2	0	0	2	9	0	0	0	2	0	0	0	0	0	0.800598
2	0	0	2	1	0	0	0	0	0	0	0	0	0	0.800319
2	0	0	2	1	0	0	0	0	0	0	0	0	0	0.800238
2	0	0	2	2	0	2	0	0	0	0	0	0	2	0.80003
2	0	1	2	1	0	1	0	1	0	0	0	0	1	0.792104
2	0	1	2	7	1	1	0	2	0	0	0	0	4	0.759228
2	0	0	2	2	0	3	0	0	0	0	0	0	3	0.750348
2	0	0	2	5	0	3	0	0	0	0	0	0	0	0.750243
2	0	0	2	7	1	0	0	0	0	0	0	0	0	0.699965
2	0	1	2	0	0	1	0	1	0	0	0	0	1	0.682708
2	0	1	2	4	0	1	0	1	0	0	0	0	1	0.667604
2	0	0	2	8	1	4	0	0	0	0	0	0	0	0.603432
2	0	1	2	2	0	1	0	1	0	0	0	0	1	0.345833
3	0	1	3	1	0	1	0	1	0	0	0	0	1	0.961059
3	0	1	3	2	0	1	0	1	0	0	0	0	1	0.939514
3	0	1	3	9	0	1	0	2	0	0	0	0	4	0.893663
3	0	1	3	5	0	1	0	1	0	0	0	0	1	0.875391
3	0	0	3	6	0	0	0	0	0	0	0	0	0	0.850569
3	0	1	3	6	0	1	0	1	0	0	0	0	1	0.820833
3	0	1	3	1	0	1	0	1	0	0	0	0	1	0.804417
3	0	0	3	4	0	0	0	0	0	0	0	0	0	0.800684
3	0	0	3	0	0	0	0	0	0	0	0	0	0	0.800684
3	0	0	3	1	0	0	0	0	0	0	0	0	0	0.800319
3	0	0	3	2	0	3	0	2	0	0	0	0	0	0.800251
3	0	0	3	3	0	2	0	0	0	0	0	0	2	0.800246
3	0	0	3	2	0	2	0	0	0	0	0	0	2	0.800246
3	0	0	3	1	0	0	0	0	0	0	0	0	0	0.800077
3	0	0	3	9	0	0	0	0	0	0	0	0	0	0.800077
3	0	1	3	7	0	1	0	1	0	0	0	0	1	0.763375
3	0	1	3	8	2	1	0	1	0	0	0	0	1	0.759271
3	0	0	3	7	0	0	0	0	0	0	0	0	0	0.7504
3	0	0	3	5	0	3	0	0	0	0	0	0	0	0.750243
3	0	1	3	4	0	1	0	1	0	0	0	0	1	0.676667
3	0	1	3	0	0	1	0	1	0	0	0	0	1	0.664583
3	0	0	3	8	2	3	0	0	0	0	0	0	0	0.600029
4	0	1	4	9	0	1	0	2	0	0	0	0	4	0.966781
4	0	1	4	1	0	1	0	1	0	0	0	0	1	0.936496
4	0	1	4	5	0	1	0	1	0	0	0	0	1	0.899167
4	0	1	4	2	0	1	0	2	0	0	0	0	4	0.888687
4	0	1	4	6	0	1	0	1	0	0	0	0	1	0.858144
4	0	0	4	1	0	0	0	4	0	0	0	0	0	0.850502
4	0	0	4	6	0	0	0	4	0	0	0	0	0	0.850502
4	0	1	4	7	0	1	0	1	0	0	0	0	1	0.80964
4	0	1	4	1	0	1	0	1	0	0	0	0	1	0.805909
4	0	0	4	1	0	0	0	5	0	0	0	0	0	0.800594
4	0	0	4	9	0	0	0	5	0	0	0	0	0	0.800594
4	0	0	4	5	0	3	0	5	0	0	0	0	0	0.800274
4	0	0	4	2	0	2	0	0	0	0	0	0	2	0.800141
4	0	0	4	4	0	0	0	5	0	0	0	0	0	0.800129
4	0	0	4	0	0	0	0	5	0	0	0	0	0	0.800129
4	0	0	4	3	0	2	0	2	0	0	0	0	2	0.800077
4	0	0	4	7	0	0	0	4	0	0	0	0	0	0.750545
4	0	0	4	2	0	3	0	5	0	0	0	0	0	0.750058
4	0	1	4	0	0	1	0	1	0	0	0	0	1	0.681061
4	0	0	4	8	2	3	0	4	0	0	0	0	0	0.649983
4	0	1	4	4	0	1	0	1	0	0	0	0	1	0.61625
5	0	1	5	1	0	1	0	1	0	0	0	0	1	0.95142
5	0	1	5	6	0	1	0	1	0	0	0	0	1	0.88053
5	0	0	5	1	0	0	0	4	0	0	0	0	0	0.850502
5	0	0	5	6	0	0	0	4	0	0	0	0	0	0.850502
5	0	0	5	0	0	0	0	5	0	0	0	0	0	0.850137
5	0	1	5	5	0	1	0	2	0	0	0	0	4	0.83
5	0	1	5	9	0	1	0	2	0	0	0	0	4	0.827187
5	0	1	5	1	0	1	0	1	0	0	0	0	1	0.813371
5	0	1	5	7	0	1	0	1	0	0	0	0	1	0.805909
5	0	1	5	4	0	1	0	1	0	0	0	0	1	0.80464
5	0	0	5	1	0	0	0	5	0	0	0	0	0	0.800594
5	0	0	5	9	0	0	0	5	0	0	0	0	0	0.800594
5	0	0	5	3	0	2	0	0	0	0	0	0	2	0.800344
5	0	0	5	5	0	3	0	5	0	0	0	0	0	0.800274
5	0	0	5	2	0	2	0	0	0	0	0	0	2	0.800247
5	0	0	5	4	0	0	0	5	0	0	0	0	0	0.800129
5	0	0	5	7	0	0	0	4	0	0	0	0	0	0.8
5	0	0	5	8	1	3	0	5	0	0	0	0	0	0.700481
5	0	1	5	0	0	1	0	1	0	0	0	0	1	0.681061
5	0	1	5	3	0	1	0	1	0	0	0	0	1	0.666515
5	0	0	5	2	0	5	0	5	0	0	0	0	0	0.41212
5	0	1	5	8	1	1	0	1	0	0	0	0	1	0.330114
6	1	1	0	1	0	1	0	1	0	0	0	0	1	0.947689
6	1	1	0	9	0	1	0	4	0	0	0	0	5	0.919905
6	1	0	0	6	0	0	0	4	0	0	0	0	0	0.900216
6	1	1	0	6	0	1	0	1	0	0	0	0	1	0.891723
6	1	0	0	1	0	0	0	4	0	0	0	0	0	0.850502
6	1	0	0	9	0	0	0	4	0	0	0	0	0	0.850182
6	1	0	0	4	0	0	0	5	0	0	0	0	0	0.850137
6	1	0	0	0	0	0	0	5	0	0	0	0	0	0.850137
6	1	1	0	1	0	1	0	1	0	0	0	0	1	0.835758
6	1	1	0	8	1	1	0	2	0	0	0	0	1	0.821354
6	1	0	0	1	0	0	0	5	0	0	0	0	0	0.800497
6	1	0	0	5	0	3	0	5	0	0	0	0	0	0.800274
6	1	0	0	2	0	2	0	3	0	0	0	0	2	0.800107
6	1	0	0	3	0	2	0	3	0	0	0	0	2	0.800025
6	1	0	0	7	0	0	0	4	0	0	0	0	0	0.8
6	1	1	0	7	0	1	0	1	0	0	0	0	1	0.779792
6	1	1	0	0	0	1	0	1	0	0	0	0	1	0.735985
6	1	1	0	5	0	1	0	1	0	0	0	0	4	0.712626
6	1	1	0	4	0	1	0	1	0	0	0	0	1	0.681061
6	1	1	0	2	0	1	0	1	0	0	0	0	1	0.515606
6	1	0	0	2	3	2	0	6	0	0	0	0	3	0.349951
6	1	0	0	8	1	6	0	5	0	0	0	0	0	0.233705
7	1	1	1	1	0	1	0	1	0	0	0	0	1	0.985
7	1	1	1	5	0	1	0	2	0	0	0	0	4	0.93034
7	1	1	1	9	0	1	0	0	0	0	0	0	5	0.91159
7	1	1	1	6	0	1	0	1	0	0	0	0	1	0.858144
7	1	0	1	6	0	0	0	4	0	0	0	0	0	0.851174
7	1	0	1	4	0	0	0	5	0	0	0	0	0	0.850137
7	1	0	1	0	0	0	0	5	0	0	0	0	0	0.850137
7	1	1	1	7	0	1	0	1	0	0	0	0	1	0.846951
7	1	1	1	2	0	1	0	1	0	0	0	0	1	0.817424
7	1	1	1	1	0	1	0	1	0	0	0	0	1	0.817102
7	1	0	1	9	0	0	0	4	0	0	0	0	0	0.801028
7	1	0	1	1	0	0	0	5	0	0	0	0	0	0.800594
7	1	0	1	2	0	2	0	2	0	0	0	0	2	0.800346
7	1	0	1	3	0	2	0	0	0	0	0	0	2	0.800344
7	1	0	1	1	0	0	0	4	0	0	0	0	0	0.800117
7	1	0	1	7	0	0	0	4	0	0	0	0	0	0.8
7	1	0	1	5	0	3	0	0	0	0	0	0	0	0.750098
7	1	0	1	2	4	2	0	5	0	0	0	0	3	0.673245
7	1	1	1	4	0	1	0	1	0	0	0	0	1	0.670076
7	1	1	1	0	0	1	0	1	0	0	0	0	1	0.628883
7	1	0	1	8	4	3	0	0	0	0	0	0	0	0.388008
7	1	1	1	8	4	1	0	1	0	0	0	0	1	0.337973
8	1	1	2	5	0	1	0	1	0	0	0	0	1	0.935322
8	1	1	2	9	0	1	0	2	0	0	0	0	5	0.925644
8	1	0	2	6	0	0	0	4	0	0	0	0	0	0.900216
8	1	1	2	1	0	1	0	1	0	0	0	0	1	0.873068
8	1	1	2	6	0	1	0	1	0	0	0	0	1	0.858144
8	1	0	2	1	0	0	0	4	0	0	0	0	0	0.850502
8	1	0	2	4	0	0	0	5	0	0	0	0	0	0.850137
8	1	0	2	0	0	0	0	5	0	0	0	0	0	0.850137
8	1	1	2	7	0	1	0	1	0	0	0	0	1	0.828295
8	1	1	2	1	0	1	0	1	0	0	0	0	1	0.820833
8	1	0	2	3	0	2	0	0	0	0	0	0	2	0.800344
8	1	0	2	2	0	2	0	0	0	0	0	0	2	0.800247
8	1	0	2	1	0	0	0	4	0	0	0	0	0	0.8
8	1	0	2	7	0	0	0	4	0	0	0	0	0	0.8
8	1	0	2	5	0	3	0	0	0	0	0	0	0	0.690183
8	1	1	2	2	0	1	0	1	0	0	0	0	1	0.668087
8	1	1	2	0	0	1	0	1	0	0	0	0	1	0.653598
8	1	1	2	8	4	1	0	1	0	0	0	0	1	0.609138
8	1	0	2	2	2	2	0	5	0	0	0	0	3	0.60023
8	1	1	2	3	0	1	0	1	0	0	0	0	1	0.597348
8	1	1	2	4	0	1	0	1	0	0	0	0	1	0.590436
8	1	0	2	9	0	7	0	4	0	0	0	0	0	0.473135
8	1	0	2	8	2	3	0	5	0	0	0	0	0	0.45298
9	1	1	3	1	0	1	0	1	0	0	0	0	1	0.955152
9	1	1	3	9	3	1	0	2	0	0	0	0	4	0.942214
9	1	1	3	5	0	1	0	1	0	0	0	0	1	0.905455
9	1	1	3	1	0	1	0	1	0	0	0	0	1	0.88053
9	1	1	3	6	0	1	0	1	0	0	0	0	1	0.858144
9	1	0	3	1	0	0	0	5	0	0	0	0	0	0.850522
9	1	0	3	6	0	0	0	4	0	0	0	0	0	0.850502
9	1	0	3	4	0	0	0	5	0	0	0	0	0	0.850137
9	1	0	3	0	0	0	0	5	0	0	0	0	0	0.850137
9	1	1	3	3	0	1	0	1	0	0	0	0	1	0.817424
9	1	1	3	8	2	1	0	1	0	0	0	0	1	0.809564
9	1	0	3	5	0	3	0	5	0	0	0	0	0	0.800274
9	1	0	3	3	0	2	0	0	0	0	0	0	2	0.800182
9	1	0	3	2	0	2	0	2	0	0	0	0	2	0.800077
9	1	0	3	1	0	0	0	4	0	0	0	0	0	0.8
9	1	1	3	0	0	1	0	1	0	0	0	0	1	0.725
9	1	0	3	7	0	7	0	0	0	0	0	0	0	0.688558
9	1	0	3	8	2	3	0	5	0	0	0	0	0	0.650041
9	1	0	3	2	2	2	0	5	0	0	0	0	3	0.649981
9	1	1	3	4	0	1	0	1	0	0	0	0	1	0.648106
9	1	1	3	2	0	1	0	1	0	0	0	0	1	0.640578
9	1	0	3	9	3	3	0	0	0	0	0	0	3	0.350633
9	1	1	3	7	0	1	0	1	0	0	0	0	1	0.24625
10	1	1	4	9	3	1	0	1	0	0	0	0	4	0.95202
10	1	1	4	1	0	1	0	1	0	0	0	0	1	0.95142
10	1	1	4	7	0	1	0	0	0	0	0	0	5	0.912767
10	1	1	4	5	0	1	0	1	0	0	0	0	1	0.901263
10	1	1	4	6	0	1	0	1	0	0	0	0	1	0.858144
10	1	0	4	1	0	0	0	4	0	0	0	0	0	0.850502
10	1	0	4	6	0	0	0	4	0	0	0	0	0	0.850502
10	1	0	4	0	0	0	0	5	0	0	0	0	0	0.850253
10	1	0	4	4	0	0	0	5	0	0	0	0	0	0.850137
10	1	1	4	8	2	1	0	1	0	0	0	0	1	0.821354
10	1	1	4	1	0	1	0	1	0	0	0	0	1	0.805909
10	1	0	4	3	0	2	0	0	0	0	0	0	2	0.800247
10	1	0	4	2	0	2	0	0	0	0	0	0	2	0.800247
10	1	0	4	1	0	0	0	4	0	0	0	0	0	0.8
10	1	0	4	5	0	6	0	5	0	0	0	0	0	0.705577
10	1	1	4	0	0	1	0	1	0	0	0	0	1	0.681061
10	1	1	4	4	0	1	0	1	0	0	0	0	1	0.670076
10	1	1	4	2	0	1	0	1	0	0	0	0	1	0.601278
10	1	0	4	2	1	0	0	5	0	0	0	0	3	0.582301
10	1	0	4	8	1	3	0	4	0	0	0	0	0	0.52681
10	1	0	4	9	4	3	0	5	0	0	0	0	0	0.500381
10	1	0	4	7	3	3	0	5	0	0	0	0	0	0.350206
11	1	1	5	2	0	1	0	1	0	0	0	0	1	0.934607
11	1	1	5	9	3	1	0	2	0	0	0	0	1	0.908081
11	1	0	5	4	0	0	0	5	0	0	0	0	0	0.900145
11	1	1	5	1	0	1	0	1	0	0	0	0	1	0.891723
11	1	1	5	8	2	1	0	1	0	0	0	0	4	0.864583
11	1	1	5	6	0	1	0	1	0	0	0	0	1	0.858144
11	1	0	5	6	0	0	0	4	0	0	0	0	0	0.850502
11	1	0	5	0	0	0	0	5	0	0	0	0	0	0.850137
11	1	1	5	4	0	1	0	1	0	0	0	0	1	0.837595
11	1	1	5	5	0	1	0	1	0	0	0	0	1	0.820833
11	1	0	5	2	0	2	0	2	0	0	0	0	2	0.800313
11	1	0	5	3	0	2	0	0	0	0	0	0	2	0.800247
11	1	0	5	1	0	0	0	4	0	0	0	0	0	0.800117
11	1	0	5	8	1	3	0	0	0	0	0	0	0	0.700096
11	1	1	5	0	0	1	0	1	0	0	0	0	1	0.66733
11	1	0	5	9	2	3	0	2	0	0	0	0	0	0.60037
11	1	0	5	7	4	3	0	2	0	0	0	0	0	0.49998
11	1	0	5	2	3	8	0	0	0	0	0	0	0	0.350031
11	1	1	5	7	0	1	0	1	0	0	0	0	1	0.332359
11	1	0	5	1	0	7	0	2	0	0	0	0	0	0.311207
11	1	1	5	1	0	1	0	1	0	0	0	0	1	0.247316
12	2	1	0	9	3	1	0	2	0	0	0	0	5	0.988636
12	2	1	0	7	0	1	0	2	0	0	0	0	4	0.95311
12	2	1	0	1	0	1	0	1	0	0	0	0	1	0.884261
12	2	1	0	8	2	1	0	1	0	0	0	0	1	0.860653
12	2	1	0	6	0	1	0	1	0	0	0	0	1	0.858144
12	2	0	0	1	0	0	0	4	0	0	0	0	0	0.850502
12	2	0	0	0	0	0	0	5	0	0	0	0	0	0.850416
12	2	0	0	4	0	0	0	5	0	0	0	0	0	0.850137
12	2	0	0	6	0	0	0	4	0	0	0	0	0	0.800117
12	2	0	0	3	0	2	0	2	0	0	0	0	2	0.800031
12	2	0	0	2	0	2	0	2	0	0	0	0	2	0.800031
12	2	0	0	8	1	3	0	4	0	0	0	0	0	0.70006
12	2	1	0	4	0	1	0	1	0	0	0	0	1	0.689299
12	2	0	0	5	4	3	0	5	0	0	0	0	0	0.660683
12	2	0	0	9	2	3	0	5	0	0	0	0	0	0.650131
12	2	1	0	0	0	1	0	1	0	0	0	0	1	0.606913
12	2	0	0	7	2	3	0	5	0	0	0	0	0	0.600292
12	2	0	0	2	4	8	0	5	0	0	0	0	0	0.500025
12	2	0	0	1	4	3	0	5	0	0	0	0	0	0.499999
13	2	1	1	8	2	1	0	2	0	0	0	0	4	0.987197
13	2	1	1	1	0	1	0	1	0	0	0	0	1	0.980909
13	2	1	1	7	0	1	0	1	0	0	0	0	1	0.974621
13	2	1	1	1	0	1	0	1	0	0	0	0	1	0.884261
13	2	1	1	6	0	1	0	1	0	0	0	0	1	0.826803
13	2	0	1	3	0	2	0	0	0	0	0	0	2	0.800344
13	2	0	1	2	0	2	0	0	0	0	0	0	2	0.800247
13	2	0	1	4	0	0	0	5	0	0	0	0	0	0.800129
13	2	0	1	0	0	0	0	5	0	0	0	0	0	0.800129
13	2	0	1	1	0	4	0	4	0	0	0	0	0	0.800117
13	2	0	1	6	0	0	0	4	0	0	0	0	0	0.800117
13	2	0	1	1	2	3	0	0	0	0	0	0	0	0.770114
13	2	0	1	9	1	3	0	5	0	0	0	0	0	0.700542
13	2	1	1	0	0	1	0	1	0	0	0	0	1	0.675568
13	2	1	1	4	0	1	0	1	0	0	0	0	1	0.661837
13	2	0	1	7	2	3	0	5	0	0	0	0	3	0.650199
13	2	0	1	5	2	3	0	5	0	0	0	0	0	0.600292
13	2	0	1	2	2	8	0	5	0	0	0	0	0	0.600273
13	2	1	1	3	0	1	0	1	0	0	0	0	1	0.465758
13	2	0	1	8	1	6	0	4	0	0	0	0	0	0.452013
13	2	1	1	2	0	1	0	1	0	0	0	0	1	0.313853
14	2	1	2	8	2	1	0	1	0	0	0	0	1	0.852794
14	2	1	2	2	2	1	0	1	0	0	0	0	4	0.838384
14	2	1	2	3	0	1	0	1	0	0	0	0	1	0.804848
14	2	0	2	3	0	2	0	0	0	0	0	0	2	0.800344
14	2	0	2	4	0	4	0	5	0	0	0	0	0	0.800129
14	2	0	2	0	0	0	0	5	0	0	0	0	0	0.800129
14	2	0	2	6	0	0	0	2	0	0	0	0	0	0.800015
14	2	0	2	9	1	3	0	5	0	0	0	0	0	0.700542
14	2	0	2	7	1	3	0	5	0	0	0	0	0	0.700094
14	2	1	2	4	0	1	0	1	0	0	0	0	1	0.692045
14	2	0	2	2	0	0	0	0	0	0	0	0	2	0.662256
14	2	0	2	5	2	3	0	5	0	0	0	0	0	0.650417
14	2	0	2	2	2	8	0	5	0	0	0	0	0	0.6503
14	2	0	2	1	2	3	0	5	0	0	0	0	0	0.650243
14	2	1	2	0	0	1	0	1	0	0	0	0	1	0.639867
14	2	0	2	8	2	3	0	4	0	0	0	0	0	0.600063
14	2	1	2	6	0	1	0	1	0	0	0	0	1	0.582045
14	2	0	2	1	0	4	0	5	0	0	0	0	0	0.403242
14	2	1	2	7	1	1	0	1	0	0	0	0	1	0.235795
15	2	1	3	9	1	1	0	2	0	0	0	0	5	0.977273
15	2	1	3	6	0	1	0	1	0	0	0	0	1	0.964106
15	2	1	3	8	2	1	0	1	0	0	0	0	1	0.958902
15	2	0	3	3	0	2	0	2	0	0	0	0	2	0.800359
15	2	0	3	0	0	0	0	2	0	0	0	0	0	0.800163
15	2	0	3	6	0	0	0	4	0	0	0	0	0	0.800117
15	2	1	3	2	0	1	0	1	0	0	0	0	1	0.793845
15	2	0	3	1	1	3	0	5	0	0	0	0	0	0.750518
15	2	0	3	9	1	3	0	5	0	0	0	0	0	0.750068
15	2	0	3	5	1	3	0	5	0	0	0	0	0	0.750063
15	2	0	3	7	1	3	0	5	0	0	0	0	0	0.750057
15	2	0	3	2	1	8	0	5	0	0	0	0	0	0.70017
15	2	1	3	0	0	1	0	1	0	0	0	0	1	0.683807
15	2	0	3	8	2	3	0	5	0	0	0	0	0	0.650066
15	2	0	3	4	0	4	0	5	0	0	0	0	0	0.57646
15	2	0	3	1	4	3	0	5	0	0	0	0	0	0.549969
15	2	1	3	7	1	1	0	1	0	0	0	0	1	0.5384
15	2	1	3	2	1	1	0	1	0	0	0	0	1	0.409545
15	2	0	3	2	3	8	0	0	0	0	0	0	2	0.350218
16	2	1	4	8	1	1	0	1	0	0	0	0	1	1.03357
16	2	0	4	3	0	2	0	0	0	0	0	0	2	0.800261
16	2	0	4	0	0	0	0	5	0	0	0	0	0	0.800129
16	2	0	4	6	0	0	0	4	0	0	0	0	0	0.800117
16	2	0	4	9	1	3	0	5	0	0	0	0	0	0.750068
16	2	0	4	7	1	3	0	5	0	0	0	0	0	0.750057
16	2	0	4	5	1	3	0	5	0	0	0	0	0	0.750038
16	2	0	4	1	1	3	0	5	0	0	0	0	0	0.750032
16	2	1	4	6	0	1	0	1	0	0	0	0	1	0.728303
16	2	0	4	2	1	8	0	5	0	0	0	0	0	0.70017
16	2	0	4	8	1	3	0	5	0	0	0	0	0	0.700064
16	2	1	4	0	0	1	0	1	0	0	0	0	1	0.639867
16	2	0	4	2	4	8	0	2	0	0	0	0	2	0.50029
16	2	0	4	4	3	3	0	5	0	0	0	0	0	0.400333
16	2	1	4	2	1	1	0	2	0	0	0	0	4	0.362667
17	2	1	5	9	0	1	0	0	0	0	0	0	5	0.978526
17	2	1	5	1	1	1	0	2	0	0	0	0	4	0.912202
17	2	0	5	9	0	3	0	5	0	0	0	0	0	0.900556
17	2	0	5	3	0	2	0	0	0	0	0	0	6	0.850411
17	2	1	5	6	0	1	0	1	0	0	0	0	1	0.827147
17	2	0	5	0	0	0	0	0	0	0	0	0	0	0.800437
17	2	0	5	1	1	3	0	4	0	0	0	0	0	0.800416
17	2	0	5	7	1	3	0	5	0	0	0	0	0	0.800021
17	2	1	5	8	1	1	0	1	0	0	0	0	1	0.758173
17	2	0	5	8	1	3	0	4	0	0	0	0	0	0.750345
17	2	0	5	5	1	3	0	5	0	0	0	0	0	0.750068
17	2	0	5	2	1	8	0	5	0	0	0	0	0	0.70017
17	2	0	5	1	2	3	0	5	0	0	0	0	0	0.70003
17	2	0	5	2	2	8	0	0	0	0	0	0	2	0.600173
17	2	1	5	0	0	1	0	1	0	0	0	0	1	0.594872
17	2	0	5	6	0	7	0	2	0	0	0	0	0	0.520238
17	2	1	5	1	2	1	0	1	0	0	0	0	1	0.505128
17	2	0	5	4	4	3	0	5	0	0	0	0	0	0.500241
17	2	1	5	2	1	1	0	2	0	0	0	0	1	0.470769
18	3	1	0	4	2	1	0	0	0	0	0	0	1	0.957639
18	3	1	0	7	0	1	0	5	0	0	0	0	4	0.940701
18	3	0	0	9	0	3	0	5	0	0	0	0	0	0.849984
18	3	0	0	1	1	3	0	4	0	0	0	0	0	0.800303
18	3	0	0	3	0	2	0	0	0	0	0	0	2	0.800192
18	3	0	0	7	0	3	0	5	0	0	0	0	0	0.800021
18	3	0	0	1	1	3	0	4	0	0	0	0	0	0.750162
18	3	0	0	5	1	3	0	5	0	0	0	0	0	0.750068
18	3	1	0	8	1	1	0	5	0	0	0	0	4	0.742901
18	3	0	0	8	1	3	0	4	0	0	0	0	0	0.700251
18	3	0	0	2	1	8	0	5	0	0	0	0	0	0.70017
18	3	1	0	9	0	1	0	5	0	0	0	0	4	0.670216
18	3	1	0	1	1	1	0	3	0	0	0	0	5	0.649662
18	3	1	0	1	1	1	0	3	0	0	0	0	5	0.649662
18	3	1	0	3	0	1	0	2	0	0	0	0	1	0.626823
18	3	0	0	2	2	8	0	0	0	0	0	0	2	0.600436
18	3	0	0	4	2	3	0	5	0	0	0	0	0	0.600414
18	3	0	0	0	0	6	0	4	0	0	0	0	0	0.5555
18	3	0	0	6	4	5	0	4	0	0	0	0	0	0.500548
18	3	1	0	5	1	1	0	4	0	0	0	0	5	0.460579
18	3	1	0	0	0	1	0	2	0	0	0	0	1	0.397743
18	3	1	0	2	2	1	0	0	0	0	0	0	1	0.327407
19	3	1	1	8	1	1	0	2	0	0	0	0	4	0.966667
19	3	1	1	7	0	1	0	1	0	0	0	0	1	0.937242
19	3	1	1	0	0	1	0	1	0	0	0	0	1	0.910522
19	3	0	1	1	0	3	0	5	0	0	0	0	0	0.900648
19	3	0	1	9	0	3	0	5	0	0	0	0	0	0.900321
19	3	1	1	2	0	1	0	1	0	0	0	0	1	0.896023
19	3	1	1	5	0	1	0	1	0	0	0	0	1	0.895455
19	3	1	1	4	2	1	0	1	0	0	0	0	4	0.870581
19	3	1	1	2	1	1	0	1	0	0	0	0	1	0.858586
19	3	0	1	1	1	3	0	5	0	0	0	0	0	0.800644
19	3	0	1	7	0	3	0	5	0	0	0	0	0	0.80063
19	3	0	1	3	0	2	0	0	0	0	0	0	2	0.800537
19	3	0	1	5	0	3	0	5	0	0	0	0	0	0.800352
19	3	0	1	2	0	8	0	0	0	0	0	0	2	0.750079
19	3	0	1	2	0	6	0	5	0	0	0	0	0	0.750041
19	3	0	1	8	1	3	0	4	0	0	0	0	0	0.700251
19	3	1	1	9	0	1	0	1	0	0	0	0	4	0.651515
19	3	0	1	4	2	3	0	5	0	0	0	0	0	0.650417
19	3	0	1	6	2	5	0	0	0	0	0	0	0	0.600125
19	3	1	1	1	0	1	0	1	0	0	0	0	1	0.578314
19	3	1	1	1	1	1	0	1	0	0	0	0	1	0.578314
19	3	0	1	0	3	8	0	5	0	0	0	0	3	0.34999
19	3	1	1	6	2	1	0	1	0	0	0	0	1	0.261174
20	3	1	2	8	1	1	0	2	0	0	0	0	4	0.973797
20	3	1	2	1	0	1	0	1	0	0	0	0	1	0.970076
20	3	1	2	1	1	1	0	1	0	0	0	0	1	0.970076
20	3	1	2	5	0	1	0	1	0	0	0	0	1	0.961785
20	3	1	2	7	0	1	0	2	0	0	0	0	4	0.955152
20	3	1	2	9	0	1	0	1	0	0	0	0	4	0.95202
20	3	0	2	9	0	3	0	5	0	0	0	0	0	0.900321
20	3	0	2	1	0	3	0	4	0	0	0	0	0	0.850224
20	3	0	2	1	1	3	0	4	0	0	0	0	0	0.80091
20	3	0	2	5	0	3	0	5	0	0	0	0	0	0.800513
20	3	0	2	3	0	2	0	0	0	0	0	0	2	0.800386
20	3	0	2	7	0	3	0	5	0	0	0	0	0	0.800021
20	3	1	2	4	2	1	0	1	0	0	0	0	4	0.749188
20	3	0	2	4	1	3	0	5	0	0	0	0	0	0.700542
20	3	0	2	2	1	8	0	0	0	0	0	0	2	0.700437
20	3	0	2	8	1	3	0	4	0	0	0	0	0	0.700251
20	3	0	2	6	2	5	0	4	0	0	0	0	0	0.650408
20	3	1	2	2	1	1	0	1	0	0	0	0	1	0.618182
20	3	0	2	2	0	6	0	5	0	0	0	0	0	0.591142
20	3	0	2	0	4	8	0	1	0	0	0	0	3	0.500062
20	3	1	2	0	0	1	0	1	0	0	0	0	1	0.329545
21	3	1	3	5	0	1	0	1	0	0	0	0	1	1.059621
21	3	1	3	7	0	1	0	2	0	0	0	0	5	0.997792
21	3	1	3	9	0	1	0	1	0	0	0	0	4	0.963699
21	3	1	3	8	1	1	0	2	0	0	0	0	4	0.959192
21	3	1	3	1	0	1	0	1	0	0	0	0	1	0.910379
21	3	1	3	1	1	1	0	1	0	0	0	0	1	0.910379
21	3	0	3	9	0	3	0	5	0	0	0	0	0	0.850313
21	3	0	3	3	0	2	0	0	0	0	0	0	2	0.800386
21	3	0	3	5	0	3	0	5	0	0	0	0	0	0.800352
21	3	0	3	1	0	3	0	5	0	0	0	0	0	0.800034
21	3	0	3	1	1	3	0	4	0	0	0	0	0	0.800024
21	3	0	3	7	0	3	0	5	0	0	0	0	0	0.800021
21	3	1	3	2	1	1	0	1	0	0	0	0	1	0.769293
21	3	0	3	8	0	3	0	5	0	0	0	0	0	0.750031
21	3	0	3	6	1	5	0	4	0	0	0	0	0	0.700614
21	3	0	3	2	1	8	0	0	0	0	0	0	2	0.700437
21	3	1	3	4	2	1	0	1	0	0	0	0	1	0.646307
21	3	0	3	0	2	8	0	1	0	0	0	0	3	0.600143
21	3	0	3	2	3	0	0	5	0	0	0	0	0	0.350067
22	3	0	4	1	0	3	0	0	0	0	0	0	0	1.00023
22	3	0	4	5	0	3	0	0	0	0	0	0	0	1.00023
22	3	1	4	7	0	1	0	1	0	0	0	0	4	0.979528
22	3	1	4	9	0	1	0	1	0	0	0	0	4	0.940625
22	3	1	4	8	4	1	0	1	0	0	0	0	4	0.926389
22	3	0	4	7	0	3	0	0	0	0	0	0	0	0.90013
22	3	1	4	5	0	1	0	1	0	0	0	0	4	0.861875
22	3	0	4	9	0	3	0	0	0	0	0	0	0	0.850313
22	3	1	4	0	2	1	0	1	0	0	0	0	1	0.845458
22	3	1	4	2	1	1	0	1	0	0	0	0	1	0.823556
22	3	1	4	4	4	1	0	1	0	0	0	0	1	0.803542
22	3	0	4	1	0	3	0	0	0	0	0	0	0	0.800263
22	3	1	4	1	0	1	0	1	0	0	0	0	1	0.788
22	3	1	4	1	0	1	0	1	0	0	0	0	1	0.77815
22	3	0	4	6	1	5	0	0	0	0	0	0	0	0.700386
22	3	0	4	2	1	8	0	2	0	0	0	0	2	0.700165
22	3	0	4	0	2	8	0	1	0	0	0	0	3	0.650307
22	3	0	4	3	0	5	0	2	0	0	0	0	2	0.622828
22	3	1	4	3	0	1	0	1	0	0	0	0	1	0.6225
22	3	0	4	8	4	3	0	0	0	0	0	0	0	0.500035
22	3	0	4	2	4	4	0	0	0	0	0	0	3	0.370467
23	3	0	5	1	0	3	0	0	0	0	0	0	0	1.00023
23	3	0	5	5	0	3	0	0	0	0	0	0	0	1.00023
23	3	1	5	3	3	1	0	1	0	0	0	0	4	0.977556
23	3	1	5	1	0	1	0	1	0	0	0	0	1	0.9456
23	3	1	5	1	0	1	0	1	0	0	0	0	4	0.902222
23	3	0	5	7	0	3	0	0	0	0	0	0	0	0.850532
23	3	0	5	1	0	3	0	0	0	0	0	0	0	0.850362
23	3	1	5	7	0	1	0	1	0	0	0	0	1	0.840533
23	3	0	5	8	2	3	0	0	0	0	0	0	0	0.800534
23	3	0	5	9	0	3	0	0	0	0	0	0	0	0.80049
23	3	1	5	2	0	1	0	1	0	0	0	0	1	0.755556
23	3	0	5	6	1	5	0	0	0	0	0	0	0	0.750593
23	3	0	5	2	0	8	0	2	0	0	0	0	2	0.750283
23	3	1	5	9	0	1	0	1	0	0	0	0	4	0.722639
23	3	1	5	0	2	1	0	1	0	0	0	0	1	0.553333
23	3	0	5	2	4	3	0	0	0	0	0	0	3	0.500567
23	3	0	5	0	1	9	0	0	0	0	0	0	3	0.467693
23	3	0	5	3	3	3	0	1	0	0	0	0	2	0.437995
23	3	1	5	4	2	1	0	1	0	0	0	0	1	0.406354
23	3	0	5	4	2	3	0	0	0	0	0	0	0	0.285333
23	3	1	5	2	4	1	0	1	0	0	0	0	1	0.259375
24	4	0	0	1	0	3	0	0	0	0	0	0	0	1.00023
24	4	1	0	9	0	1	0	1	0	0	0	0	1	0.989
24	4	0	0	5	0	3	0	0	0	0	0	0	0	0.950186
24	4	0	0	9	0	3	0	0	0	0	0	0	0	0.9008
24	4	0	0	7	0	3	0	0	0	0	0	0	0	0.90013
24	4	1	0	3	4	1	0	1	0	0	0	0	1	0.899
24	4	1	0	0	2	1	0	1	0	0	0	0	1	0.877552
24	4	1	0	2	2	1	0	1	0	0	0	0	1	0.864583
24	4	1	0	7	0	1	0	1	0	0	0	0	1	0.85695
24	4	1	0	1	0	1	0	1	0	0	0	0	1	0.853667
24	4	0	0	1	0	3	0	0	0	0	0	0	0	0.850362
24	4	0	0	6	1	5	0	0	0	0	0	0	0	0.85017
24	4	0	0	8	2	3	0	0	0	0	0	0	0	0.800474
24	4	1	0	1	0	1	0	1	0	0	0	0	1	0.773333
24	4	0	0	2	0	8	0	2	0	0	0	0	2	0.750647
24	4	1	0	2	0	1	0	1	0	0	0	0	1	0.634667
24	4	0	0	2	2	3	0	2	0	0	0	0	3	0.600598
24	4	0	0	3	4	3	0	2	0	0	0	0	2	0.500118
24	4	1	0	5	0	1	0	1	0	0	0	0	1	0.4925
24	4	0	0	4	2	3	0	0	0	0	0	0	0	0.48792
25	4	0	1	5	0	3	0	0	0	0	0	0	0	1.000457
25	4	0	1	1	0	3	0	0	0	0	0	0	0	1.00023
25	4	1	1	1	0	1	0	1	0	0	0	0	1	0.971867
25	4	1	1	5	0	1	0	1	0	0	0	0	1	0.971867
25	4	1	1	9	0	1	0	1	0	0	0	0	1	0.971867
25	4	1	1	7	0	1	0	1	0	0	0	0	1	0.971867
25	4	1	1	1	0	1	0	1	0	0	0	0	4	0.971867
25	4	1	1	6	0	1	0	1	0	0	0	0	1	0.971867
25	4	1	1	2	0	1	0	1	0	0	0	0	1	0.971867
25	4	1	1	8	1	1	0	1	0	0	0	0	1	0.971867
25	4	1	1	4	1	1	0	1	0	0	0	0	1	0.971867
25	4	1	1	0	2	1	0	1	0	0	0	0	1	0.971867
25	4	1	1	2	2	1	0	1	0	0	0	0	1	0.971867
25	4	1	1	3	2	1	0	1	0	0	0	0	1	0.971867
25	4	0	1	7	0	3	0	0	0	0	0	0	0	0.920237
25	4	0	1	9	0	3	0	0	0	0	0	0	0	0.900537
25	4	0	1	6	0	5	0	0	0	0	0	0	0	0.850611
25	4	0	1	1	0	3	0	0	0	0	0	0	0	0.850362
25	4	0	1	2	0	8	0	2	0	0	0	0	2	0.750647
25	4	0	1	8	1	7	0	0	0	0	0	0	0	0.656764
25	4	0	1	2	2	3	0	0	0	0	0	0	3	0.650148
25	4	0	1	3	2	3	0	2	0	0	0	0	2	0.600711
25	4	0	1	4	1	3	0	0	0	0	0	0	0	0.38883
25	4	0	1	0	4	3	0	0	0	0	0	0	3	0.286985
26	0	1	2	0	2	1	0	1	0	0	0	0	1	1.011562
26	0	0	2	1	0	3	0	0	0	0	0	0	0	1.000671
26	0	0	2	1	0	3	0	2	0	0	0	0	0	1.000402
26	0	1	2	1	0	1	0	1	0	0	0	0	4	0.950439
26	0	0	2	5	0	3	0	0	0	0	0	0	0	0.950186
26	0	1	2	1	0	1	0	1	0	0	0	0	1	0.912767
26	0	1	2	4	1	1	0	1	0	0	0	0	4	0.892194
26	0	1	2	7	0	1	0	1	0	0	0	0	1	0.8865
26	0	0	2	7	0	3	0	0	0	0	0	0	0	0.850532
26	0	0	2	9	0	3	0	0	0	0	0	0	0	0.850114
26	0	1	2	9	0	1	0	1	0	0	0	0	4	0.845069
26	0	0	2	6	0	5	0	0	0	0	0	0	0	0.750593
26	0	0	2	2	0	8	0	1	0	0	0	0	2	0.750451
26	0	1	2	2	0	1	0	1	0	0	0	0	1	0.702667
26	0	0	2	2	1	3	0	0	0	0	0	0	3	0.700509
26	0	0	2	3	2	3	0	2	0	0	0	0	2	0.651007
26	0	0	2	0	2	0	0	0	0	0	0	0	0	0.466821
26	0	0	2	4	1	0	0	0	0	0	0	0	0	0.411554
26	0	1	2	3	2	1	0	1	0	0	0	0	1	0.314167
27	0	0	3	1	0	3	1	0	0	0	0	0	0	1.000602
27	0	1	3	6	0	1	0	1	0	0	0	0	1	0.994271
27	0	0	3	1	0	3	2	0	0	0	0	0	0	0.900158
27	0	0	3	5	0	3	2	0	0	0	0	0	0	0.900142
27	0	0	3	7	0	3	2	0	0	0	0	0	0	0.90013
27	0	1	3	7	0	1	0	1	0	0	0	0	1	0.85695
27	0	1	3	9	0	1	0	1	0	0	0	0	4	0.809236
27	0	0	3	2	0	8	3	2	0	0	0	0	2	0.800402
27	0	0	3	9	0	3	2	0	0	0	0	0	0	0.800393
27	0	0	3	6	0	5	4	0	0	0	0	0	0	0.799963
27	0	1	3	2	0	1	0	1	0	0	0	0	1	0.740444
27	0	0	3	2	1	3	5	0	0	0	0	0	3	0.700398
27	0	0	3	3	1	3	6	2	0	0	0	0	2	0.700355
27	0	1	3	0	2	1	0	1	0	0	0	0	1	0.561979
27	0	1	3	1	0	1	0	1	0	0	0	0	4	0.504596
27	0	0	3	8	4	5	0	0	0	0	0	0	0	0.500802
27	0	0	3	4	1	0	6	0	0	0	0	0	0	0.295308
27	0	1	3	3	2	1	0	1	0	0	0	0	1	0.280333
27	0	0	3	0	2	0	0	0	0	0	0	0	0	0.260979
28	0	1	4	1	0	1	0	1	0	0	0	0	5	1.001417
28	0	0	4	1	0	3	0	0	0	0	0	0	0	1.000019
28	0	0	4	7	0	3	0	0	0	0	0	0	0	0.999995
28	0	1	4	1	0	1	0	1	0	0	0	0	1	0.99485
28	0	1	4	0	1	1	0	1	0	0	0	0	1	0.976979
28	0	0	4	5	0	3	0	0	0	0	0	0	0	0.950186
28	0	0	4	1	0	3	0	0	0	0	0	0	0	0.949982
28	0	1	4	6	0	1	0	1	0	0	0	0	4	0.919955
28	0	0	4	9	0	3	0	0	0	0	0	0	0	0.800435
28	0	0	4	2	0	8	0	1	0	0	0	0	2	0.800259
28	0	1	4	2	0	1	0	1	0	0	0	0	1	0.778222
28	0	0	4	6	0	5	0	0	0	0	0	0	0	0.750593
28	0	0	4	2	1	0	0	0	0	0	0	0	3	0.700514
28	0	0	4	3	1	3	0	2	0	0	0	0	2	0.700185
28	0	0	4	0	1	0	0	0	0	0	0	0	0	0.586465
28	0	0	4	4	1	0	0	0	0	0	0	0	0	0.541518
28	0	1	4	9	0	1	0	1	0	0	0	0	4	0.5375
28	0	1	4	3	1	1	0	1	0	0	0	0	1	0.495417
28	0	0	4	8	2	5	0	0	0	0	0	0	0	0.415172
29	0	0	5	1	0	3	0	0	0	0	0	0	0	1.050281
29	0	0	5	5	0	3	0	0	0	0	0	0	0	1.00023
29	0	0	5	7	0	3	0	0	0	0	0	0	0	0.999995
29	0	2	5	1	0	1	0	1	0	0	0	0	4	0.966759
29	0	2	5	1	0	1	0	1	0	0	0	0	1	0.929183
29	0	2	5	0	1	1	0	2	0	0	0	0	5	0.915767
29	0	0	5	1	0	3	0	0	0	0	0	0	0	0.900147
29	0	0	5	2	0	8	0	2	0	0	0	0	2	0.800402
29	0	0	5	6	0	3	0	0	0	0	0	0	0	0.799963
29	0	2	5	4	1	1	0	1	0	0	0	0	1	0.779792
29	0	2	5	6	0	1	0	1	0	0	0	0	1	0.755167
29	0	0	5	3	1	3	0	2	0	0	0	0	2	0.70071
29	0	0	5	4	1	0	0	0	0	0	0	0	0	0.700612
29	0	0	5	2	1	2	0	0	0	0	0	0	3	0.700279
29	0	0	5	0	1	5	0	0	0	0	0	0	0	0.700135
29	0	1	5	2	0	1	0	1	0	0	0	0	1	0.687556
29	0	0	5	8	2	5	0	0	0	1	1	0	0	0.650835
29	0	2	5	3	1	1	0	1	0	0	0	0	1	0.531667
29	0	0	5	9	3	5	0	0	0	2	2	0	0	0.350706
30	0	0	0	1	0	3	0	0	0	0	0	0	0	1.000446
30	0	0	0	1	0	3	0	0	0	0	0	0	0	1.000019
30	0	0	0	7	0	3	0	0	0	0	0	0	0	0.999995
30	0	2	0	1	0	1	0	2	0	0	0	0	5	0.999924
30	0	0	0	5	0	3	0	0	0	0	0	0	0	0.950186
30	0	2	0	3	1	1	0	1	0	0	0	0	1	0.9425
30	0	2	0	2	0	1	0	1	0	0	0	0	1	0.906667
30	0	2	0	4	1	1	0	1	0	0	0	0	1	0.8471
30	0	2	0	1	0	1	0	1	0	0	0	0	4	0.845458
30	0	0	0	2	0	8	0	1	0	0	0	0	2	0.800613
30	0	0	0	6	0	5	0	0	0	0	0	0	0	0.799963
30	0	2	0	7	0	1	0	1	0	0	0	0	1	0.771583
30	0	0	0	2	0	2	0	1	0	0	0	0	5	0.7504
30	0	0	0	3	1	3	0	2	0	0	0	0	2	0.700079
30	0	0	0	8	1	5	0	0	0	0	0	0	0	0.562213
30	0	0	0	4	5	0	0	0	0	0	0	0	0	0.522845
30	0	0	0	9	4	5	0	0	0	0	0	1	3	0.50072
30	0	0	0	0	1	0	0	0	0	0	0	0	0	0.49655
31	0	2	1	1	0	1	0	2	0	0	0	0	5	1.050667
31	0	0	1	1	0	3	0	0	0	0	0	0	0	1.000019
31	0	0	1	5	0	3	0	0	0	0	0	0	0	0.950186
31	0	0	1	1	0	3	0	0	0	0	0	0	0	0.900136
31	0	0	1	7	0	3	0	0	0	0	0	0	0	0.90013
31	0	2	1	2	0	1	0	1	0	0	0	0	1	0.899111
31	0	2	1	1	0	1	0	1	0	0	0	0	1	0.870083
31	0	2	1	3	0	1	0	1	0	0	0	0	1	0.845833
31	0	0	1	2	0	8	0	2	0	0	0	0	2	0.800402
31	0	0	1	6	0	5	0	0	0	0	0	0	0	0.799963
31	0	2	1	6	0	1	0	1	0	0	0	0	1	0.771583
31	0	0	1	3	0	3	0	1	0	0	0	0	2	0.75052
31	0	0	1	2	0	2	0	2	0	0	0	0	5	0.750028
31	0	2	1	4	1	1	0	1	0	0	0	0	1	0.715767
31	0	0	1	4	1	0	0	0	0	3	3	0	0	0.66227
31	0	0	1	9	2	5	0	0	0	0	0	1	0	0.600224
31	0	0	1	8	1	5	0	0	0	0	0	0	0	0.545658
31	0	2	1	9	0	1	0	1	0	0	0	0	1	0.447917
31	0	0	1	0	1	0	0	0	0	4	4	0	0	0.365319
32	1	0	2	1	0	3	0	0	0	0	0	0	0	1.000019
32	1	2	2	4	1	1	0	1	0	0	0	0	4	0.928681
32	1	0	2	7	0	3	0	0	0	0	0	0	0	0.9008
32	1	0	2	1	0	3	0	0	0	0	0	0	0	0.900136
32	1	0	2	5	0	3	0	0	0	0	0	0	0	0.90013
32	1	2	2	1	0	1	0	1	0	0	0	0	1	0.893067
32	1	2	2	2	0	1	0	1	0	0	0	0	1	0.891556
32	1	2	2	1	0	1	0	1	0	0	0	0	4	0.875556
32	1	2	2	0	1	1	0	1	0	0	0	0	4	0.840889
32	1	0	2	2	0	8	0	2	0	0	0	0	2	0.800355
32	1	0	2	6	0	5	0	0	0	0	0	0	0	0.799963
32	1	0	2	3	0	3	0	2	0	0	0	0	2	0.750651
32	1	0	2	2	0	2	0	2	0	0	0	0	5	0.750028
32	1	0	2	8	1	5	0	0	0	0	0	0	0	0.700618
32	1	2	2	3	0	1	0	1	0	0	0	0	1	0.610208
32	1	2	2	6	0	1	0	1	0	0	0	0	1	0.607417
32	1	0	2	9	2	5	0	0	0	0	0	1	0	0.56826
32	1	0	2	4	1	0	0	0	0	0	0	0	0	0.355534
32	1	0	2	0	1	0	0	0	0	0	0	0	0	0.35326
33	1	2	3	1	0	1	0	1	0	0	0	0	4	1.057963
33	1	2	3	1	0	1	0	1	0	0	0	0	1	0.962017
33	1	0	3	7	0	3	0	1	0	0	0	0	0	0.9008
33	1	0	3	1	0	3	0	2	0	0	0	0	0	0.900509
33	1	0	3	1	0	3	0	1	0	0	0	0	0	0.900478
33	1	2	3	3	0	1	0	1	0	0	0	0	1	0.888125
33	1	0	3	2	0	8	0	2	0	0	0	0	2	0.800402
33	1	0	3	5	0	3	0	0	0	0	0	0	0	0.800161
33	1	0	3	6	0	5	0	0	0	0	0	0	0	0.799963
33	1	0	3	9	1	5	0	2	0	0	0	1	0	0.790003
33	1	0	3	2	0	2	0	1	0	0	0	0	3	0.750648
33	1	2	3	0	3	1	0	1	0	0	0	0	4	0.707111
33	1	0	3	8	1	5	0	0	0	0	0	0	0	0.700618
33	1	2	3	6	0	1	0	1	0	0	0	0	1	0.697708
33	1	0	3	3	0	3	0	2	0	0	0	0	2	0.612517
33	1	0	3	4	3	5	0	0	0	0	0	1	0	0.350302
33	1	0	3	0	3	5	0	0	0	0	0	1	0	0.350302
33	1	2	3	2	0	1	0	1	0	0	0	0	1	0.272
34	1	2	4	2	0	1	0	1	0	0	0	0	1	1.004889
34	1	2	4	1	0	1	0	1	0	0	0	0	4	0.966759
34	1	0	4	7	0	3	0	1	0	0	0	0	0	0.900632
34	1	0	4	1	0	3	0	1	0	0	0	0	0	0.900471
34	1	0	4	5	0	3	0	1	0	0	0	0	0	0.900471
34	1	0	4	1	0	3	0	1	0	0	0	0	0	0.899984
34	1	2	4	1	0	1	0	1	0	0	0	0	4	0.853667
34	1	0	4	6	0	5	0	1	0	0	0	0	0	0.8008
34	1	0	4	2	0	8	0	2	0	0	0	0	2	0.800402
34	1	2	4	9	1	1	0	1	0	0	0	0	4	0.796756
34	1	0	4	3	0	3	0	1	0	0	0	0	2	0.750797
34	1	0	4	2	0	2	0	2	0	0	0	0	3	0.750648
34	1	0	4	8	0	5	0	0	0	0	0	0	0	0.750356
34	1	2	4	0	3	1	0	1	0	0	0	0	1	0.703771
34	1	0	4	9	1	5	0	0	0	0	0	1	0	0.700618
34	1	2	4	6	0	1	0	1	0	0	0	0	1	0.6895
34	1	2	4	3	0	1	0	1	0	0	0	0	1	0.628333
34	1	0	4	4	4	5	0	0	0	0	0	1	0	0.500802
34	1	0	4	0	4	5	0	0	0	0	0	1	0	0.393549
35	1	2	5	9	1	1	0	1	0	0	0	0	4	1.033156
35	1	2	5	2	0	1	0	1	0	0	0	0	1	1.02
35	1	0	5	1	0	3	0	1	0	0	0	0	0	1.000345
35	1	0	5	1	0	3	0	1	0	0	0	0	0	1.000066
35	1	2	5	0	3	1	0	1	0	0	0	0	4	0.994375
35	1	2	5	1	0	1	0	1	0	0	0	0	4	0.912037
35	1	2	5	8	1	1	0	1	0	0	0	0	1	0.87
35	1	0	5	7	0	3	0	1	0	0	0	0	0	0.850365
35	1	0	5	3	0	3	0	2	0	0	0	0	2	0.800947
35	1	0	5	2	0	8	0	2	0	0	0	0	2	0.800402
35	1	0	5	6	0	5	0	2	0	0	0	0	0	0.800144
35	1	0	5	8	0	5	0	0	0	0	0	0	0	0.750406
35	1	0	5	0	2	5	0	2	0	0	0	1	0	0.71441
35	1	0	5	9	1	5	0	0	0	0	0	1	0	0.700588
35	1	2	5	1	0	1	0	1	0	0	0	0	4	0.618361
35	1	0	5	4	2	5	0	2	0	0	0	1	0	0.600071
35	1	2	5	6	0	1	0	1	0	0	0	0	1	0.54175
35	1	0	5	5	0	3	0	0	0	0	0	1	0	0.536902
35	1	0	5	2	3	2	0	2	0	0	0	1	3	0.507903
36	1	0	0	1	0	3	0	1	0	0	0	0	0	1.100484
36	1	2	0	9	1	1	0	1	0	0	0	0	4	1.096633
36	1	0	0	1	0	3	0	1	0	0	0	0	0	1.000345
36	1	2	0	2	0	1	0	1	0	0	0	0	1	0.838667
36	1	0	0	2	0	8	0	2	0	0	0	0	2	0.800402
36	1	2	0	0	3	1	0	1	0	0	0	0	4	0.755486
36	1	0	0	8	0	5	0	0	0	0	0	0	0	0.750799
36	1	0	0	3	0	3	0	2	0	0	0	0	2	0.688018
36	1	2	0	1	0	1	0	1	0	0	0	0	4	0.664875
36	1	2	0	6	0	1	0	1	0	0	0	0	1	0.656667
36	1	0	0	9	1	5	0	0	0	0	0	1	0	0.637712
36	1	2	0	1	0	1	0	1	0	0	0	0	4	0.601944
36	1	2	0	8	1	1	0	1	0	0	0	0	1	0.58
36	1	0	0	4	2	5	0	0	0	0	0	1	0	0.535678
36	1	0	0	2	4	2	0	1	0	0	0	2	0	0.500123
36	1	0	0	6	0	5	0	0	0	0	0	0	0	0.497885
36	1	0	0	0	2	5	0	0	0	0	0	1	0	0.463404
36	1	0	0	7	0	3	0	0	0	0	0	0	3	0.441392
36	1	0	0	5	3	5	0	0	0	0	0	1	0	0.350302
37	1	0	1	1	0	3	0	0	0	0	0	0	0	1.00023
37	1	2	1	4	1	1	0	1	0	0	0	0	4	0.929278
37	1	2	1	9	0	1	0	1	0	0	0	0	5	0.902917
37	1	2	1	2	0	1	0	1	0	0	0	0	1	0.800889
37	1	0	1	2	0	8	0	2	0	0	0	0	2	0.800402
37	1	0	1	1	0	3	0	2	0	0	0	0	0	0.800375
37	1	2	1	1	0	1	0	1	0	0	0	0	4	0.796208
37	1	0	1	9	0	5	0	0	0	0	0	1	0	0.750392
37	1	0	1	8	0	5	0	0	0	0	0	0	0	0.750392
37	1	2	1	0	1	1	0	1	0	0	0	0	1	0.725625
37	1	0	1	0	1	5	0	2	0	0	0	1	0	0.700206
37	1	0	1	4	1	5	0	0	0	0	0	1	0	0.602
37	1	0	1	2	2	2	0	1	0	0	0	2	0	0.600448
37	1	0	1	3	0	3	0	2	0	0	0	0	2	0.557252
37	1	0	1	5	4	5	0	0	0	0	0	1	0	0.500802
37	1	2	1	3	0	1	0	1	0	0	0	0	1	0.483333
37	1	2	1	6	0	1	0	1	0	0	0	0	1	0.238042
38	2	2	2	1	0	1	0	1	0	0	0	0	1	1.120437
38	2	2	2	1	0	1	0	1	0	0	0	0	1	1.108125
38	2	0	2	1	0	3	0	0	0	0	0	0	0	1.00023
38	2	2	2	2	0	1	0	1	0	0	0	0	1	0.876444
38	2	0	2	2	0	8	0	1	0	0	0	0	2	0.800806
38	2	2	2	8	0	1	0	1	0	0	0	0	1	0.760833
38	2	0	2	8	0	5	0	0	0	0	0	0	0	0.722569
38	2	2	2	2	2	1	0	1	0	0	0	0	1	0.715333
38	2	0	2	4	1	5	0	0	0	0	0	1	0	0.700633
38	2	0	2	0	1	5	0	0	0	0	1	1	0	0.700573
38	2	0	2	3	0	3	0	2	0	0	0	0	2	0.681598
38	2	0	2	2	2	2	0	2	0	0	0	2	3	0.650224
38	2	2	2	0	1	1	0	1	0	0	0	0	1	0.605208
38	2	2	2	3	0	1	0	1	0	0	0	0	1	0.604167
38	2	0	2	9	0	5	0	0	0	0	0	1	0	0.598627
38	2	0	2	5	2	5	0	0	0	0	0	1	0	0.475718
38	2	0	2	1	0	3	0	0	0	0	0	0	0	0.432123
38	2	2	2	9	0	1	0	1	0	0	0	0	5	0.287042
38	2	0	2	6	4	3	0	0	0	0	0	1	3	0.283054
39	2	0	3	1	0	3	0	0	0	0	0	0	0	1.00023
39	2	2	3	6	0	1	0	1	0	0	0	0	1	0.960433
39	2	2	3	2	0	1	0	1	0	0	0	0	1	0.891556
39	2	2	3	5	4	1	0	1	0	0	0	0	1	0.864583
39	2	0	3	5	2	5	0	1	0	0	0	1	0	0.802243
39	2	0	3	8	0	5	0	1	0	0	0	0	0	0.80098
39	2	0	3	2	0	8	0	2	0	0	0	0	2	0.800312
39	2	2	3	3	0	1	0	1	0	0	0	0	1	0.773333
39	2	0	3	3	0	3	0	2	0	0	0	0	2	0.750651
39	2	0	3	9	0	5	0	0	0	0	0	1	0	0.750356
39	2	2	3	9	0	1	0	1	0	0	0	0	4	0.722333
39	2	0	3	4	1	5	0	1	0	0	0	1	0	0.70046
39	2	2	3	8	0	1	0	1	0	0	0	0	1	0.629417
39	2	0	3	0	1	5	0	0	0	0	1	2	0	0.621972
39	2	0	3	2	1	2	0	1	0	0	0	2	3	0.565972
39	2	0	3	7	2	8	0	0	0	0	0	1	7	0.355428
39	2	0	3	6	2	3	0	0	0	0	0	1	3	0.329965
39	2	2	3	4	1	1	0	1	0	0	0	0	4	0.258
40	2	0	4	1	0	3	0	0	0	0	0	0	0	1.00023
40	2	2	4	7	0	1	0	1	0	0	0	0	1	0.927542
40	2	2	4	4	1	1	0	1	0	0	0	0	1	0.91375
40	2	2	4	2	0	1	0	1	0	0	0	0	1	0.9025
40	2	0	4	2	0	8	0	2	0	0	0	0	2	0.800402
40	2	2	4	5	4	1	0	1	0	0	0	0	4	0.7866
40	2	0	4	3	0	3	0	2	0	0	0	0	2	0.750621
40	2	0	4	9	0	5	0	0	0	0	0	1	0	0.750356
40	2	2	4	3	0	1	0	1	0	0	0	0	1	0.749167
40	2	0	4	4	1	5	0	1	0	0	0	1	0	0.700888
40	2	0	4	2	1	2	0	2	0	0	0	2	0	0.700614
40	2	0	4	5	1	5	0	0	0	0	0	1	0	0.700603
40	2	2	4	9	0	1	0	1	0	0	0	0	1	0.656667
40	2	0	4	8	0	5	0	0	0	0	0	0	0	0.653431
40	2	0	4	6	2	3	0	0	0	0	0	1	3	0.650134
40	2	0	4	0	2	5	0	1	0	0	5	2	0	0.600983
40	2	2	4	6	0	1	0	1	0	0	0	0	1	0.586042
40	2	2	4	1	0	1	0	1	0	0	0	0	4	0.5814
40	2	0	4	1	4	5	0	0	0	0	0	1	0	0.361071
40	2	0	4	7	2	8	0	1	0	0	6	1	3	0.302117
41	2	2	5	2	0	1	0	1	0	0	0	0	1	0.9918
41	2	2	5	3	0	1	0	1	0	0	0	0	4	0.936861
41	2	2	5	1	0	1	0	1	0	0	0	0	4	0.919125
41	2	0	5	2	1	2	0	2	0	0	0	2	0	0.821113
41	2	0	5	9	0	5	0	1	0	0	0	1	0	0.80098
41	2	0	5	8	0	5	0	1	0	0	0	0	0	0.80098
41	2	0	5	2	0	8	0	2	0	0	0	0	2	0.800402
41	2	0	5	1	0	3	0	2	0	0	0	0	0	0.80028
41	2	0	5	3	0	3	0	2	0	0	0	0	2	0.750651
41	2	0	5	4	0	5	0	1	0	0	0	1	0	0.750533
41	2	2	5	9	0	1	0	1	0	0	0	0	1	0.734646
41	2	0	5	5	1	5	0	1	0	0	0	1	0	0.700603
41	2	0	5	6	1	3	0	2	0	0	0	1	3	0.700096
41	2	2	5	4	1	1	0	1	0	0	0	0	1	0.671875
41	2	2	5	7	0	1	0	1	0	0	0	0	1	0.64025
41	2	2	5	0	1	1	0	1	0	0	0	0	1	0.58
41	2	2	5	6	0	1	0	1	0	0	0	0	1	0.549792
41	2	0	5	1	2	5	0	0	0	0	0	1	0	0.328132
41	2	0	5	7	1	3	0	0	0	0	6	1	3	0.303574
41	2	2	5	5	4	1	0	1	0	0	0	0	1	0.2565
41	2	0	5	0	2	5	0	2	0	0	5	2	0	0.251399
42	2	2	0	5	4	1	0	2	0	0	0	0	4	0.816406
42	2	0	0	2	0	8	0	1	0	0	0	0	2	0.800711
42	2	0	0	1	0	3	0	2	0	0	0	0	0	0.800471
42	2	0	0	9	0	5	0	0	0	0	0	1	0	0.800094
42	2	0	0	8	0	5	0	1	0	0	2	0	0	0.799983
42	2	2	0	3	0	1	0	2	0	0	0	0	4	0.785864
42	2	0	0	3	0	3	0	2	0	0	0	0	2	0.750651
42	2	2	0	7	0	1	0	1	0	0	0	0	1	0.733278
42	2	2	0	1	0	1	0	2	0	0	0	0	4	0.710125
42	2	0	0	5	1	5	0	0	0	0	0	1	0	0.700603
42	2	0	0	2	1	2	0	2	0	0	0	2	0	0.70054
42	2	0	0	0	1	5	0	0	0	0	0	2	0	0.7
42	2	2	0	9	0	1	0	1	0	0	0	0	1	0.684028
42	2	2	0	0	1	1	0	1	0	0	0	0	1	0.672135
42	2	0	0	6	1	3	0	0	0	0	0	1	3	0.638614
42	2	2	0	8	0	1	0	1	0	0	0	0	1	0.631354
42	2	0	0	4	0	5	0	1	0	0	7	1	0	0.611141
42	2	2	0	2	0	1	0	1	0	0	0	0	1	0.609583
42	2	0	0	1	2	5	0	0	0	0	0	1	0	0.585316
42	2	0	0	7	1	3	0	0	0	0	0	1	3	0.249417
43	3	2	2	5	4	1	0	1	0	0	0	0	4	0.8721
43	3	2	2	3	0	1	0	1	0	0	0	0	1	0.831937
43	3	2	2	1	0	1	0	2	0	0	0	0	5	0.830063
43	3	2	2	2	2	1	0	2	0	0	0	0	4	0.805556
43	3	0	2	2	0	8	0	2	0	0	0	0	2	0.800402
43	3	0	2	9	0	5	0	0	0	0	0	1	0	0.800003
43	3	2	2	2	0	1	0	1	0	0	0	0	1	0.78375
43	3	2	2	6	0	1	0	1	0	0	0	0	1	0.753525
43	3	0	2	3	0	3	0	2	0	0	0	0	2	0.750651
43	3	2	2	1	0	1	0	2	0	0	0	0	4	0.72735
43	3	0	2	0	1	5	0	0	0	0	0	2	0	0.700614
43	3	0	2	1	1	5	0	0	0	0	0	1	0	0.700605
43	3	0	2	2	0	2	0	2	0	0	0	2	0	0.672141
43	3	0	2	6	1	3	0	2	0	0	0	1	0	0.627011
43	3	0	2	5	1	5	0	5	0	0	0	2	0	0.626578
43	3	0	2	7	1	3	0	0	0	0	0	1	3	0.456875
43	3	0	2	4	0	5	0	0	0	0	7	1	0	0.393549
43	3	2	2	7	0	1	0	1	0	0	0	0	1	0.385792
43	3	0	2	8	0	5	0	0	0	0	8	0	0	0.307501
43	3	2	2	4	1	1	0	1	0	0	0	0	1	0.283958
44	3	2	3	7	0	1	0	1	0	0	0	0	5	0.955792
44	3	2	3	0	1	1	0	1	0	0	0	0	1	0.930417
44	3	2	3	2	0	1	0	1	0	0	0	0	1	0.9025
44	3	2	3	5	0	1	0	1	0	0	0	0	4	0.87115
44	3	0	3	2	0	8	0	2	0	0	0	0	2	0.800402
44	3	0	3	9	0	5	0	0	0	0	0	1	0	0.800137
44	3	0	3	8	0	5	0	0	0	0	0	0	0	0.800137
44	3	0	3	4	0	5	0	0	0	0	0	1	0	0.75077
44	3	0	3	3	0	3	0	2	0	0	0	0	2	0.750651
44	3	0	3	2	0	2	0	2	0	0	0	2	0	0.750294
44	3	0	3	1	1	5	0	1	0	0	0	1	0	0.700623
44	3	0	3	0	1	5	0	0	0	0	0	2	0	0.700614
44	3	0	3	5	1	5	0	0	0	0	0	2	0	0.700362
44	3	0	3	6	1	3	0	0	0	0	0	1	3	0.60128
44	3	0	3	7	1	3	0	0	0	0	0	1	3	0.417917
44	3	2	3	3	0	1	0	1	0	0	0	0	1	0.371563
44	3	2	3	6	0	1	0	1	0	0	0	0	1	0.371563
44	3	2	3	1	0	1	0	1	0	0	0	0	1	0.368719
44	3	2	3	4	1	1	0	1	0	0	0	0	1	0.356458
45	3	2	4	7	1	1	0	1	0	0	0	0	4	0.902222
45	3	2	4	5	0	1	0	1	0	0	0	0	4	0.811389
45	3	0	4	2	0	8	0	2	0	0	0	0	2	0.800402
45	3	0	4	8	0	5	0	0	0	0	0	0	0	0.800137
45	3	0	4	9	0	5	0	0	0	0	0	1	0	0.800072
45	3	2	4	0	1	1	0	1	0	0	0	0	1	0.791458
45	3	0	4	4	0	5	0	0	0	0	0	1	0	0.750727
45	3	0	4	3	0	3	0	2	0	0	0	0	2	0.750651
45	3	0	4	2	0	2	0	2	0	0	0	2	0	0.750437
45	3	0	4	5	0	5	0	0	0	0	0	2	0	0.750177
45	3	2	4	3	0	1	0	1	0	0	0	0	4	0.726933
45	3	2	4	6	1	1	0	1	0	0	0	0	4	0.726933
45	3	0	4	1	1	5	0	1	0	0	0	1	0	0.700623
45	3	0	4	0	1	5	0	2	0	0	0	2	0	0.700519
45	3	0	4	6	1	3	0	2	0	0	0	1	3	0.700257
45	3	2	4	2	1	1	0	1	0	0	0	0	1	0.504687
45	3	0	4	7	1	3	0	0	0	0	0	1	3	0.471108
45	3	2	4	1	1	1	0	1	0	0	0	0	1	0.325
45	3	0	4	1	2	3	0	2	0	0	0	1	7	0.268214
46	3	0	5	6	0	3	0	0	0	0	0	1	3	0.970817
46	3	2	5	8	0	1	0	1	0	0	0	0	1	0.902963
46	3	2	5	5	0	1	0	1	0	0	0	0	5	0.900833
46	3	2	5	2	0	1	0	1	0	0	0	0	4	0.899556
46	3	2	5	7	1	1	0	1	0	0	0	0	1	0.845833
46	3	0	5	9	0	5	0	2	0	0	0	1	0	0.800809
46	3	0	5	2	0	8	0	2	0	0	0	0	2	0.800402
46	3	0	5	4	0	5	0	0	0	0	0	2	0	0.800116
46	3	0	5	3	0	3	0	2	0	0	0	1	2	0.750651
46	3	0	5	2	0	2	0	2	0	0	0	0	0	0.750504
46	3	0	5	5	0	5	0	0	0	0	0	2	0	0.750207
46	3	0	5	0	1	5	0	0	0	0	0	1	0	0.700362
46	3	0	5	1	1	5	0	2	0	0	0	1	0	0.70007
46	3	0	5	7	1	3	0	0	0	0	0	2	3	0.700058
46	3	2	5	4	0	1	0	1	0	0	0	0	1	0.676667
46	3	2	5	0	1	1	0	1	0	0	0	0	1	0.658542
46	3	0	5	8	0	5	0	1	0	0	0	1	0	0.598792
46	3	0	5	1	2	3	0	2	0	0	0	1	7	0.581131
46	3	2	5	1	1	1	0	1	0	0	0	0	1	0.440375
46	3	2	5	3	0	1	0	1	0	0	0	0	1	0.410833
46	3	2	5	6	1	1	0	1	0	0	0	0	1	0.410833
47	3	2	0	5	0	1	0	0	0	0	0	0	4	0.921704
47	3	2	0	8	0	1	0	0	0	0	0	0	4	0.921605
47	3	0	0	4	0	5	0	2	0	0	0	1	0	0.800809
47	3	0	0	2	0	2	0	2	0	0	0	2	0	0.800517
47	3	0	0	2	0	8	0	2	0	0	0	0	2	0.800402
47	3	2	0	1	4	1	0	2	0	0	0	0	1	0.768847
47	3	0	0	3	0	3	0	2	0	0	0	0	2	0.750651
47	3	0	0	5	0	5	0	0	0	0	0	2	0	0.750474
47	3	0	0	6	0	3	0	0	0	0	0	1	3	0.750372
47	3	0	0	0	0	5	0	0	0	0	0	2	0	0.750207
47	3	0	0	7	1	3	0	2	0	0	0	1	3	0.700252
47	3	0	0	1	1	5	0	0	0	0	0	1	0	0.662379
47	3	2	0	2	0	1	0	2	0	0	0	0	1	0.590617
47	3	2	0	1	1	1	0	1	0	0	0	0	1	0.556562
47	3	0	0	9	0	5	0	0	0	0	0	2	0	0.495618
47	3	0	0	8	3	0	0	0	0	0	0	1	0	0.449965
47	3	2	0	7	1	1	0	2	0	0	0	0	1	0.410833
47	3	2	0	6	0	1	0	1	0	0	0	0	1	0.407813
47	3	0	0	1	3	0	0	0	0	0	0	2	0	0.378895
47	3	2	0	0	0	1	0	2	0	0	0	0	1	0.376597
47	3	2	0	3	0	1	0	2	0	0	0	0	1	0.271875
48	3	2	1	5	0	1	0	0	0	0	0	0	4	0.921704
48	3	2	1	8	0	1	0	0	0	0	0	0	4	0.921605
48	3	0	1	2	0	2	0	1	0	0	0	2	0	0.800779
48	3	0	1	2	0	8	0	1	0	0	0	0	2	0.800261
48	3	0	1	4	0	5	0	1	0	0	0	1	0	0.799983
48	3	2	1	1	4	1	0	2	0	0	0	0	1	0.768847
48	3	0	1	5	0	5	0	2	0	0	0	2	0	0.750717
48	3	0	1	3	0	3	0	2	0	0	0	0	2	0.750651
48	3	0	1	0	0	5	0	2	0	0	0	2	0	0.750426
48	3	0	1	6	0	3	0	0	0	0	0	1	3	0.750396
48	3	0	1	7	1	3	0	0	0	0	0	1	3	0.700237
48	3	0	1	1	1	5	0	2	0	0	0	1	0	0.700211
48	3	2	1	2	0	1	0	2	0	0	0	0	1	0.590617
48	3	2	1	1	1	1	0	1	0	0	0	0	1	0.556562
48	3	0	1	8	4	0	0	0	0	0	0	1	0	0.550404
48	3	0	1	1	4	0	0	0	0	0	0	2	0	0.55035
48	3	0	1	9	4	0	0	0	0	0	0	2	0	0.500258
48	3	2	1	7	1	1	0	2	0	0	0	0	1	0.410833
48	3	2	1	6	0	1	0	1	0	0	0	0	1	0.407813
48	3	2	1	0	0	1	0	2	0	0	0	0	1	0.376597
48	3	2	1	3	0	1	0	2	0	0	0	0	1	0.271875
49	0	2	2	5	0	1	0	4	0	0	0	0	5	0.936356
49	0	2	2	0	0	1	0	2	0	0	0	0	1	0.813611
49	0	0	2	2	0	8	0	2	0	0	0	0	2	0.800402
49	0	0	2	0	0	5	0	0	0	0	0	0	0	0.75075
49	0	0	2	3	0	3	0	2	0	0	0	0	2	0.750651
49	0	0	2	5	0	5	0	0	0	0	0	0	0	0.750474
49	0	0	2	6	0	3	0	0	0	0	0	0	3	0.750396
49	0	0	2	8	2	0	0	0	0	0	0	0	0	0.707446
49	0	0	2	7	1	3	0	0	0	0	0	0	3	0.700237
49	0	0	2	1	2	0	0	0	0	0	0	0	0	0.70002
49	0	0	2	1	1	5	0	1	0	0	0	0	0	0.683551
49	0	0	2	2	0	2	0	1	0	0	7	0	0	0.682433
49	0	2	2	9	2	1	0	1	0	0	0	0	1	0.673083
49	0	2	2	7	1	1	0	2	0	0	0	0	1	0.664583
49	0	0	2	9	2	0	0	0	0	0	0	0	0	0.60024
49	0	2	2	1	1	1	0	1	0	0	0	0	1	0.585
49	0	0	2	4	0	5	0	0	0	0	2	0	0	0.579511
49	0	2	2	1	2	1	0	2	0	0	0	0	1	0.448722
49	0	2	2	6	0	1	0	1	0	0	0	0	1	0.447083
49	0	2	2	4	0	1	0	2	0	0	0	0	1	0.350417
50	0	2	3	1	1	1	0	1	0	0	0	0	1	0.92885
50	0	2	3	5	0	1	0	5	0	0	0	0	5	0.86037
50	0	2	3	9	2	1	0	1	0	0	0	0	1	0.806879
50	0	0	3	1	2	0	0	0	0	0	0	0	0	0.80058
50	0	0	3	2	0	8	0	2	0	0	0	0	2	0.800402
50	0	2	3	6	0	1	0	1	0	0	0	0	1	0.8004
50	0	0	3	2	0	2	0	1	0	0	0	0	0	0.800309
50	0	0	3	5	0	5	0	2	0	0	0	0	0	0.80015
50	0	0	3	4	0	5	0	0	0	0	0	0	0	0.800116
50	0	2	3	0	0	1	0	2	0	0	0	0	1	0.773333
50	0	0	3	3	0	3	0	2	0	0	0	0	2	0.750797
50	0	0	3	0	0	5	0	0	0	0	0	0	0	0.750474
50	0	0	3	6	0	3	0	0	0	0	0	0	3	0.750396
50	0	0	3	9	2	0	0	0	0	0	0	0	0	0.750255
50	0	0	3	8	2	0	0	0	0	0	0	0	0	0.700904
50	0	0	3	7	1	3	0	2	0	0	0	0	3	0.700136
50	0	2	3	7	1	1	0	2	0	0	0	0	1	0.632361
50	0	2	3	2	0	1	0	2	0	0	0	0	1	0.607654
50	0	2	3	1	2	1	0	2	0	0	0	0	1	0.537919
50	0	2	3	4	0	1	0	2	0	0	0	0	1	0.342361
51	0	2	4	4	0	1	0	2	0	0	0	0	1	0.999533
51	0	2	4	5	0	1	0	0	0	0	0	0	4	0.902963
51	0	0	4	2	0	2	0	1	0	0	0	0	0	0.800702
51	0	0	4	1	1	0	0	0	0	0	0	0	0	0.800566
51	0	0	4	2	0	8	0	2	0	0	0	0	2	0.800402
51	0	0	4	5	0	5	0	0	0	0	0	0	0	0.800333
51	0	0	4	4	0	5	0	0	0	0	0	0	0	0.800116
51	0	0	4	9	1	0	0	0	0	0	0	0	0	0.75077
51	0	0	4	0	0	5	0	0	0	0	0	0	0	0.750474
51	0	0	4	6	0	3	0	0	0	0	0	0	3	0.750396
51	0	0	4	3	0	3	0	2	0	0	0	0	2	0.750213
51	0	2	4	0	0	1	0	2	0	0	0	0	1	0.702778
51	0	0	4	8	1	0	0	0	0	0	0	0	0	0.70066
51	0	0	4	7	1	3	0	2	0	0	0	0	3	0.699984
51	0	2	4	2	0	1	0	2	0	0	0	0	1	0.636049
51	0	2	4	1	6	1	0	0	0	0	0	0	4	0.567378
51	0	2	4	1	1	1	0	2	0	0	0	0	1	0.555431
51	0	2	4	9	1	1	0	2	0	0	0	0	1	0.555431
51	0	2	4	7	1	1	0	2	0	0	0	0	1	0.463194
51	0	2	4	8	1	1	0	2	0	0	0	0	1	0.354444
51	0	2	4	3	0	1	0	2	0	0	0	0	1	0.309333
51	0	0	4	1	6	8	0	0	0	0	5	1	7	0.30277
52	0	2	5	5	0	1	0	1	0	0	0	0	1	0.939167
52	0	2	5	0	0	1	0	1	0	0	0	0	1	0.930417
52	0	2	5	2	0	1	0	1	0	0	0	0	1	0.885926
52	0	2	5	6	0	1	0	1	0	0	0	0	1	0.83375
52	0	2	5	1	1	1	0	1	0	0	0	0	1	0.806879
52	0	2	5	9	1	1	0	1	0	0	0	0	1	0.806058
52	0	0	5	2	0	2	0	1	0	0	0	0	0	0.800702
52	0	0	5	2	0	8	0	2	0	0	0	0	2	0.800402
52	0	0	5	5	0	5	0	0	0	0	0	0	0	0.800333
52	0	0	5	4	0	5	0	2	0	0	0	0	0	0.800056
52	0	0	5	9	1	0	0	0	0	0	0	0	0	0.799976
52	0	0	5	1	1	0	0	0	0	0	0	0	0	0.750652
52	0	0	5	6	0	3	0	0	0	0	0	0	3	0.750396
52	0	0	5	8	1	0	0	0	0	0	0	0	0	0.700424
52	0	0	5	7	1	3	0	0	0	0	0	0	3	0.700058
52	0	2	5	4	0	1	0	5	0	0	0	0	5	0.684889
52	0	2	5	8	1	1	0	1	0	0	0	0	1	0.592083
52	0	2	5	1	4	1	0	1	0	0	0	0	1	0.540312
52	0	0	5	0	0	5	0	0	0	0	0	0	0	0.433263
52	0	0	5	1	4	8	0	0	0	0	0	1	3	0.404145
52	0	0	5	3	0	3	0	2	0	0	0	0	2	0.332146
53	0	2	0	0	0	1	0	2	0	0	0	0	5	0.980985
53	0	2	0	1	2	1	0	1	0	0	0	0	1	0.950625
53	0	2	0	2	0	1	0	1	0	0	0	0	1	0.927292
53	0	2	0	2	0	1	0	1	0	0	0	0	1	0.868889
53	0	2	0	1	1	1	0	1	0	0	0	0	1	0.812625
53	0	2	0	9	1	1	0	1	0	0	0	0	1	0.812625
53	0	2	0	5	0	1	0	1	0	0	0	0	4	0.810111
53	0	0	0	2	0	2	0	2	0	0	0	0	0	0.800702
53	0	0	0	5	0	5	0	1	0	0	0	0	0	0.800535
53	0	0	0	2	0	8	0	2	0	0	0	0	2	0.800402
53	0	0	0	1	1	0	0	0	0	0	0	0	0	0.750652
53	0	0	0	6	0	3	0	0	0	0	0	0	3	0.750396
53	0	0	0	9	1	0	0	0	0	0	0	0	0	0.750051
53	0	0	0	8	1	0	0	0	0	0	0	0	0	0.700424
53	0	0	0	7	1	3	0	0	0	0	0	0	3	0.700422
53	0	0	0	1	2	8	0	1	0	0	0	1	3	0.600099
53	0	2	0	6	0	1	0	1	0	0	0	0	1	0.453125
53	0	0	0	4	0	5	0	1	0	0	4	0	0	0.366054
53	0	0	0	3	3	3	0	2	0	0	0	1	7	0.263694
54	0	2	1	2	0	1	0	1	0	0	0	0	1	0.868889
54	0	0	1	2	0	8	0	2	0	0	0	0	2	0.850521
54	0	0	1	1	1	0	0	5	0	0	0	0	0	0.850045
54	0	2	1	4	0	1	0	0	0	0	0	0	5	0.825444
54	0	2	1	8	3	1	0	1	0	0	0	0	1	0.80575
54	0	0	1	9	1	0	0	0	0	0	0	0	0	0.800747
54	0	0	1	5	0	5	0	0	0	0	0	1	0	0.800579
54	0	0	1	2	0	2	0	2	0	0	0	0	0	0.800035
54	0	2	1	3	4	1	0	1	0	0	0	0	1	0.7975
54	0	0	1	6	0	3	0	2	0	0	0	0	3	0.749987
54	0	0	1	7	1	3	0	0	0	0	0	0	3	0.700422
54	0	2	1	1	1	1	0	1	0	0	0	0	1	0.664875
54	0	2	1	9	1	1	0	1	0	0	0	0	1	0.664875
54	0	2	1	2	0	1	0	1	0	0	0	0	1	0.657083
54	0	0	1	1	2	8	0	2	0	0	0	1	7	0.65024
54	0	2	1	0	0	1	0	2	0	0	0	0	4	0.590741
54	0	2	1	1	2	1	0	1	0	0	0	0	1	0.528125
54	0	0	1	3	4	3	0	1	0	0	0	1	7	0.500528
54	0	0	1	8	1	0	0	0	0	0	0	1	0	0.40896
55	1	2	2	5	0	1	0	1	0	0	0	0	4	0.951944
55	1	2	2	2	0	1	0	1	0	0	0	0	1	0.945556
55	1	2	2	6	0	1	0	1	0	0	0	0	1	0.929074
55	1	2	2	1	0	1	0	1	0	0	0	0	1	0.890604
55	1	2	2	9	0	1	0	1	0	0	0	0	1	0.890604
55	1	2	2	1	1	1	0	1	0	0	0	0	1	0.884
55	1	2	2	8	4	1	0	1	0	0	0	0	1	0.857917
55	1	0	2	9	0	0	0	0	0	0	0	0	0	0.850084
55	1	0	2	1	0	0	0	0	0	0	0	0	0	0.850071
55	1	0	2	5	0	5	0	2	0	0	0	1	0	0.800511
55	1	0	2	2	0	8	0	2	0	0	0	0	2	0.800402
55	1	0	2	2	0	2	0	2	0	0	0	0	0	0.800035
55	1	2	2	2	0	1	0	1	0	0	0	0	1	0.755208
55	1	0	2	6	0	3	0	0	0	0	0	0	3	0.750372
55	1	0	2	7	1	3	0	0	0	0	0	0	3	0.700422
55	1	0	2	1	1	8	0	2	0	0	0	1	7	0.700106
55	1	0	2	3	2	3	0	1	0	0	0	1	7	0.601037
55	1	0	2	0	2	5	0	0	0	0	0	1	0	0.600529
55	1	0	2	8	4	0	0	0	0	0	0	1	0	0.500034
55	1	2	2	0	2	1	0	1	0	0	0	0	1	0.450937
55	1	2	2	7	1	1	0	1	0	0	0	0	1	0.441042
55	1	2	2	3	2	1	0	1	0	0	0	0	1	0.271875
56	1	2	3	2	0	1	0	1	1	0	0	0	1	0.960625
56	1	2	3	2	0	1	0	1	1	0	0	0	1	0.902963
56	1	2	3	8	2	1	0	1	2	0	0	0	4	0.864343
56	1	0	3	9	0	0	0	0	0	0	0	0	0	0.850446
56	1	0	3	1	0	0	0	0	0	0	0	0	0	0.850427
56	1	2	3	6	0	1	0	1	3	0	0	0	4	0.841
56	1	0	3	5	0	5	0	2	0	0	0	1	0	0.800842
56	1	0	3	2	0	8	0	2	0	0	0	0	2	0.800402
56	1	0	3	2	0	2	0	2	0	0	0	0	0	0.800035
56	1	2	3	5	0	1	0	1	4	0	0	0	4	0.795417
56	1	2	3	9	0	1	0	1	1	0	0	0	1	0.795388
56	1	2	3	1	0	1	0	1	1	0	0	0	1	0.794567
56	1	0	3	6	0	3	0	0	0	0	0	0	3	0.750396
56	1	0	3	1	1	8	0	0	0	0	0	1	7	0.700516
56	1	0	3	7	1	3	0	0	0	0	0	0	3	0.700422
56	1	2	3	1	1	1	0	1	4	0	0	0	1	0.6825
56	1	0	3	3	2	3	0	2	0	0	0	1	7	0.650962
56	1	0	3	0	2	5	0	0	0	0	0	1	0	0.650421
56	1	0	3	8	2	0	0	0	0	0	0	1	0	0.600041
56	1	0	3	4	4	5	0	0	0	0	0	1	0	0.500611
56	1	2	3	7	1	1	0	1	1	0	0	0	1	0.477292
56	1	2	3	0	2	1	0	1	1	0	0	0	1	0.264062
57	1	2	4	2	0	1	0	1	0	0	0	0	1	0.92
57	1	2	4	8	2	1	0	1	0	0	0	0	4	0.909392
57	1	0	4	1	0	0	0	0	0	0	0	0	0	0.900061
57	1	2	4	5	0	1	0	1	0	0	0	0	4	0.894444
57	1	2	4	9	0	1	0	1	0	0	0	0	1	0.881575
57	1	2	4	1	0	1	0	1	0	0	0	0	1	0.880754
57	1	0	4	9	0	0	0	0	0	0	0	0	0	0.850084
57	1	2	4	6	0	1	0	1	0	0	0	0	4	0.821667
57	1	0	4	2	0	8	0	2	0	0	0	0	2	0.800402
57	1	0	4	5	0	5	0	0	0	0	0	1	0	0.800072
57	1	0	4	2	0	2	0	2	0	0	0	0	0	0.800035
57	1	2	4	2	0	1	0	1	0	0	0	0	1	0.758229
57	1	0	4	7	0	3	0	0	0	0	0	0	3	0.750608
57	1	0	4	6	0	3	0	0	0	0	0	0	3	0.750396
57	1	2	4	1	1	1	0	1	0	0	0	0	1	0.741
57	1	0	4	0	1	5	0	0	0	0	0	1	0	0.700505
57	1	0	4	3	1	3	0	2	0	0	0	1	7	0.700246
57	1	0	4	1	1	8	0	0	0	0	0	1	7	0.700052
57	1	0	4	8	2	0	0	0	0	0	0	1	0	0.650044
57	1	0	4	4	2	5	0	0	0	0	0	1	0	0.630403
57	1	2	4	0	2	1	0	1	0	0	0	0	1	0.560625
57	1	2	4	4	4	1	0	1	0	0	0	0	1	0.560625
57	1	2	4	7	1	1	0	1	0	0	0	0	1	0.39875
58	1	2	5	2	0	1	0	1	0	0	0	0	1	0.92284
58	1	2	5	2	0	1	0	1	0	0	0	0	1	0.874028
58	1	2	5	1	0	1	0	1	0	0	0	0	1	0.819271
58	1	2	5	9	0	1	0	1	0	0	0	0	1	0.813309
58	1	2	5	1	0	1	0	1	0	0	0	0	1	0.812625
58	1	0	5	2	0	8	0	2	0	0	0	0	2	0.800402
58	1	0	5	5	0	5	0	0	0	0	0	1	0	0.800072
58	1	0	5	2	0	2	0	2	0	0	0	0	0	0.800035
58	1	2	5	5	0	1	0	1	0	0	0	0	1	0.786632
58	1	2	5	8	1	1	0	1	0	0	0	0	4	0.75885
58	1	0	5	7	0	3	0	0	0	0	0	0	3	0.750608
58	1	0	5	6	0	3	0	2	0	0	0	0	3	0.750347
58	1	0	5	1	0	8	0	0	0	0	0	1	7	0.750141
58	1	0	5	1	0	0	0	0	0	0	0	0	0	0.750051
58	1	0	5	9	0	0	0	0	0	0	0	0	0	0.750051
58	1	0	5	8	1	0	0	0	0	0	0	1	0	0.700557
58	1	0	5	0	1	5	0	0	0	0	0	1	0	0.700505
58	1	0	5	3	1	3	0	2	0	0	0	1	7	0.700246
58	1	0	5	4	2	5	0	0	0	0	0	1	0	0.650596
58	1	2	5	7	0	1	0	1	0	0	0	0	1	0.628333
58	1	2	5	0	1	1	0	1	0	0	0	0	1	0.625625
58	1	2	5	4	2	1	0	1	0	0	0	0	1	0.625625
58	1	2	5	6	0	1	0	1	0	0	0	0	4	0.505889
58	1	2	5	3	1	1	0	1	0	0	0	0	1	0.394722
