0	0	0	0	0	0	0	0	0	0	0	0	0	0	0	0	0	0	0	1.910864
0	1	0	0	0	0	0	0	0	0	0	0	0	0	0	0	0	0	1	1.941465
0	2	1	0	0	0	1	0	0	0	0	0	0	0	0	0	0	0	1	1.987902
0	3	1	0	0	0	0	0	0	0	0	0	0	0	0	0	0	0	0	1.875362
0	1	0	0	0	0	0	0	0	0	1	1	0	0	0	0	0	0	1	1.863654
0	4	2	0	0	0	0	0	0	0	0	0	0	0	0	0	0	0	0	1.877146
0	5	2	0	0	0	0	0	0	0	1	0	0	0	0	0	0	0	1	1.860191
0	3	1	0	1	0	0	0	0	0	1	1	0	0	1	0	1	0	2	1.783512
0	3	1	0	0	0	0	0	0	0	1	0	0	0	0	0	0	0	1	1.950405
0	6	1	0	0	0	0	0	0	0	0	0	0	0	0	0	0	0	1	2.099905
0	3	1	0	0	0	0	0	0	0	0	0	0	0	0	0	0	0	1	2.043865
0	5	2	0	1	0	0	0	0	0	0	0	0	0	0	0	0	0	1	2.09922
0	7	0	0	0	0	0	0	0	0	0	0	0	0	0	0	0	0	0	2.019747
0	1	0	0	0	0	0	0	0	0	0	0	0	0	0	0	0	0	1	1.985552
0	8	1	0	1	0	0	0	0	0	0	0	0	1	0	0	0	1	0	2.126063
0	5	2	0	0	0	0	0	0	0	0	0	0	0	0	0	0	0	1	2.006642
0	7	0	0	0	0	0	0	0	0	0	0	0	0	0	0	0	0	0	1.909255
0	6	0	0	0	0	0	0	0	0	0	0	0	0	0	0	0	0	1	1.937892
0	8	3	0	0	0	0	0	0	0	1	1	1	0	2	0	0	0	2	2.332243
0	2	0	0	1	0	0	0	0	0	1	1	0	0	0	0	0	0	1	1.916419
0	1	0	0	0	0	0	0	0	0	0	0	0	0	0	0	0	0	0	1.986748
0	9	0	0	0	0	1	0	1	0	0	0	0	0	2	0	0	0	0	2.164262
0	1	2	0	1	0	0	0	0	0	1	0	0	0	0	0	0	0	1	1.966536
0	4	1	0	1	0	0	0	0	0	0	0	0	0	0	0	0	0	1	1.990381
0	0	1	0	0	0	0	0	0	0	1	0	0	0	2	0	0	0	2	2.198051
0	3	0	0	0	0	0	0	0	0	1	0	0	0	0	0	0	0	2	2.038483
0	2	2	0	0	0	0	0	0	0	0	0	0	0	2	0	0	0	1	2.0861
0	9	1	0	0	0	0	0	0	0	0	0	0	1	2	0	0	1	0	2.192935
0	0	1	0	0	0	0	0	0	0	0	0	0	0	0	0	0	0	1	2.046683
0	3	1	0	0	0	0	0	1	0	1	1	1	0	1	0	2	0	3	1.28706
0	3	3	0	0	0	0	0	0	0	0	0	0	0	0	1	1	1	2	2.291118
0	1	0	0	0	0	0	0	0	0	0	0	0	0	0	0	0	0	0	1.984785
0	2	1	0	1	1	1	0	0	0	0	0	0	0	0	0	0	1	0	2.069452
0	4	2	0	0	0	0	0	0	0	0	0	0	0	0	0	0	0	1	2.043726
0	6	0	0	0	0	0	0	0	0	1	0	0	0	0	0	1	0	2	2.20467
0	3	3	0	0	0	0	0	0	0	0	0	0	0	0	0	0	0	1	1.993183
0	3	2	0	0	0	0	0	0	0	0	0	0	0	0	0	0	0	1	2.060955
0	4	0	0	0	0	0	0	0	0	0	0	0	0	0	0	0	0	0	2.011228
0	4	1	0	1	0	0	0	0	0	0	0	0	0	0	0	3	0	0	1.903686
0	2	0	0	0	0	0	0	0	0	0	0	0	0	0	0	0	0	1	1.83885
0	6	2	0	1	0	0	0	0	0	1	1	0	0	0	0	1	0	2	1.910945
0	4	2	0	0	0	0	0	0	0	0	0	0	0	0	0	0	0	0	1.870487
0	4	2	0	1	0	0	0	0	0	0	0	0	0	0	0	0	0	1	1.974495
0	1	2	0	2	0	0	0	0	0	0	0	0	0	0	0	0	0	0	1.940832
0	4	2	0	0	0	0	0	0	0	0	0	0	0	0	0	0	0	0	1.872506
0	5	2	0	0	0	0	0	0	0	1	1	0	0	0	0	0	0	1	1.82234
0	6	0	0	1	0	0	0	0	0	0	0	0	0	0	0	1	0	1	2.221276
0	1	2	0	0	0	0	0	0	0	1	1	0	0	0	0	0	0	1	1.891015
1	4	0	0	0	0	0	0	0	0	2	2	2	2	2	2	4	2	2	-1.940813
1	5	3	0	0	0	0	0	0	0	2	2	2	3	3	3	4	2	3	-1.98088
1	9	0	0	0	0	0	0	0	0	2	2	2	3	2	3	4	2	3	-1.973221
1	7	0	0	1	0	0	0	0	0	2	2	3	2	2	3	4	3	3	-1.982099
1	9	0	0	0	0	0	0	1	0	2	3	3	2	2	3	4	3	3	-2.004988
1	8	0	0	0	0	0	0	0	0	2	2	3	2	3	2	4	3	2	-2.020234
1	5	3	0	0	0	0	0	0	0	2	2	2	3	3	2	4	2	2	-1.95141
1	1	3	0	0	0	0	0	0	0	2	2	2	3	3	3	4	2	3	-1.978657
1	8	0	0	0	0	0	0	0	0	2	2	3	2	3	3	4	3	3	-2.045996
1	8	0	0	1	0	0	0	0	0	2	3	3	2	3	3	4	3	2	-2.047243
1	2	0	0	0	0	0	0	0	0	2	3	3	2	3	3	4	3	3	-2.046998
1	4	0	0	1	0	0	0	1	0	2	2	2	3	3	3	4	2	3	-1.990627
1	9	0	0	0	0	0	0	0	0	2	2	3	3	2	3	4	3	3	-1.998993
1	2	0	0	0	0	1	0	0	0	2	3	3	2	3	3	5	3	3	-2.118572
1	9	0	0	0	0	0	0	0	0	2	2	2	3	3	2	4	2	2	-2.00738
1	5	3	0	0	0	0	0	0	0	2	2	2	3	2	3	4	2	3	-1.965703
1	8	0	0	0	0	1	0	0	0	2	2	3	2	3	3	4	3	3	-2.056734
1	7	0	0	1	0	1	0	1	0	3	3	3	2	0	4	5	3	3	-1.868277
1	4	0	0	0	1	1	0	0	0	2	2	3	2	3	2	4	3	2	-1.998547
1	8	0	0	0	0	0	0	0	0	2	3	3	2	2	3	4	3	3	-2.016646
1	6	3	0	0	0	0	0	2	0	3	3	3	2	2	4	5	3	3	-2.143718
1	7	0	0	1	0	0	0	0	0	2	2	3	2	2	3	4	3	3	-1.930196
1	1	3	0	0	0	0	0	0	0	2	2	3	2	2	3	4	3	3	-1.940423
1	9	0	0	0	0	0	0	0	0	2	2	3	2	2	3	4	3	2	-1.947472
1	5	3	0	0	0	0	0	0	0	2	2	2	3	3	2	4	2	2	-1.97757
1	2	0	0	0	0	0	0	0	0	2	2	3	2	3	3	4	3	3	-2.025133
1	9	0	0	0	0	0	0	0	0	2	2	3	2	3	3	4	3	3	-1.986307
1	2	0	0	0	0	0	0	0	0	2	2	2	3	3	3	4	2	3	-1.987599
1	2	0	0	0	0	0	0	0	0	2	3	3	2	3	3	5	3	3	-2.101377
1	7	0	0	0	0	0	0	0	0	2	3	3	2	2	3	4	3	3	-1.919167
1	5	3	0	0	0	0	0	0	0	2	2	2	2	2	3	4	2	2	-1.942662
1	4	0	0	1	0	0	0	0	0	2	2	2	3	3	2	4	2	3	-2.048697
1	2	0	0	0	0	0	0	1	0	2	3	3	2	2	3	4	3	3	-2.000118
1	4	0	0	0	0	1	0	1	0	2	2	3	2	2	3	4	3	3	-1.986776
1	2	0	0	0	0	0	0	0	0	2	2	3	2	3	3	4	3	3	-2.039491
1	9	0	0	0	0	0	0	0	0	3	3	3	2	2	3	5	3	3	-1.992997
1	9	0	0	0	0	0	0	0	0	2	2	3	2	2	3	4	3	3	-1.956023
1	8	0	0	0	0	0	0	0	0	2	2	3	2	3	3	4	3	3	-2.038016
1	8	0	0	0	0	1	0	0	0	2	3	3	2	3	3	5	3	3	-2.06786
1	8	0	0	0	0	1	0	1	0	3	3	3	2	2	3	5	3	3	-2.175826
1	2	0	0	0	0	0	0	0	0	2	2	2	3	3	3	4	2	3	-2.040515
1	1	3	0	1	0	0	0	0	0	2	2	3	3	2	3	4	3	3	-1.970398
1	8	0	0	0	0	0	0	0	0	2	2	3	2	3	3	4	3	3	-2.074616
1	0	0	0	0	0	0	0	0	0	2	2	3	2	2	3	4	3	3	-1.930048
1	2	0	0	0	1	1	0	1	0	2	2	3	2	2	3	4	3	3	-1.964901
1	8	0	0	0	0	0	0	0	0	2	2	3	2	3	3	4	3	3	-2.081095
1	8	0	0	0	0	0	0	0	0	2	2	2	3	3	2	4	2	2	-2.065421
1	9	0	0	1	0	0	0	0	0	2	2	2	2	2	2	4	2	2	-1.958085
1	9	0	0	1	0	1	0	0	0	2	2	2	2	3	2	4	2	2	-1.968511
1	7	0	0	0	0	0	0	0	0	2	3	3	2	2	3	4	3	3	-1.917349
1	7	0	0	0	0	0	0	1	0	3	3	3	2	2	4	5	3	3	-1.998368
1	2	0	0	1	0	0	0	0	0	2	2	3	2	3	3	4	3	3	-2.038956
1	7	0	0	1	0	0	0	0	0	2	3	3	2	2	3	4	3	3	-1.887731
1	4	0	0	0	0	1	0	1	0	2	2	2	3	3	2	4	2	3	-2.11269
1	6	3	0	0	0	0	0	2	0	3	3	3	2	2	3	5	3	3	-2.126558
1	7	0	0	1	0	0	0	0	0	2	2	3	2	2	3	4	3	3	-1.937924
1	9	0	0	0	0	0	0	1	0	3	3	3	2	2	3	5	3	3	-1.995801
1	4	0	0	0	0	0	0	0	0	2	2	2	2	3	2	4	2	2	-2.006186
1	8	0	0	0	1	1	0	0	0	2	2	2	3	3	2	4	2	3	-2.043399
1	4	0	0	0	2	0	0	1	0	2	2	2	2	3	2	4	2	2	-1.974394
1	0	0	0	0	0	0	0	0	0	2	2	3	2	2	3	4	3	3	-1.996042
1	8	0	0	0	2	0	0	0	0	2	2	3	2	3	2	4	3	3	-2.071876
1	7	0	0	1	0	0	0	0	0	2	3	3	2	2	3	4	3	3	-1.904978
1	8	0	0	0	0	0	0	0	0	2	2	2	2	3	2	4	2	2	-2.063044
1	2	0	0	0	0	0	0	0	0	2	2	3	2	3	3	4	3	3	-2.025942
1	4	0	0	0	0	0	0	0	0	2	2	2	3	3	2	4	2	3	-1.995072
1	8	0	0	0	0	0	0	0	0	2	2	3	2	3	3	4	3	3	-2.051671
1	7	0	0	0	0	0	0	0	0	2	2	3	3	2	3	4	3	3	-1.95277
1	0	0	0	1	0	0	0	0	0	2	2	3	2	2	3	4	3	3	-1.910677
1	4	0	0	0	0	0	0	0	0	2	2	2	3	3	2	4	2	2	-2.008931
1	9	0	0	1	0	1	0	0	0	2	2	3	2	3	3	4	3	2	-1.973056
1	6	3	0	0	0	1	0	1	0	2	3	3	2	2	3	4	3	3	-2.052453
1	8	0	0	0	0	1	0	0	0	2	2	3	2	3	3	4	3	3	-2.052705
1	4	0	0	0	0	0	0	0	0	2	2	2	3	3	2	4	2	3	-1.985899
1	8	0	0	0	0	0	0	0	0	2	3	3	2	3	2	4	3	2	-2.016578
1	8	0	0	0	0	0	0	0	0	2	2	2	3	3	2	4	2	2	-2.064277
1	0	0	0	1	0	0	0	0	0	2	2	3	2	2	3	4	3	3	-1.949088
1	9	0	0	0	0	0	0	0	0	2	2	2	3	3	3	4	2	3	-1.99344
1	6	3	0	0	0	0	0	0	0	2	3	3	2	3	3	4	3	2	-2.010723
1	9	0	0	0	0	0	0	0	0	2	2	2	2	3	2	4	2	2	-1.984565
1	8	0	0	0	0	0	0	0	0	2	2	2	3	3	2	4	2	2	-2.021838
1	2	0	0	0	0	0	0	1	0	3	3	3	2	2	3	5	3	3	-2.037568
1	1	0	0	0	0	0	0	0	0	2	2	2	3	3	2	4	2	2	-2.008719
1	5	3	0	0	0	0	0	0	0	2	2	2	3	3	2	4	2	2	-1.956005
1	6	3	0	0	0	0	0	0	0	2	3	3	2	3	3	4	3	3	-2.032929
1	4	0	0	0	0	1	0	0	0	2	2	2	3	3	2	4	2	3	-2.03483
1	3	3	0	0	0	0	0	2	0	2	3	3	2	2	3	5	3	3	-1.998857
1	2	0	0	0	0	0	0	0	0	2	2	2	3	3	3	4	2	3	-1.987599
1	2	0	0	0	0	0	0	1	0	3	3	3	2	2	3	5	3	3	-2.045201
2	9	4	0	0	0	0	0	0	0	0	0	0	1	2	4	6	1	4	-2.097293
2	2	4	0	0	0	0	0	0	0	0	0	0	1	2	4	6	1	4	-2.107303
2	2	5	0	0	0	0	0	0	0	0	0	0	1	1	1	7	1	5	0
2	8	5	0	0	0	0	0	0	0	0	0	0	1	1	1	7	1	5	0
2	0	5	0	0	0	0	0	0	0	0	0	0	1	1	1	7	1	5	0
2	9	6	0	0	0	0	0	1	0	0	0	1	1	2	4	6	0	0	-2.171949
2	2	6	0	0	0	0	0	0	0	0	0	0	1	0	5	6	1	0	-2.05997
2	8	7	0	0	0	0	0	0	0	0	0	0	1	0	5	6	1	0	-2.121837
2	7	5	0	0	0	0	0	0	0	0	0	0	1	1	1	7	1	6	-2.094395
2	9	7	0	0	0	0	0	0	0	0	0	0	1	0	5	6	1	0	-1.780255
2	2	7	0	0	0	0	0	0	0	0	0	0	1	0	5	6	1	4	-2.034152
2	7	5	0	0	0	0	0	0	0	0	0	0	1	1	1	7	1	5	0
2	9	8	0	0	0	1	0	0	0	0	0	0	1	0	5	6	1	0	-2.067026
2	9	5	0	0	0	0	0	0	0	0	0	0	1	1	1	7	1	0	-1.920944
2	2	6	0	0	0	0	0	1	0	0	0	1	1	2	4	6	0	0	-2.064482
2	9	7	0	0	0	0	0	0	0	0	0	0	1	0	5	6	1	4	-2.04457
2	9	8	0	0	0	0	0	0	0	0	0	0	1	0	5	6	1	0	-1.749258
2	9	6	0	0	0	0	0	0	0	0	0	1	1	2	4	6	0	4	-2.074133
2	2	5	0	0	0	0	0	0	0	0	0	0	1	1	1	7	1	5	0
2	9	6	0	0	0	1	0	0	0	0	0	1	1	2	4	6	0	0	-2.162872
2	8	8	0	0	0	0	0	0	0	0	0	0	1	0	5	6	1	4	-1.93491
2	4	8	0	0	0	0	0	0	0	0	0	0	1	1	1	7	1	5	0
2	9	5	0	0	0	0	0	0	0	0	0	0	1	1	1	7	1	6	-2.094395
2	4	5	0	0	0	0	0	0	0	0	0	0	1	1	1	7	1	5	0
2	2	6	0	0	0	0	0	0	0	1	0	1	1	2	4	6	0	1	-2.162383
2	2	5	0	0	0	0	0	0	0	0	0	0	1	1	1	7	1	5	0
2	9	8	0	0	0	0	0	0	0	0	0	0	1	0	5	6	1	0	-2.054475
2	8	5	0	0	0	0	0	0	0	0	0	0	1	1	1	7	1	5	0
2	4	5	0	0	0	0	0	0	0	0	0	0	1	1	1	7	1	5	0
2	4	5	0	0	0	0	0	0	0	0	0	0	1	0	1	7	1	7	-1.988202
2	4	6	0	0	0	0	0	0	0	0	0	0	1	0	5	6	1	0	-2.056119
2	8	4	0	0	0	0	0	0	0	0	0	0	1	2	4	6	1	4	-2.085342
2	9	4	0	0	0	1	0	0	0	0	0	0	1	0	5	6	1	0	-2.036228
2	4	4	0	0	0	0	0	0	0	0	0	0	1	1	1	7	1	6	-1.570796
2	2	7	0	0	0	0	0	0	0	0	0	0	1	0	5	6	1	4	-2.039459
2	2	7	0	0	0	0	0	0	0	0	0	0	1	0	5	6	1	4	-2.015428
2	4	8	0	0	0	1	0	0	0	0	0	0	1	1	1	7	1	6	-1.628908
2	2	7	0	0	0	0	0	0	0	0	0	0	1	0	5	6	1	4	-2.048717
2	9	5	0	0	0	0	0	0	0	0	0	0	1	1	1	7	1	3	-2.094395
2	4	5	0	0	0	0	0	0	0	0	0	0	1	1	1	7	1	3	-1.861154
2	8	6	0	0	1	0	0	0	0	0	0	0	1	0	5	6	1	4	-2.047276
2	8	7	0	0	0	0	0	0	0	0	0	0	1	2	4	6	1	0	-2.121878
2	4	8	0	0	0	1	0	0	0	0	0	0	1	1	1	7	1	5	-1.890484
2	8	5	0	0	0	0	0	0	0	0	0	0	1	1	1	7	1	5	0
2	7	5	0	0	0	0	0	0	0	0	0	0	1	1	1	7	1	2	-1.90427
2	2	8	0	0	0	0	0	0	0	0	0	0	1	0	5	6	1	4	-1.989546
2	0	5	0	0	0	1	0	0	0	0	0	0	1	1	1	7	1	5	-2.221716
2	9	5	0	0	0	0	0	0	0	0	0	0	1	1	1	7	1	7	-1.986938
2	7	5	0	0	0	0	0	0	0	0	0	0	1	1	1	7	1	5	0
2	9	8	0	0	0	1	0	0	0	0	0	0	1	0	5	6	1	0	-2.043884
2	4	6	0	0	0	0	0	0	0	0	0	1	1	2	4	6	0	1	-2.153332
2	4	8	0	0	0	0	0	0	0	0	0	0	1	1	1	7	1	5	0
2	2	7	0	0	0	0	0	0	0	0	0	0	1	0	5	6	1	4	-2.048717
2	4	4	0	0	0	0	0	0	0	0	0	0	1	1	1	7	1	5	0
2	4	5	0	0	0	0	0	0	0	0	0	0	1	1	1	7	1	5	0
2	2	8	0	0	0	0	0	0	0	0	0	0	1	0	5	6	1	4	-1.987466
2	9	5	0	0	0	0	0	0	0	0	0	0	1	1	1	7	1	5	0
2	7	5	0	0	0	0	0	0	0	0	0	0	1	1	1	7	1	6	-2.094395
2	4	4	0	0	0	0	0	0	0	0	0	0	1	1	1	7	1	5	0
2	8	5	0	0	0	0	0	0	0	0	0	0	1	1	1	7	1	5	0
2	9	7	0	0	0	0	0	0	0	0	0	0	1	0	4	6	1	4	-2.068204
2	8	5	0	0	0	0	0	0	0	0	0	0	1	1	1	7	1	5	0
2	9	5	0	0	0	0	0	0	0	0	0	0	1	1	1	7	1	8	-2.094395
2	2	5	0	0	0	0	0	0	0	0	0	0	1	1	1	7	1	3	-2.094395
2	2	5	0	0	0	0	0	0	0	0	0	0	1	1	1	7	1	6	-2.094395
2	4	5	0	0	0	0	0	0	0	0	0	0	1	1	1	7	1	5	0
2	7	5	0	0	0	0	0	0	0	0	0	0	1	1	1	7	1	5	0
2	9	5	0	0	0	0	0	0	0	0	0	0	1	1	1	7	1	6	-2.094395
2	2	4	0	0	0	0	0	0	0	0	0	0	1	2	4	6	1	4	-2.068564
2	4	5	0	0	0	0	0	0	0	0	0	0	1	1	1	7	1	3	-2.094395
2	8	7	0	0	0	0	0	0	0	0	0	0	1	2	4	6	1	0	-2.121837
2	9	7	0	0	0	0	0	0	0	0	0	0	1	0	4	6	1	4	-2.066953
2	8	4	0	0	1	0	0	2	0	1	0	1	1	2	4	7	0	1	-2.370613
2	2	5	0	0	0	0	0	0	0	0	0	0	1	1	1	7	1	5	0
2	9	5	0	0	0	0	0	0	0	0	0	0	1	1	1	7	1	8	-2.094395
2	4	7	0	0	0	0	0	0	0	0	0	0	1	1	1	7	1	5	0
2	0	5	0	0	0	0	0	0	0	0	0	0	1	1	1	7	1	5	0
2	4	5	0	0	0	0	0	0	0	0	0	0	1	1	1	7	1	5	0
2	4	5	0	0	0	0	0	0	0	0	0	0	1	1	1	7	1	5	0
2	8	5	0	0	0	0	0	0	0	0	0	0	1	1	1	7	1	3	-2.094395
2	2	7	0	0	0	0	0	0	0	0	0	0	1	0	5	6	1	0	-1.965246
2	4	5	0	0	0	0	0	0	0	0	0	0	1	1	1	7	1	5	0
2	2	5	0	0	0	0	0	0	0	0	0	0	1	1	1	7	1	7	-1.986938
2	9	6	0	0	0	0	0	0	0	0	0	0	1	0	5	6	1	4	-2.057978
2	9	8	0	0	0	0	0	0	0	0	0	0	1	0	5	6	1	4	-2.035769
2	9	8	0	0	0	0	0	0	0	1	0	1	1	2	4	6	0	1	-2.128465
2	4	7	0	0	0	1	0	0	0	0	0	0	1	1	1	7	1	6	-1.861154
2	4	4	0	0	0	0	0	0	0	0	0	0	1	1	1	7	1	0	-1.84512
2	9	5	0	0	0	0	0	0	0	0	0	0	1	1	1	7	1	5	0
2	7	5	0	0	0	0	0	0	0	0	0	0	1	1	1	7	1	3	-2.094395
2	4	5	0	0	0	0	0	0	0	0	0	0	1	1	1	7	1	5	0
2	9	5	0	0	0	0	0	0	0	0	0	0	1	1	1	7	1	5	0
2	9	5	0	1	0	0	0	0	0	0	0	0	1	1	1	7	1	4	-2.04515
2	8	4	0	1	0	0	0	0	0	1	0	1	1	2	4	6	0	0	-2.193098
2	4	7	0	0	0	0	0	0	0	0	0	0	1	1	1	7	1	3	-1.512684
2	2	5	0	0	0	0	0	0	0	0	0	0	1	1	1	7	1	5	0
3	3	4	0	0	0	0	0	0	0	4	2	2	3	4	6	8	2	2	-2.125735
3	9	7	0	0	0	0	0	0	0	3	3	3	2	2	3	5	3	3	-2.054964
3	7	8	0	0	0	1	0	1	0	2	2	3	2	2	3	4	3	3	-1.970802
3	1	7	0	1	0	0	0	0	0	4	2	4	3	4	6	8	4	2	-2.070832
3	4	9	0	0	0	0	0	0	0	3	3	5	0	2	4	5	5	2	-2.088914
3	5	6	0	0	0	0	0	0	0	2	3	3	2	4	2	4	3	2	-2.133676
3	5	7	0	0	0	0	0	0	0	2	2	2	3	4	2	8	2	2	-2.069541
3	7	8	0	0	0	2	0	0	0	3	1	5	0	2	3	5	5	2	-2.046542
3	4	3	0	1	0	0	0	0	0	1	1	1	0	1	1	6	0	6	-1.596679
3	9	9	0	0	0	1	0	0	0	3	3	5	2	2	3	5	5	2	-2.068113
3	5	9	0	0	0	0	0	0	0	3	3	3	2	3	2	4	3	2	-2.068644
3	9	8	0	0	0	0	0	0	0	2	3	3	2	3	2	4	3	2	-2.094303
3	6	6	0	0	0	0	0	0	0	4	4	4	4	5	6	8	4	2	-2.124981
3	7	8	0	0	0	2	0	0	0	3	1	5	0	2	4	5	5	2	-2.04294
3	3	4	0	0	0	0	0	0	0	4	4	4	4	4	6	8	4	3	-2.107785
3	0	7	0	0	0	0	0	0	0	4	2	2	3	3	2	8	2	3	-2.022861
3	3	4	0	1	0	0	0	0	0	4	4	4	4	5	7	9	4	2	-2.128801
3	5	6	0	0	0	3	0	0	0	3	3	3	2	2	3	5	3	2	-2.030428
3	3	7	0	0	0	0	0	0	0	4	4	4	3	4	6	8	4	3	-2.076662
3	5	6	0	1	1	1	0	0	0	2	2	2	3	4	6	8	2	2	-2.060607
3	7	9	0	0	0	1	0	0	0	2	3	3	2	3	3	5	3	3	-2.064038
3	8	5	0	1	0	0	0	0	0	2	3	3	2	4	2	4	3	2	-2.175349
3	0	9	0	0	0	0	0	0	0	4	4	2	3	3	2	4	2	3	-2.014126
3	1	8	0	0	0	1	0	1	0	2	2	2	2	3	2	4	2	2	-2.097363
3	6	8	0	1	0	0	0	0	0	2	2	2	3	4	6	8	2	2	-2.107858
3	0	5	0	1	0	0	0	0	0	4	2	4	3	5	6	4	4	2	-2.166151
3	7	6	0	1	2	1	0	1	0	2	3	3	2	2	3	5	3	3	-2.030048
3	6	9	0	0	0	0	0	0	0	4	2	2	3	4	6	8	2	2	-2.112723
3	8	8	0	0	0	0	0	1	0	3	3	3	2	3	2	4	3	2	-2.088579
3	8	9	0	0	0	1	0	0	0	3	3	3	2	3	3	5	3	2	-2.106235
3	1	7	0	0	0	0	0	0	0	4	2	2	3	4	6	4	2	2	-2.143048
3	8	8	0	0	0	0	0	0	0	3	3	5	2	3	3	5	5	2	-2.102607
3	2	6	0	0	0	0	0	0	0	2	2	2	3	4	2	4	2	2	-2.123537
3	2	4	0	1	0	0	0	0	0	2	3	3	2	3	3	5	3	3	-2.120131
3	0	9	0	0	0	0	0	0	0	4	2	2	3	3	2	8	2	3	-2.045165
3	6	7	0	0	0	4	0	0	0	4	2	4	3	5	6	8	4	2	-2.126207
3	1	9	0	0	0	0	0	0	0	2	2	2	3	4	2	4	2	2	-2.102441
3	4	9	0	0	0	0	0	0	0	3	3	5	0	2	4	5	5	2	-2.024268
3	5	4	0	0	0	0	0	0	0	3	3	3	2	3	2	4	3	2	-2.048732
3	9	5	0	0	0	0	0	0	0	3	3	3	2	3	3	5	3	2	-2.091572
3	0	7	0	0	0	0	0	0	0	4	2	2	3	3	2	4	2	3	-2.041901
3	0	9	0	1	0	0	0	0	0	4	2	4	3	4	6	8	4	2	-2.126989
3	6	7	0	0	0	0	0	0	0	4	4	4	4	5	7	8	4	2	-2.124459
3	3	8	0	0	0	0	0	0	0	4	4	4	3	4	6	8	4	3	-2.08957
3	0	8	0	1	0	1	0	0	0	2	2	2	3	2	3	4	2	3	-1.99488
3	2	9	0	0	0	0	0	0	0	3	1	5	0	2	3	5	5	2	-2.064723
3	2	5	0	0	0	0	0	0	0	3	3	3	2	3	3	5	3	2	-2.146969
3	8	7	0	0	0	0	0	0	0	3	3	3	2	2	4	5	3	3	-1.990412
3	9	8	0	0	0	0	0	1	0	3	3	5	2	2	4	5	5	3	-1.96031
3	2	7	0	0	1	0	0	1	0	3	3	5	2	2	4	5	5	3	-1.960582
3	5	5	0	0	0	1	0	0	0	1	1	1	0	0	5	6	0	3	-1.90381
3	1	7	0	0	0	0	0	0	0	4	2	4	3	4	6	8	4	2	-2.118087
3	6	8	0	0	0	0	0	0	0	4	4	4	3	4	6	8	4	2	-2.105073
3	1	5	0	0	0	0	0	1	0	2	3	3	2	3	2	4	3	2	-2.081842
3	5	9	0	1	0	0	0	0	0	1	1	1	0	0	4	6	0	2	-1.96874
3	3	8	0	1	0	0	0	0	0	4	4	4	4	4	2	8	4	3	-2.068537
3	7	6	0	0	0	1	0	0	0	2	3	3	2	3	2	4	3	2	-2.122875
3	0	4	0	0	0	4	0	0	0	4	4	4	4	3	2	8	4	3	-2.038824
3	7	8	0	0	0	4	0	0	0	3	1	5	0	2	4	5	5	2	-2.05839
3	4	9	0	0	0	0	0	2	0	3	3	3	2	3	3	5	3	2	-2.089186
3	5	4	0	0	0	0	0	0	0	4	2	2	3	4	6	8	2	2	-2.078504
3	3	8	0	0	0	0	0	0	0	4	2	4	3	4	6	8	4	3	-2.089105
3	0	8	0	0	0	0	0	0	0	2	2	2	3	3	2	4	2	3	-2.024061
3	7	4	0	0	0	0	0	0	0	2	2	2	3	3	3	4	2	3	-2.045905
3	1	7	0	0	0	0	0	0	0	4	2	4	3	4	6	8	4	2	-2.109804
3	5	4	0	0	0	1	0	0	0	1	1	5	0	2	4	5	5	2	-2.061006
3	9	8	0	0	0	0	0	2	0	3	1	5	0	0	4	5	5	2	-1.877159
3	3	6	0	0	0	0	0	0	0	4	4	4	4	4	6	8	4	3	-2.075161
3	6	8	0	0	0	1	0	0	0	4	2	2	3	4	6	4	2	2	-2.102047
3	1	8	0	0	0	0	0	0	0	4	2	2	3	4	6	8	2	2	-2.108757
3	1	6	0	0	0	1	0	0	0	4	2	4	3	5	6	8	4	2	-2.144507
3	0	9	0	0	0	0	0	0	0	4	2	4	3	4	6	4	4	2	-2.145045
3	0	7	0	0	0	0	0	0	0	2	2	2	3	2	3	4	2	3	-1.989922
3	3	8	0	0	0	0	0	0	0	4	4	4	4	5	6	8	4	2	-2.132027
3	0	9	0	1	0	0	0	0	0	4	2	2	3	4	2	4	2	3	-2.111941
3	0	6	0	0	0	1	0	0	0	4	4	4	4	3	2	4	4	3	-2.072158
3	8	7	0	0	0	0	0	0	0	2	3	3	2	3	3	5	3	3	-2.096415
3	4	6	0	0	0	0	0	0	0	2	3	3	2	3	3	5	3	3	-2.11881
3	2	4	0	1	0	0	0	0	0	2	2	3	2	3	3	5	3	3	-2.070466
3	6	8	0	0	0	0	0	0	0	4	2	4	3	4	6	8	4	2	-2.083715
3	9	9	0	0	0	1	0	0	0	3	3	3	2	3	3	5	3	2	-2.100687
3	2	9	0	0	0	0	0	0	0	2	3	3	2	4	2	4	3	2	-2.127801
3	0	9	0	0	0	1	0	0	0	4	2	2	3	3	3	4	2	3	-2.053869
3	4	7	0	0	0	0	0	0	0	3	3	5	2	2	4	5	5	3	-1.981499
3	5	5	0	0	0	1	0	0	0	1	1	5	0	0	4	5	5	2	-1.934686
3	5	8	0	1	0	1	0	0	0	2	2	2	2	4	2	4	2	2	-2.131861
3	0	9	0	0	0	0	0	0	0	4	2	2	3	4	2	4	2	3	-2.078463
3	7	6	0	0	0	0	0	0	0	3	3	3	2	3	3	5	3	2	-2.138762
3	1	8	0	0	0	2	0	0	0	2	2	2	3	4	2	4	2	2	-2.08549
3	3	6	0	0	0	0	0	0	0	4	4	4	4	4	6	8	4	3	-2.098521
3	0	9	0	0	0	0	0	0	0	4	2	2	3	4	2	8	2	3	-2.058
3	7	9	0	1	0	0	0	0	0	2	2	3	2	2	3	5	3	3	-2.038624
3	7	6	0	0	0	0	0	0	0	4	2	2	3	3	3	4	2	3	-2.042422
3	1	3	0	2	0	0	0	0	0	3	3	3	2	2	4	5	3	3	-2.049172
3	8	9	0	0	0	0	0	0	0	2	3	3	2	3	2	4	3	2	-2.09948
3	6	6	0	0	0	0	0	0	0	4	4	4	4	5	7	8	4	2	-2.13042
3	1	5	0	0	0	0	0	0	0	2	2	2	3	4	2	4	2	2	-2.108995
3	5	7	0	0	0	0	0	0	0	2	2	2	3	4	2	8	2	2	-2.067168
3	3	5	0	0	0	0	0	0	0	2	2	2	2	3	2	4	2	2	-2.044238
3	4	9	0	0	0	1	0	0	0	3	1	5	0	2	3	5	5	2	-2.090781
3	5	6	0	0	0	0	0	0	0	2	2	2	3	4	6	8	2	2	-2.09452
3	3	7	0	0	0	5	0	0	0	3	3	3	2	3	3	5	3	2	-2.030269
3	1	4	0	0	0	0	0	0	0	4	2	4	3	5	6	8	4	2	-2.152304
3	5	5	0	1	0	0	0	0	0	2	2	2	2	4	2	4	2	2	-2.086914
3	3	9	0	0	0	1	0	0	0	4	2	4	3	4	6	4	4	2	-2.161793
3	6	9	0	0	0	0	0	0	0	4	2	4	3	5	6	8	4	2	-2.128423
3	1	7	0	0	0	0	0	0	0	4	2	2	3	4	2	4	2	3	-2.116351
3	8	6	0	0	0	0	0	0	0	2	2	2	3	4	2	5	2	2	-2.186797
3	1	7	0	0	0	0	0	0	0	4	2	4	3	4	6	8	4	2	-2.093744
3	5	8	0	0	0	1	0	0	0	3	1	5	0	2	4	5	5	2	-2.048461
3	0	8	0	0	0	2	0	0	0	4	4	4	4	4	2	4	4	3	-2.108813
3	7	9	0	1	0	0	0	0	0	2	2	3	2	2	3	5	3	3	-2.021125
3	8	9	0	0	0	1	0	0	0	3	1	5	0	2	4	5	5	2	-2.094392
3	0	6	0	0	0	0	0	0	0	5	4	4	4	4	6	8	4	3	-2.078154
3	8	9	0	1	0	0	0	0	0	3	3	3	2	3	3	5	3	2	-2.076967
3	1	7	0	0	0	0	0	0	0	4	2	2	3	4	6	8	2	2	-2.090221
3	3	7	0	0	0	0	0	0	0	4	4	4	4	5	7	8	4	2	-2.145541
3	7	9	0	0	0	2	0	0	0	3	3	5	0	2	3	5	5	2	-2.078797
3	7	8	0	0	0	2	0	0	0	2	3	3	2	3	3	4	3	2	-2.050388
3	4	7	0	0	0	4	0	0	0	3	1	5	0	2	4	5	5	2	-2.017779
3	1	6	0	0	0	0	0	0	0	4	4	4	4	5	6	8	4	2	-2.133031
3	1	7	0	0	0	0	0	0	0	4	2	2	3	4	6	8	2	2	-2.09885
3	4	4	0	0	0	0	0	0	0	3	3	3	2	2	4	5	3	3	-2.00456
3	0	8	0	1	0	0	0	0	0	4	2	2	3	4	2	4	2	3	-2.071134
3	5	9	0	0	0	0	0	1	0	3	3	5	2	3	3	5	5	2	-2.074838
3	1	4	0	0	0	0	0	0	0	4	2	4	3	4	6	4	4	2	-2.129479
3	3	6	0	2	0	0	0	0	0	4	4	4	4	5	6	8	4	2	-2.123641
3	3	5	0	0	0	0	0	0	0	2	2	2	3	3	2	4	2	3	-2.029656
3	1	4	0	0	0	1	0	0	0	4	2	4	3	4	6	8	4	2	-2.102652
3	3	9	0	0	0	0	0	1	0	2	2	2	3	4	2	4	2	2	-2.126943
3	0	9	0	0	0	2	0	0	0	2	2	2	3	4	2	4	2	2	-2.091927
3	1	5	0	1	0	0	0	0	0	2	2	2	2	4	2	4	2	2	-2.111789
3	3	6	0	0	0	0	0	0	0	4	4	4	4	5	6	8	4	2	-2.154989
3	7	9	0	0	0	0	0	0	0	2	2	2	3	4	2	4	2	2	-2.105478
3	3	6	0	0	0	0	0	0	0	4	4	4	4	4	6	8	4	3	-2.0742
3	9	6	0	0	0	0	0	1	0	3	3	3	2	2	3	5	3	3	-1.990806
3	6	6	0	1	0	0	0	0	0	4	4	4	4	5	7	8	4	2	-2.145323
3	5	4	0	0	0	0	0	0	0	3	3	3	2	3	3	4	3	2	-2.029552
3	4	4	0	0	0	0	0	0	0	3	3	5	2	0	4	5	5	3	-1.949745
3	3	4	0	0	0	0	0	0	0	4	4	4	4	3	2	8	4	3	-2.030703
3	2	5	0	0	0	2	0	0	0	3	3	3	2	3	3	5	3	2	-2.129523
3	5	9	0	0	0	1	0	0	0	2	3	3	2	3	2	4	3	2	-2.061036
3	1	5	0	0	0	1	0	0	0	2	3	2	2	3	2	4	2	2	-2.06346
3	0	7	0	2	0	0	0	0	0	4	2	2	3	4	2	4	2	3	-2.091037
3	9	9	0	0	0	0	0	0	0	3	3	3	2	2	4	5	3	3	-2.006
3	3	9	0	0	0	5	0	0	0	3	3	5	2	2	4	5	5	3	-2.005742
3	9	5	0	0	0	1	0	0	0	3	3	5	2	2	4	5	5	2	-2.093203
3	6	5	0	0	1	1	0	0	0	2	2	2	3	3	2	4	2	2	-2.033077
3	7	7	0	0	0	1	0	0	0	1	1	5	0	2	4	5	5	2	-2.063242
3	9	7	0	0	0	0	0	1	0	3	3	3	2	2	3	5	3	3	-2.036435
3	7	9	0	0	0	2	0	0	0	2	3	3	2	3	2	4	3	2	-2.096474
3	8	7	0	0	0	0	0	0	0	3	3	3	2	3	2	4	3	2	-2.139002
3	9	4	0	0	0	0	0	1	0	3	3	3	2	2	4	5	3	3	-2.003259
3	4	6	0	0	0	0	0	1	0	3	3	5	2	2	4	5	5	3	-2.045203
3	1	4	0	0	0	0	0	0	0	4	4	4	4	5	7	8	4	2	-2.138581
3	5	7	0	0	0	0	0	0	0	4	2	2	3	4	6	8	2	2	-2.077647
3	0	5	0	0	1	1	0	1	0	2	2	2	3	3	2	4	2	2	-2.056377
3	8	9	0	0	0	1	0	0	0	3	3	5	2	3	3	5	5	2	-2.068653
3	3	9	0	0	0	0	0	1	0	2	2	2	3	4	2	4	2	2	-2.110233
3	4	3	0	0	0	0	0	0	0	1	1	1	0	0	5	6	0	3	-1.802554
3	6	4	0	0	0	0	0	0	0	4	4	4	3	5	6	8	4	2	-2.160551
4	6	8	0	0	0	0	0	0	0	0	0	0	1	0	1	2	1	4	-3.044175
4	6	5	0	0	0	0	0	0	0	0	0	0	1	1	1	7	1	5	0
4	3	8	0	0	0	0	0	0	0	0	0	0	1	0	5	7	1	8	-2.369864
4	3	8	0	0	0	2	0	3	0	1	1	1	0	2	5	7	0	4	-2.42507
4	5	9	0	0	0	0	0	0	0	1	0	5	1	4	2	4	5	4	-2.231261
4	0	5	0	0	0	0	0	0	0	0	0	0	1	1	1	7	1	9	-2.15073
4	1	5	0	0	1	1	0	1	0	0	0	1	1	2	4	6	0	0	-2.06232
4	0	5	0	0	0	0	0	0	0	0	0	0	1	1	1	7	1	5	0
4	6	7	0	0	0	2	0	2	0	3	3	3	2	4	3	6	3	2	-2.43063
4	3	8	0	0	0	0	0	0	0	0	0	0	1	2	1	2	1	4	-2.869948
4	6	7	0	0	0	5	0	3	0	3	1	5	2	3	4	7	5	1	-2.593825
4	5	9	0	0	0	0	0	0	0	1	0	1	1	2	4	6	0	0	-1.793403
4	5	9	0	0	0	0	0	0	0	1	0	5	1	4	2	5	5	4	-2.241956
4	1	9	0	0	0	0	0	0	0	0	0	0	1	0	5	7	1	9	-2.366216
4	3	8	0	0	0	0	0	0	0	0	0	0	1	0	1	7	1	7	-2.548898
4	3	5	0	1	0	0	0	0	0	0	0	0	1	0	5	7	1	4	-2.152432
4	3	8	0	0	0	0	0	0	0	0	0	0	1	0	5	7	1	8	-2.497929
4	6	5	0	0	0	0	0	0	0	0	0	0	1	1	1	7	1	5	0
4	3	9	0	0	0	0	0	0	0	1	0	1	1	4	2	5	0	8	-2.326275
4	0	9	0	0	0	0	0	0	0	0	0	0	1	0	1	7	1	9	-2.175647
4	1	9	0	0	0	0	0	0	0	0	0	0	1	0	5	7	1	9	-2.536514
4	1	9	0	1	0	0	0	0	0	1	0	1	1	3	3	6	0	0	-2.247266
4	0	8	0	0	0	0	0	0	0	1	0	5	0	5	2	5	5	4	-2.354617
4	0	9	0	0	0	0	0	0	0	0	0	0	1	0	1	7	1	9	-2.123254
4	5	9	0	0	0	0	0	0	0	1	0	5	0	4	2	5	5	4	-2.268148
4	0	9	0	0	0	0	0	0	0	1	0	1	1	4	2	5	0	4	-2.321226
4	5	5	0	0	0	2	0	0	0	1	0	1	1	3	3	6	0	4	-2.307511
4	5	9	0	1	0	1	0	0	0	1	0	1	1	3	3	6	0	4	-2.3163
4	1	9	0	0	0	0	0	0	0	1	0	1	1	3	3	6	0	0	-2.230821
4	6	8	0	0	0	0	0	0	0	0	0	0	1	0	5	7	1	7	-2.229493
4	1	5	0	0	0	0	0	0	0	0	0	0	1	0	1	7	1	9	-2.123254
4	5	9	0	0	0	0	0	0	0	1	0	1	1	3	3	5	0	4	-2.035808
4	0	9	0	0	0	0	0	0	0	0	0	0	1	0	5	7	1	7	-2.433795
4	0	9	0	0	0	0	0	0	0	1	0	1	0	4	2	5	0	4	-2.333318
4	1	9	0	0	0	0	0	0	0	1	0	1	0	4	3	5	0	0	-2.259967
4	1	9	0	0	0	0	0	0	0	0	0	0	1	0	1	7	1	9	-2.239029
4	6	7	0	0	0	4	0	1	0	1	0	1	0	3	4	7	0	1	-2.589111
4	0	9	0	0	1	0	0	1	0	0	0	0	1	2	4	7	1	8	-2.390992
4	6	9	0	0	0	0	0	0	0	0	0	0	1	1	1	7	1	4	-2.151914
4	3	8	0	0	0	4	0	2	0	0	0	0	1	0	5	7	1	4	-2.492965
4	3	9	0	0	0	0	0	0	0	0	0	0	1	1	1	7	1	1	-2.094395
4	6	8	0	0	1	1	0	1	0	0	0	1	1	2	4	6	0	0	-2.280561
4	6	7	0	0	0	0	0	0	0	0	0	0	1	0	5	7	1	8	-2.573381
4	1	9	0	0	0	0	0	0	0	1	0	1	1	4	2	5	0	4	-2.335871
4	1	5	0	0	0	0	0	0	0	0	0	0	1	0	1	7	1	9	-2.200588
4	5	9	0	0	1	1	0	1	0	1	1	5	0	6	6	4	5	4	-2.29665
4	3	9	0	0	0	2	0	0	0	0	0	1	1	3	4	6	0	8	-2.449839
4	0	9	0	0	0	0	0	0	0	0	0	0	1	0	1	7	1	9	-2.123254
4	5	9	0	0	0	1	0	1	0	3	1	3	0	6	6	4	3	4	-2.295381
4	3	8	0	0	0	0	0	0	0	0	0	0	1	0	1	7	1	9	-2.337096
4	0	9	0	0	1	1	0	0	0	0	0	1	1	3	3	6	0	4	-2.344093
4	6	7	0	0	1	4	0	2	0	1	1	1	0	3	4	7	0	1	-2.514204
4	1	9	0	0	0	0	0	0	0	0	0	0	1	0	5	7	1	7	-2.474562
4	3	9	0	0	1	1	0	1	0	0	0	0	1	2	4	6	1	8	-2.265747
4	1	5	0	0	0	1	0	0	0	0	0	0	1	0	5	7	1	2	-2.064514
4	3	9	0	0	1	6	0	4	0	2	2	2	3	4	3	6	2	2	-2.360491
4	5	9	0	0	0	1	0	0	0	1	1	1	0	0	5	6	0	1	-1.540214
4	0	5	0	0	0	0	0	0	0	0	0	0	1	1	1	7	1	8	-2.094395
4	6	8	0	1	0	1	0	0	0	0	0	0	1	0	5	7	1	8	-2.639389
4	6	7	0	0	0	0	0	0	0	0	0	0	1	0	5	7	1	7	-2.340801
4	6	8	0	1	0	0	0	0	0	0	0	0	1	0	1	7	1	9	-2.4238
4	6	5	0	1	0	0	0	0	0	0	0	0	1	2	5	7	1	8	-2.406809
4	5	9	0	0	0	0	0	0	0	1	1	5	0	3	3	5	5	0	-2.06017
4	5	5	0	1	0	0	0	0	0	0	0	0	1	2	4	7	1	8	-2.442323
4	1	5	0	0	0	0	0	0	0	0	0	0	1	2	5	7	1	4	-2.412671
4	1	9	0	0	0	0	0	0	0	0	0	1	1	3	3	6	0	8	-2.313534
4	6	9	0	0	0	0	0	0	0	0	0	0	1	1	1	7	1	6	-2.094395
4	1	5	0	0	0	1	0	0	0	0	0	1	1	2	5	7	0	4	-2.417818
4	5	9	0	0	0	0	0	0	0	1	0	1	1	4	2	5	0	8	-2.305989
4	1	9	0	1	0	0	0	0	0	0	0	0	1	0	5	7	1	7	-2.519165
4	0	5	0	0	0	0	0	0	0	0	0	0	1	1	1	7	1	6	-2.094395
4	6	7	0	0	0	3	0	3	0	3	1	5	2	3	4	6	5	2	-2.401825
4	6	5	0	0	0	0	0	0	0	0	0	0	1	1	1	7	1	5	0
4	6	9	0	0	0	0	0	0	0	0	0	0	1	1	1	7	1	0	-2.444563
4	0	5	0	0	0	0	0	0	0	0	0	0	1	0	1	7	1	9	-2.422506
4	5	5	0	0	0	0	0	0	0	1	1	1	0	0	5	6	0	2	-1.702833
4	1	5	0	0	0	0	0	0	0	0	0	0	1	0	1	7	1	9	-2.219242
4	3	9	0	0	0	0	0	0	0	0	0	0	1	1	1	7	1	3	-2.094395
4	3	5	0	0	0	0	0	0	0	0	0	0	1	0	5	7	1	7	-2.280603
4	5	5	0	0	2	1	0	1	0	1	0	1	0	4	4	6	0	4	-2.439538
4	1	9	0	0	0	0	0	0	0	1	0	1	1	3	4	6	0	4	-2.45904
4	6	9	0	0	0	0	0	0	0	0	0	0	1	0	1	7	1	7	-2.463852
4	1	9	0	0	0	0	0	0	0	0	0	0	1	0	5	7	1	9	-2.408939
4	1	5	0	0	0	1	0	0	0	0	0	1	1	3	3	6	0	4	-2.268991
4	0	5	0	0	0	0	0	0	0	0	0	0	1	0	1	7	1	9	-2.123254
4	3	9	0	1	0	0	0	0	0	0	0	0	1	0	5	7	1	8	-2.587228
4	0	9	0	0	0	0	0	0	0	0	0	0	1	0	1	7	1	9	-2.237562
4	6	8	0	1	0	0	0	0	0	0	0	0	1	0	1	7	1	9	-2.377624
4	5	9	0	0	0	1	0	0	0	1	1	5	0	4	2	5	5	0	-2.090649
4	6	9	0	0	0	0	0	0	0	0	0	0	1	1	1	7	1	5	0
4	5	5	0	1	0	0	0	0	0	0	0	1	1	3	4	7	0	0	-2.451571
4	5	5	0	0	0	1	0	0	0	1	1	1	0	0	4	5	0	1	-1.61572
4	1	9	0	0	0	0	0	0	0	1	0	1	1	4	3	6	0	4	-2.396682
4	0	5	0	0	0	0	0	0	0	0	0	0	1	0	5	7	1	9	-2.204847
4	6	8	0	0	0	0	0	0	0	0	0	0	1	0	1	7	1	7	-2.552724
4	0	9	0	0	0	0	0	0	0	0	0	0	1	0	1	7	1	9	-2.094395
4	6	8	0	0	0	0	0	0	0	0	0	0	1	1	1	7	1	9	-2.094395
4	6	9	0	0	0	0	0	0	0	0	0	0	1	1	1	7	1	5	0
4	1	9	0	0	0	0	0	0	0	1	0	1	1	3	3	6	0	0	-2.235355
4	3	5	0	0	0	0	0	0	0	0	0	1	1	3	4	6	0	8	-2.343004
5	1	7	0	0	0	0	0	0	0	6	5	6	5	7	6	5	6	3	-2.382438
5	9	4	0	0	0	0	0	0	0	6	6	6	5	7	6	5	6	3	-2.410388
5	0	7	0	0	0	0	0	0	0	6	6	6	5	7	6	5	6	3	-2.42468
5	1	6	0	0	0	0	0	0	0	6	5	6	5	7	7	5	6	3	-2.387884
5	0	7	0	0	0	0	0	0	0	6	6	6	5	7	7	4	6	3	-2.344872
5	7	6	0	0	0	0	0	0	0	6	5	6	5	7	7	5	6	3	-2.408019
5	5	9	0	0	0	0	0	0	0	6	6	6	6	7	7	4	6	3	-2.297546
5	9	4	0	0	0	0	0	0	0	6	6	6	5	7	7	5	6	3	-2.371807
5	1	4	0	0	0	0	0	0	0	6	5	6	5	6	6	5	6	3	-2.345744
5	5	6	0	0	0	0	0	0	0	6	5	6	5	8	7	5	6	3	-2.438585
5	1	4	0	0	0	0	0	0	0	6	5	6	5	7	7	5	6	3	-2.387384
5	1	8	0	0	0	0	0	0	0	6	6	6	6	6	7	4	6	3	-2.300486
5	8	4	0	0	0	0	0	0	0	6	5	6	5	7	7	5	6	3	-2.395028
5	9	4	0	0	0	0	0	0	0	6	6	6	5	7	7	5	6	3	-2.383438
5	7	6	0	0	0	0	0	0	0	6	5	6	5	8	7	6	6	3	-2.45498
5	1	4	0	0	0	0	0	0	0	6	5	6	5	6	6	5	6	3	-2.351182
5	0	7	0	0	0	0	0	0	0	6	6	6	5	7	7	5	6	3	-2.382261
5	3	7	0	1	0	0	0	0	0	6	6	6	5	7	7	4	6	3	-2.357338
5	4	6	0	0	0	0	0	0	0	6	5	6	5	7	7	5	6	3	-2.385001
5	1	8	0	0	0	0	0	0	0	6	6	7	6	7	7	4	7	3	-2.326201
5	5	4	0	0	0	0	0	0	0	6	6	6	5	8	7	5	6	3	-2.404745
5	3	7	0	0	0	0	0	0	0	6	6	6	5	7	7	5	6	3	-2.367396
5	5	7	0	1	0	0	0	0	0	6	6	6	5	7	7	5	6	3	-2.368082
5	2	4	0	1	0	0	0	0	0	6	5	6	5	7	7	5	6	3	-2.370002
5	4	6	0	0	0	0	0	0	0	6	5	6	5	7	6	5	6	3	-2.405295
5	4	6	0	0	0	0	0	0	0	6	5	6	5	7	6	5	6	3	-2.385213
5	8	6	0	0	0	0	0	0	0	7	5	6	7	6	6	5	6	3	-2.368866
5	4	6	0	0	0	0	0	0	0	6	5	6	5	7	7	5	6	3	-2.391113
5	1	4	0	0	0	0	0	0	0	6	5	6	5	7	6	5	6	3	-2.375207
5	1	8	0	0	0	0	0	0	0	6	6	6	5	7	7	4	6	3	-2.343789
5	2	4	0	1	0	0	0	0	0	6	5	6	5	7	7	5	6	3	-2.393564
5	5	6	0	0	0	0	0	0	0	6	5	6	5	7	7	5	6	3	-2.396894
5	6	6	0	0	0	0	0	0	0	6	5	6	5	8	7	5	6	3	-2.425992
5	9	6	0	0	0	0	0	0	0	6	5	6	5	7	6	5	6	3	-2.420203
5	8	6	0	0	0	0	0	0	0	7	5	6	5	7	6	5	6	3	-2.421193
5	4	6	0	0	0	0	0	0	0	6	5	6	5	7	7	5	6	3	-2.389025
5	8	4	0	0	0	0	0	0	0	6	5	6	5	7	7	4	6	3	-2.319697
5	8	6	0	0	0	0	0	0	0	7	5	6	5	6	6	5	6	3	-2.351897
5	8	6	0	0	0	0	0	0	0	7	5	6	5	7	6	5	6	3	-2.360195
5	0	6	0	0	0	0	0	0	0	6	5	6	5	6	6	5	6	3	-2.385308
5	1	4	0	0	0	0	0	0	0	6	5	6	5	7	7	5	6	3	-2.434692
5	2	4	0	0	0	0	0	0	0	6	5	6	5	7	7	5	6	3	-2.362237
5	5	4	0	0	0	0	0	0	0	6	6	6	5	8	7	5	6	3	-2.419456
5	0	4	0	0	0	0	0	0	0	6	5	6	5	6	6	5	6	3	-2.33633
5	0	7	0	0	0	0	0	0	0	6	6	6	5	7	7	4	6	3	-2.333212
5	6	4	0	1	0	0	0	0	0	6	6	6	5	8	8	4	6	3	-2.37202
5	0	7	0	0	0	0	0	0	0	6	5	6	5	6	6	5	6	3	-2.355443
5	5	6	0	0	0	0	0	0	0	6	5	6	5	7	7	5	6	3	-2.375985
5	2	6	0	0	0	0	0	0	0	7	5	6	5	7	6	5	6	3	-2.390383
5	7	6	0	0	0	0	0	0	0	6	5	6	5	7	7	5	6	3	-2.373206
5	1	6	0	0	0	0	0	0	0	6	5	6	5	7	7	5	6	3	-2.395064
5	8	6	0	0	0	0	0	0	0	7	5	6	5	7	6	5	6	3	-2.384877
5	5	8	0	1	0	0	0	0	0	6	6	6	6	7	7	4	6	3	-2.306204
5	0	6	0	0	0	0	0	0	0	6	5	6	5	6	6	5	6	3	-2.340839
5	4	6	0	0	0	0	0	0	0	6	5	6	5	7	7	5	6	3	-2.408968
5	0	4	0	0	0	0	0	0	0	6	5	6	5	7	6	5	6	3	-2.404553
5	9	7	0	0	0	0	0	1	0	6	6	6	5	7	6	5	6	3	-2.375282
5	5	6	0	0	0	0	0	0	0	6	5	6	5	7	7	5	6	3	-2.38614
5	2	4	0	0	0	0	0	0	0	6	5	6	5	7	6	5	6	3	-2.357271
5	4	4	0	0	0	0	0	0	0	6	6	6	5	7	7	4	6	3	-2.337296
5	3	7	0	0	0	0	0	0	0	6	6	6	5	7	7	5	6	3	-2.377965
0	3	2	0	0	0	1	0	0	0	1	1	1	0	2	0	1	0	2	2.266094
0	4	0	0	0	0	0	0	0	0	0	0	0	0	2	0	0	0	1	2.206642
0	5	1	0	0	0	0	0	0	0	1	0	0	0	0	0	1	0	2	2.350437
0	3	0	0	0	0	0	0	0	0	1	1	0	0	0	0	1	0	2	1.94304
0	6	0	0	0	0	0	0	0	0	1	0	0	0	0	0	0	0	1	1.905303
0	7	2	0	0	0	0	0	0	0	1	1	1	0	2	0	0	0	2	2.327545
0	0	3	0	1	0	0	0	0	0	1	1	1	2	0	0	0	0	2	2.033698
0	3	1	0	0	0	0	0	0	0	1	0	1	0	2	1	1	0	2	2.835614
0	9	3	0	0	0	0	0	0	0	1	0	1	0	2	0	0	0	2	2.363581
0	3	3	0	0	0	0	0	0	0	1	1	1	0	0	0	0	0	2	1.971572
0	7	3	0	0	0	0	0	0	0	1	1	1	2	2	0	0	0	2	2.126901
0	3	0	0	0	0	0	0	0	0	0	0	0	0	0	0	0	0	2	2.080445
0	3	1	0	0	0	0	0	0	0	0	0	0	0	2	1	1	0	1	2.508226
0	2	3	0	0	0	0	0	0	0	1	1	1	0	0	0	0	0	2	2.083854
0	9	0	0	1	0	0	0	0	0	0	0	0	0	0	1	1	0	2	2.628208
0	7	3	0	0	0	0	0	0	0	1	0	1	0	2	1	1	0	2	2.737074
0	0	0	0	0	0	0	0	0	0	1	0	0	0	2	0	0	0	2	2.210055
0	1	5	0	0	0	0	0	0	0	1	1	1	2	2	0	0	0	2	2.169397
0	1	1	0	0	0	0	0	0	0	0	0	0	0	2	1	1	0	1	2.55309
0	5	3	0	0	0	0	0	0	0	1	1	1	2	0	0	0	0	2	1.798302
0	4	0	0	0	0	0	0	0	0	0	0	0	0	0	1	1	1	1	2.36281
0	7	3	0	0	0	0	0	0	0	1	0	1	0	2	1	1	0	2	2.834822
0	6	3	0	0	0	0	0	0	0	1	1	1	0	0	0	0	0	2	2.001681
0	4	0	0	1	0	0	0	0	0	1	0	0	0	2	1	1	0	2	2.522748
0	8	3	0	0	0	0	0	0	0	1	1	1	0	2	0	0	0	2	2.350367
0	8	2	0	2	0	0	0	0	0	0	0	0	0	0	0	0	0	1	2.217263
0	1	3	0	0	0	0	0	0	0	1	1	1	0	2	0	0	0	2	2.179845
0	3	1	0	1	0	0	0	0	0	0	0	0	0	2	0	0	0	1	2.391736
0	2	1	0	0	0	0	0	0	0	0	0	0	1	0	0	1	1	1	2.201318
0	6	0	0	0	0	0	0	0	0	1	1	0	0	0	0	0	0	1	1.789167
0	8	3	0	2	0	0	0	0	0	1	1	1	0	2	0	0	0	2	2.291415
0	0	0	0	0	0	0	0	0	0	1	1	0	0	0	0	0	0	2	1.937594
0	8	0	0	0	0	0	0	0	0	1	0	0	0	2	0	0	0	1	2.075874
0	5	1	0	1	0	0	0	1	0	1	0	0	0	2	1	1	0	2	2.586018
0	4	0	0	0	0	0	0	0	0	1	0	0	0	2	1	1	0	2	2.634176
0	5	0	0	0	0	0	0	0	0	1	0	0	0	0	0	0	0	1	2.055672
0	0	2	0	0	0	0	0	0	0	0	0	0	0	2	0	0	0	1	2.291847
0	2	1	0	0	0	0	0	0	0	0	0	0	1	2	1	1	1	1	2.426379
0	6	2	0	1	0	0	0	0	0	1	0	0	0	2	0	0	0	1	2.112617
0	2	0	0	0	0	0	0	0	0	1	0	0	0	2	0	0	0	1	2.193764
0	8	0	0	0	0	0	0	0	0	1	0	0	0	2	0	0	0	2	2.141428
0	4	1	0	0	0	1	0	1	0	1	1	1	0	2	0	0	0	2	2.214996
0	6	2	0	0	0	0	0	0	0	0	0	0	0	0	0	1	0	2	2.255333
0	9	1	0	0	0	0	0	0	0	0	0	0	1	0	0	1	1	0	2.277351
0	2	1	0	0	0	0	0	0	0	0	0	0	1	0	0	1	1	1	2.310758
0	3	1	0	1	0	0	0	0	0	0	0	0	0	2	0	1	0	2	2.37843
0	8	0	0	0	0	0	0	0	0	1	0	0	0	2	0	0	0	2	2.222103
0	8	3	0	0	0	0	0	0	0	1	0	0	0	2	0	0	0	2	2.242196
0	7	3	0	0	0	0	0	0	0	1	0	0	0	2	0	0	0	2	2.345133
0	3	1	0	0	0	0	0	0	0	0	0	0	0	2	1	1	0	2	2.544142
0	4	5	0	0	0	0	0	0	0	1	1	1	0	2	1	0	0	2	2.505249
0	3	0	0	0	0	0	0	0	0	0	0	0	0	0	0	0	0	1	1.956772
0	9	3	0	0	0	0	0	0	0	1	1	1	0	2	1	1	0	2	2.405202
0	7	2	0	0	0	0	0	0	0	1	0	0	0	2	0	3	0	1	2.119546
0	2	0	0	0	0	0	0	0	0	1	1	0	0	2	0	0	0	1	2.060443
0	3	3	0	0	0	0	0	0	0	1	1	1	0	2	0	0	0	2	2.099557
2	9	8	0	0	0	0	0	0	0	1	1	5	0	2	4	6	5	1	-2.184862
2	4	9	0	0	0	0	0	0	0	3	1	5	0	2	4	6	5	2	-2.187242
2	9	5	0	0	0	0	0	0	0	0	0	0	1	1	1	7	1	9	-1.803071
2	4	8	0	0	0	0	0	0	0	1	1	5	0	2	4	6	5	2	-2.192406
2	2	8	0	2	0	0	0	0	0	1	1	1	0	2	4	6	0	1	-2.102295
2	4	5	0	0	0	1	0	0	0	0	0	0	1	1	1	7	1	4	-1.853161
2	9	9	0	0	0	0	0	0	0	0	0	0	1	1	1	7	1	5	-1.101394
2	8	9	0	0	0	2	0	0	0	1	1	5	0	2	4	6	5	2	-2.154391
2	2	9	0	0	0	0	0	0	0	1	1	1	0	2	4	5	0	2	-2.082762
2	4	8	0	0	0	0	0	0	0	1	1	1	0	2	4	6	0	2	-2.20829
2	4	9	0	0	0	0	0	0	0	1	1	5	0	2	4	6	5	2	-2.236251
2	8	8	0	0	0	2	0	0	0	1	1	1	0	2	4	6	0	2	-2.125548
2	7	9	0	0	0	0	0	0	0	3	1	5	0	2	4	6	5	2	-2.200156
2	4	5	0	0	0	0	0	0	0	0	0	0	1	0	1	7	1	9	-1.949167
2	4	9	0	1	0	0	0	0	0	3	1	5	0	2	4	6	5	2	-2.177507
2	2	9	0	0	0	0	0	0	0	1	0	1	1	2	4	6	0	1	-2.117648
2	9	5	0	0	0	0	0	0	0	0	0	0	1	0	5	7	1	4	-2.036506
2	4	5	0	0	0	0	0	0	0	0	0	0	1	1	1	7	1	9	-1.822563
2	2	8	0	0	0	0	0	0	0	1	0	1	1	2	4	5	0	1	-2.152852
2	2	8	0	0	0	0	0	0	0	1	1	1	0	2	4	6	0	1	-2.117671
2	7	9	0	0	0	0	0	0	0	1	1	5	0	2	4	6	5	2	-2.196423
2	9	8	0	0	0	0	0	0	0	1	1	5	0	2	4	6	5	2	-2.201495
2	4	9	0	0	0	0	0	0	0	0	0	0	1	1	1	7	1	9	-1.861154
2	2	9	0	0	0	0	0	0	0	1	1	1	0	2	4	6	0	2	-2.14867
2	4	5	0	0	0	0	0	0	0	0	0	0	1	1	1	7	1	9	-1.755017
2	7	9	0	0	0	0	0	0	0	3	1	5	0	2	4	6	5	2	-2.199825
2	7	9	0	0	0	0	0	0	0	3	1	5	0	2	4	6	5	2	-2.226161
2	2	8	0	0	1	0	0	0	0	1	1	1	0	2	4	6	0	2	-2.128231
2	2	5	0	0	0	0	0	0	0	0	0	0	1	1	1	7	1	9	-2.094395
2	4	5	0	0	0	0	0	0	0	0	0	0	1	0	1	7	1	7	-1.997796
2	8	8	0	0	0	2	0	0	0	1	0	1	1	0	5	6	0	2	-2.161571
2	4	8	0	0	0	0	0	0	0	1	1	1	0	2	4	5	0	1	-2.178281
2	7	8	0	0	0	0	0	0	0	1	1	1	1	2	4	5	0	1	-2.113032
2	2	8	0	0	0	0	0	0	0	1	0	1	1	2	4	5	0	1	-2.123611
2	4	7	0	0	1	0	0	1	0	0	0	1	1	2	4	6	0	1	-2.175843
2	4	8	0	0	0	0	0	0	0	1	1	1	0	2	4	5	0	1	-2.160912
2	2	9	0	0	0	0	0	0	0	0	0	0	1	1	1	7	1	4	-2.094395
2	4	7	0	0	0	0	0	0	0	1	0	1	0	3	3	5	0	0	-2.178321
2	2	7	0	0	0	0	0	0	0	1	0	1	1	2	4	6	0	1	-2.138901
2	9	5	0	0	0	0	0	0	0	0	0	0	1	1	1	7	1	7	-2.094395
2	4	9	0	0	0	0	0	0	0	0	0	0	1	1	1	7	1	9	-1.871048
2	9	5	0	0	0	0	0	0	0	0	0	0	1	1	1	7	1	7	-1.838877
2	2	9	0	0	0	0	0	0	0	0	0	0	1	1	1	7	1	5	0
2	2	7	0	0	0	0	0	0	0	1	0	1	1	2	4	6	0	1	-2.142269
2	8	5	0	0	0	0	0	0	0	0	0	0	1	1	1	7	1	8	-2.007606
2	8	9	0	0	0	0	0	0	0	1	1	1	0	2	4	6	0	2	-2.163633
2	2	7	0	0	0	0	0	0	0	1	0	1	1	2	4	6	0	1	-2.102722
2	2	5	0	0	0	1	0	0	0	0	0	0	1	1	1	7	1	5	-2.094395
2	8	7	0	0	0	0	0	0	0	1	0	1	1	2	4	6	0	1	-2.170632
2	2	9	0	0	0	0	0	0	0	0	0	0	1	1	1	7	1	5	0
2	9	7	0	0	0	0	0	0	0	1	0	1	1	2	4	5	0	1	-2.143761
2	4	8	0	0	0	0	0	1	0	1	1	1	0	0	5	6	0	2	-2.113918
2	7	9	0	0	0	0	0	0	0	3	1	5	0	2	4	6	5	2	-2.202667
2	4	5	0	0	0	0	0	0	0	0	0	0	1	1	1	7	1	9	-1.880724
2	2	9	0	0	0	0	0	0	0	0	0	0	1	1	1	7	1	5	0
2	8	8	0	0	0	0	0	0	0	1	1	1	0	2	4	6	0	2	-2.150638
2	2	8	0	0	0	0	0	0	0	1	0	1	1	2	4	5	0	1	-2.12273
2	4	5	0	0	0	0	0	0	0	0	0	0	1	1	1	7	1	9	-1.822214
2	8	9	0	0	0	0	0	0	0	0	0	0	1	1	1	7	1	5	0
2	2	8	0	0	0	0	0	0	0	1	0	1	1	2	4	5	0	1	-2.143897
2	8	9	0	1	0	0	0	0	0	1	0	1	1	2	4	6	0	1	-2.127161
3	7	8	0	0	0	0	0	0	0	2	2	3	3	1	5	5	3	6	-1.567463
3	9	7	0	0	0	0	0	0	0	3	3	5	2	1	5	6	5	6	-1.624846
3	4	7	0	0	0	0	0	0	0	3	3	3	2	0	5	5	3	6	-1.722278
3	8	5	0	0	0	0	0	0	0	3	3	3	2	0	5	5	3	6	-1.75799
3	9	7	0	0	0	0	0	0	0	3	3	5	2	1	5	6	5	6	-1.675919
3	9	9	0	0	0	1	0	0	0	2	2	3	3	2	4	5	3	3	-1.896425
3	7	7	0	0	0	0	0	0	0	2	2	3	2	1	5	5	3	6	-1.681589
3	9	7	0	0	0	0	0	0	0	3	2	3	2	1	5	6	3	6	-1.68385
3	4	7	0	0	0	0	0	0	0	2	2	3	2	0	5	5	3	6	-1.720441
3	2	7	0	0	0	0	0	0	0	3	3	5	2	1	5	6	5	6	-1.640134
3	7	5	0	0	0	1	0	0	0	1	1	5	0	2	4	6	5	3	-2.100487
3	9	9	0	0	0	0	0	0	0	4	4	2	3	2	3	4	2	3	-1.892977
3	8	5	0	0	0	4	0	0	0	3	3	5	2	0	4	6	5	3	-1.940975
3	9	7	0	0	0	0	0	0	0	3	3	5	2	1	5	5	5	6	-1.518761
3	9	9	0	0	0	7	0	0	0	3	3	3	2	2	4	5	3	3	-1.995536
3	9	8	0	1	0	0	0	0	0	2	2	3	3	0	4	5	3	6	-1.836777
3	2	7	0	1	0	0	0	0	0	3	3	5	2	1	5	6	5	6	-1.659641
3	4	7	0	0	0	0	0	2	0	3	3	3	2	0	5	5	3	6	-1.83808
3	7	5	0	0	0	2	0	0	0	1	1	5	0	2	4	6	5	3	-2.05389
3	8	9	0	0	0	1	0	0	0	2	2	3	2	2	3	5	3	3	-1.910735
3	4	7	0	0	0	0	0	1	0	3	3	3	2	0	5	5	3	6	-1.748546
3	7	8	0	0	0	1	0	0	0	0	0	0	1	0	5	7	1	2	-2.13694
3	4	9	0	0	0	0	0	5	0	3	3	5	2	1	5	5	5	3	-1.67677
3	2	7	0	0	0	0	0	6	0	2	2	2	3	2	4	5	2	6	-1.970812
3	8	7	0	0	0	7	0	1	0	3	3	5	2	0	5	6	5	3	-2.12336
3	0	9	0	0	0	4	0	0	0	3	3	5	2	2	4	5	5	3	-2.077668
3	7	8	0	0	0	4	0	0	0	2	2	3	3	0	4	5	3	6	-1.840735
3	9	9	0	1	0	0	0	1	0	2	2	3	2	0	4	5	3	6	-1.840579
3	4	8	0	2	0	0	0	0	0	2	2	2	3	0	4	5	2	6	-1.720468
3	2	7	0	0	0	0	0	0	0	3	3	3	2	0	5	6	3	6	-1.893495
3	4	7	0	0	0	0	0	5	0	3	3	5	0	0	5	6	5	3	-1.903624
4	3	7	0	0	1	5	0	6	0	2	2	2	3	4	3	6	2	3	-2.356754
4	8	7	0	0	0	2	0	2	0	2	3	2	2	7	8	8	2	0	-2.251254
4	8	7	0	0	0	2	0	2	0	3	1	3	0	7	8	8	3	4	-2.255561
5	1	7	0	0	0	0	0	0	0	7	7	8	7	5	6	5	8	6	-2.317188
5	8	6	0	1	0	0	0	0	0	7	7	8	7	6	6	5	8	6	-2.334512
5	7	6	0	0	0	0	0	0	0	7	7	8	7	5	6	5	8	6	-2.326919
5	1	6	0	0	0	0	0	0	0	7	7	8	7	5	6	5	8	6	-2.295989
5	0	7	0	1	0	0	0	2	0	7	5	6	5	6	6	4	6	3	-2.295488
5	0	6	0	0	0	0	0	0	0	7	7	8	7	6	6	5	8	6	-2.346636
5	2	4	0	0	0	0	0	0	0	7	7	8	7	6	6	5	8	3	-2.349269
5	5	6	0	0	0	0	0	0	0	7	7	8	7	6	6	5	8	6	-2.334831
5	3	7	0	0	0	0	0	0	0	7	7	8	7	6	6	5	8	6	-2.301203
5	2	6	0	0	0	0	0	0	0	7	7	8	7	6	6	5	8	3	-2.343381
5	7	4	0	0	0	0	0	0	0	7	7	8	7	6	6	5	8	3	-2.328661
5	3	4	0	0	0	0	0	0	0	7	7	8	7	6	6	5	8	6	-2.313685
5	3	6	0	0	0	0	0	0	0	7	7	8	7	6	6	5	8	6	-2.36518
5	2	6	0	0	0	0	0	0	0	7	7	8	7	6	6	5	8	6	-2.348006
5	6	4	0	0	0	0	0	0	0	7	7	8	7	6	6	4	8	3	-2.330465
5	9	4	0	0	0	0	0	0	0	7	7	8	7	5	6	4	8	6	-2.268113
5	0	4	0	0	0	0	0	0	0	7	7	8	7	6	6	4	8	6	-2.30531
5	7	6	0	0	0	0	0	0	0	7	7	8	7	6	6	5	8	6	-2.339377
5	3	6	0	0	0	0	0	0	0	7	7	8	7	6	6	5	8	6	-2.348002
5	5	4	0	0	1	0	0	0	0	7	7	8	7	5	2	5	8	6	-2.384657
5	1	6	0	0	0	0	0	0	0	7	7	8	7	6	6	5	8	6	-2.377814
5	6	4	0	0	0	0	0	0	0	7	7	8	7	6	6	5	8	3	-2.35936
5	8	4	0	0	0	0	0	0	0	7	5	8	7	6	6	4	8	3	-2.312305
5	6	6	0	1	0	0	0	0	0	7	7	8	7	6	6	5	8	3	-2.362526
5	9	4	0	0	0	0	0	0	0	7	7	8	7	6	6	4	8	6	-2.299918
5	1	4	0	0	0	0	0	0	0	7	7	8	7	6	6	5	8	6	-2.39327
5	4	4	0	0	0	0	0	0	0	7	7	8	7	6	6	4	8	6	-2.2949
5	0	6	0	0	0	0	0	0	0	7	7	8	7	6	6	5	8	6	-2.328034
5	4	4	0	0	0	0	0	0	0	7	7	8	7	6	6	5	8	3	-2.323173
5	9	4	0	0	0	0	0	0	0	7	7	8	7	6	6	5	8	3	-2.357271
5	7	6	0	0	0	0	0	0	0	8	7	8	7	6	2	5	8	6	-2.38244
5	0	4	0	1	0	0	0	0	0	7	7	8	7	6	6	5	8	3	-2.357688
5	7	6	0	0	0	0	0	0	0	7	7	8	7	6	6	5	8	6	-2.357272
5	5	6	0	0	0	0	0	0	0	7	7	8	7	6	6	5	8	6	-2.333746
5	3	4	0	0	0	0	0	0	0	7	7	8	7	6	6	5	8	6	-2.376054
5	2	4	0	0	0	0	0	0	0	7	7	8	7	6	6	4	8	3	-2.325679
5	1	4	0	1	0	0	0	0	0	7	7	8	7	5	2	5	8	6	-2.367282
5	2	6	0	0	0	0	0	0	0	7	7	8	7	6	6	5	8	3	-2.37055
5	0	7	0	0	0	0	0	0	0	7	7	8	7	6	6	4	8	3	-2.303991
5	3	4	0	0	0	0	0	0	0	7	7	8	7	6	6	4	8	6	-2.28828
5	1	6	0	0	0	0	0	0	0	7	7	8	7	6	6	5	8	6	-2.352834
5	7	6	0	0	0	0	0	0	0	7	7	8	7	6	6	5	8	6	-2.333537
5	0	4	0	1	0	0	0	0	0	7	7	8	7	6	6	5	8	6	-2.341163
5	7	4	0	0	0	0	0	0	0	7	7	8	7	6	6	4	8	6	-2.303412
5	8	6	0	0	0	0	0	0	0	7	7	8	7	6	6	5	8	3	-2.356262
5	2	6	0	0	0	0	0	0	0	7	7	8	7	6	6	5	8	6	-2.348415
5	8	4	0	0	0	0	0	0	0	7	7	8	7	6	6	4	8	3	-2.280803
5	5	4	0	0	0	0	0	0	0	7	7	8	7	5	2	5	8	6	-2.365385
5	8	4	0	0	0	0	0	0	0	7	5	8	7	6	6	5	8	3	-2.364216
5	6	6	0	0	0	0	0	0	0	7	7	8	7	6	6	5	8	6	-2.352184
5	1	7	0	0	0	0	0	0	0	7	7	8	7	6	6	5	8	6	-2.343404
5	1	4	0	0	0	0	0	0	0	7	7	8	7	6	6	5	8	6	-2.368498
5	2	6	0	0	0	0	0	0	0	7	7	8	7	5	6	4	8	6	-2.27951
5	0	6	0	0	0	0	0	0	0	7	7	8	7	6	6	5	8	6	-2.370372
5	0	4	0	0	0	0	0	0	0	7	7	8	7	6	6	5	8	6	-2.322923
5	9	6	0	0	0	0	0	0	0	7	7	8	7	6	6	5	8	6	-2.35398
5	5	6	0	0	0	0	0	0	0	7	7	8	7	6	6	5	8	6	-2.344188
0	7	2	0	1	0	0	0	0	0	1	0	0	0	2	0	0	0	1	2.284571
0	3	3	0	0	0	0	0	0	0	1	1	1	2	3	1	0	0	2	2.557389
0	1	3	0	0	0	0	0	0	0	1	1	1	2	4	1	0	5	2	2.827106
0	5	3	0	0	0	0	0	0	0	3	1	1	2	3	1	0	5	2	2.617801
0	0	0	0	0	0	0	0	0	0	1	1	1	0	2	1	0	0	2	2.467938
0	2	3	0	0	0	0	0	0	0	1	1	1	2	3	1	0	0	2	2.642597
0	0	3	0	0	0	0	0	0	0	1	1	1	2	4	1	0	0	1	2.84342
0	9	2	0	0	0	0	0	1	0	1	1	1	2	3	1	3	0	1	2.561049
0	8	0	0	0	0	0	0	0	0	1	1	1	0	2	0	3	0	1	2.126516
0	0	0	0	1	0	0	0	0	0	1	1	1	0	3	0	3	0	1	2.378846
0	8	1	0	0	1	0	0	0	0	1	1	1	0	2	0	0	0	3	2.28263
0	2	0	0	1	0	0	0	0	0	1	1	1	0	2	0	0	0	1	2.389747
0	2	2	0	0	0	0	0	0	0	1	1	1	0	3	0	3	0	1	2.348728
0	0	0	0	0	0	0	0	0	0	1	1	0	0	2	0	3	0	1	2.176993
0	1	1	0	0	0	0	0	0	0	1	1	1	2	2	0	3	0	2	2.158915
0	7	5	0	0	0	0	0	0	0	1	1	1	2	3	1	0	0	2	2.731134
0	5	0	0	0	0	0	0	0	0	1	1	1	0	2	0	3	0	1	2.254303
0	6	1	0	0	0	1	0	0	0	1	1	1	0	2	0	3	0	1	2.205099
0	3	3	0	1	0	0	0	0	0	1	1	1	2	3	1	0	0	2	2.769038
0	5	3	0	1	0	0	0	0	0	1	1	1	0	3	1	0	0	1	2.624707
0	6	0	0	0	0	0	0	0	0	1	1	1	0	3	1	0	0	2	2.541661
0	8	3	0	0	0	0	0	0	0	1	1	1	0	2	0	0	0	2	2.292736
0	5	3	0	0	0	0	0	0	0	1	1	1	2	3	1	0	5	2	2.604013
0	4	2	0	0	0	0	0	0	0	1	1	1	2	3	0	3	0	2	2.389391
0	4	2	0	1	0	0	0	0	0	1	1	1	0	2	0	3	0	1	2.24441
0	3	3	0	0	0	0	0	0	0	1	1	1	2	3	1	0	0	2	2.630157
0	8	2	0	1	0	0	0	0	0	1	1	1	0	2	0	0	0	2	2.416354
0	2	1	0	0	0	0	0	0	0	1	1	1	0	2	0	0	0	2	2.232849
0	5	1	0	0	0	0	0	0	0	1	1	1	2	2	0	3	0	1	2.175522
0	4	3	0	0	0	0	0	0	0	1	1	1	2	2	0	3	5	2	2.302124
0	2	1	0	0	0	0	0	0	0	1	1	1	2	3	0	3	5	2	2.356024
0	2	0	0	1	0	0	0	0	0	1	1	1	0	2	0	3	0	1	2.204408
0	6	2	0	0	0	0	0	0	0	1	1	1	0	2	0	0	0	1	2.27303
0	2	3	0	0	0	0	0	0	0	1	1	1	0	3	1	0	0	2	2.864931
0	0	2	0	0	0	1	0	0	0	1	1	1	0	3	0	3	0	1	2.304153
0	7	1	0	0	0	0	0	0	0	1	1	1	2	2	0	0	5	3	2.285098
0	0	3	0	0	0	0	0	0	0	1	1	1	2	3	1	0	5	2	2.479064
0	0	1	0	0	0	1	0	1	0	1	1	1	2	3	0	3	5	2	2.214011
0	8	0	0	0	0	0	0	0	0	1	1	1	0	2	0	3	0	1	2.252231
0	2	2	0	0	0	1	0	0	0	1	1	1	2	3	0	3	5	1	2.471757
0	3	1	0	0	1	1	0	0	0	1	1	1	0	3	0	3	0	1	2.420791
0	0	0	0	0	0	0	0	1	0	1	1	1	0	3	1	0	0	1	2.506807
0	2	0	0	0	0	0	0	0	0	1	1	1	0	2	0	0	0	2	2.224382
0	6	2	0	2	0	0	0	0	0	1	1	1	0	2	0	3	0	1	2.224013
0	0	1	0	0	0	0	0	1	0	1	1	1	2	3	0	3	5	2	2.395778
0	2	1	0	0	0	0	0	0	0	1	1	1	2	3	0	3	5	2	2.38935
0	1	1	0	0	0	0	0	0	0	1	1	1	2	3	0	3	0	1	2.280289
0	8	1	0	0	0	0	0	0	0	1	1	1	0	2	0	0	0	2	2.141811
0	0	0	0	0	0	1	0	0	0	1	1	1	0	2	0	0	0	2	2.320382
0	8	3	0	1	0	0	0	0	0	1	1	1	0	3	0	0	0	1	2.459806
1	7	0	0	0	0	0	0	1	0	2	2	2	3	3	2	4	2	3	-2.04388
1	4	0	0	0	0	0	0	0	0	4	2	2	3	3	6	8	2	2	-2.005956
1	7	0	0	0	0	0	0	0	0	4	2	4	3	4	6	8	4	3	-2.074028
1	5	0	0	0	0	0	0	1	0	2	2	2	3	3	2	8	2	2	-2.024321
1	1	0	0	0	0	0	0	1	0	2	2	2	3	3	2	4	2	3	-1.969456
1	3	0	0	0	0	0	0	1	0	2	2	2	3	4	2	4	2	2	-2.093746
1	4	0	0	0	1	1	0	1	0	2	2	2	3	3	2	4	2	3	-1.988249
1	5	0	0	0	0	0	0	0	0	4	4	4	3	4	6	8	4	3	-2.034119
1	7	0	0	0	0	1	0	0	0	2	2	2	3	4	2	4	2	3	-2.088855
1	5	0	0	0	0	0	0	0	0	2	2	2	3	3	2	4	2	3	-2.059262
1	0	0	0	0	0	0	0	0	0	4	4	2	3	3	2	8	2	3	-2.035894
1	7	0	0	1	0	0	0	0	0	2	2	2	3	3	2	4	2	2	-2.051056
1	5	0	0	0	0	0	0	0	0	2	2	2	3	3	2	4	2	2	-2.022274
1	1	0	0	1	1	0	0	0	0	4	4	4	3	4	2	8	4	3	-2.06802
1	8	3	0	0	1	0	0	0	0	2	2	2	3	3	2	8	2	2	-2.052258
1	4	0	0	0	0	1	0	0	0	4	2	2	3	4	2	4	2	3	-2.101326
1	7	0	0	0	0	0	0	0	0	4	2	2	3	3	2	8	2	3	-2.018211
1	6	2	0	0	0	0	0	0	0	2	2	2	3	3	2	8	2	2	-2.038263
1	6	0	0	0	0	0	0	1	0	2	2	2	3	4	2	8	2	2	-2.065663
1	1	0	0	0	0	0	0	1	0	4	2	2	3	4	2	8	2	3	-2.050575
1	5	0	0	0	0	1	0	1	0	2	2	2	3	4	2	4	2	2	-2.084754
1	3	0	0	0	0	1	0	1	0	2	2	2	3	3	2	8	2	2	-2.045431
1	7	0	0	0	0	2	0	1	0	2	2	2	3	3	3	4	2	3	-2.080174
1	4	0	0	0	0	0	0	0	0	2	2	2	3	3	2	8	2	2	-1.997577
1	4	0	0	1	0	0	0	0	0	2	2	2	3	3	2	8	2	3	-1.958014
1	4	0	0	0	0	0	0	0	0	2	2	2	3	3	2	4	2	2	-2.008008
1	3	2	0	0	0	0	0	0	0	2	2	2	3	3	2	4	2	3	-2.03737
1	0	0	0	0	0	0	0	0	0	2	2	2	3	3	2	4	2	3	-2.079185
1	6	0	0	0	0	0	0	0	0	2	2	2	2	3	2	4	2	2	-2.070717
1	9	0	0	0	1	0	0	0	0	2	2	2	3	3	2	4	2	2	-1.96448
1	7	0	0	0	0	0	0	0	0	4	2	4	3	4	6	8	4	2	-2.041277
1	9	0	0	0	0	0	0	0	0	2	2	2	3	3	2	8	2	2	-2.001558
1	5	0	0	0	0	1	0	1	0	4	2	4	3	4	6	8	4	2	-2.060549
1	5	0	0	0	0	0	0	1	0	2	3	3	2	3	3	5	3	3	-2.105677
1	9	0	0	0	0	0	0	0	0	4	2	2	3	3	2	8	2	2	-1.99159
1	0	0	0	1	0	0	0	1	0	4	2	2	3	4	6	8	2	2	-2.038177
1	5	0	0	0	0	0	0	0	0	2	2	2	3	3	2	4	2	3	-2.021172
1	0	0	0	0	0	1	0	1	0	4	2	2	3	4	2	8	2	2	-2.033804
1	4	0	0	0	0	1	0	0	0	4	2	2	3	4	6	8	2	2	-2.020865
1	7	0	0	0	0	0	0	0	0	4	2	4	3	4	6	8	4	2	-2.043617
1	4	0	0	0	0	1	0	0	0	4	2	2	3	3	2	8	2	2	-1.978495
1	9	0	0	0	0	0	0	0	0	2	2	2	3	3	2	8	2	2	-1.989221
1	4	0	0	0	0	1	0	0	0	4	2	4	3	4	6	8	4	2	-2.044563
1	4	0	0	1	0	0	0	1	0	2	2	2	3	3	2	8	2	2	-2.005196
1	8	3	0	0	0	0	0	0	0	4	2	2	3	4	6	8	2	2	-2.063776
1	4	0	0	0	0	1	0	1	0	4	4	4	3	3	2	8	4	2	-1.997746
1	0	0	0	0	0	1	0	1	0	4	2	2	3	4	6	8	2	2	-2.047053
1	6	2	0	0	0	0	0	0	0	2	2	2	3	3	2	4	2	3	-2.063353
1	0	0	0	0	0	0	0	2	0	4	2	2	3	3	2	8	2	3	-2.033605
1	7	0	0	1	0	0	0	0	0	4	2	2	3	4	2	8	2	2	-2.048058
1	5	0	0	0	0	0	0	0	0	2	2	2	3	3	3	4	2	3	-2.063864
1	7	0	0	0	0	0	0	0	0	2	2	2	3	3	2	4	2	3	-2.028618
1	4	0	0	0	0	0	0	0	0	2	2	2	3	3	2	8	2	2	-2.009615
1	5	0	0	0	1	0	0	1	0	2	2	2	3	3	2	4	2	3	-2.033505
1	3	0	0	0	1	1	0	1	0	4	2	2	3	3	2	4	2	3	-2.045943
1	6	2	0	0	1	0	0	0	0	2	2	2	3	3	2	4	2	2	-2.020895
1	5	0	0	0	0	0	0	1	0	2	2	2	3	3	2	4	2	3	-2.072616
1	2	3	0	0	0	1	0	1	0	4	2	2	3	4	6	8	2	2	-2.05935
1	7	0	0	1	0	1	0	1	0	4	2	2	3	3	2	8	2	3	-2.034048
1	8	3	0	0	0	0	0	1	0	2	2	3	2	3	3	4	3	3	-2.102536
1	9	0	0	0	0	0	0	0	0	2	2	2	3	3	2	4	2	2	-1.981911
1	7	0	0	0	0	0	0	1	0	4	2	2	3	3	2	4	2	3	-2.081891
1	8	3	0	0	1	0	0	1	0	2	2	2	3	3	2	8	2	2	-2.051636
1	1	0	0	0	0	1	0	0	0	2	2	2	3	3	2	4	2	2	-2.052546
1	9	0	0	0	0	0	0	0	0	2	2	2	3	3	3	4	2	3	-2.007175
1	5	0	0	0	0	0	0	0	0	4	2	4	3	4	6	8	4	2	-2.026586
1	1	0	0	0	0	1	0	1	0	4	4	4	3	4	6	8	4	2	-2.070441
1	0	0	0	0	0	1	0	1	0	2	2	2	3	3	2	4	2	3	-2.071221
1	1	0	0	0	0	1	0	0	0	2	2	2	3	3	2	4	2	2	-2.052546
1	9	0	0	0	0	0	0	0	0	2	2	2	3	3	2	8	2	2	-1.991701
1	0	0	0	0	0	0	0	1	0	4	2	4	3	4	6	8	4	2	-2.054084
1	0	0	0	1	0	1	0	1	0	4	2	4	3	4	6	8	4	2	-2.055457
1	8	3	0	1	0	0	0	0	0	2	2	2	3	4	2	8	2	2	-2.04172
1	5	0	0	0	0	0	0	0	0	4	2	2	3	4	2	8	2	3	-2.060614
1	1	0	0	0	0	1	0	1	0	4	2	2	3	3	2	8	2	3	-2.035874
1	5	0	0	0	1	0	0	0	0	4	2	2	3	4	2	4	2	3	-2.064888
1	0	0	0	1	0	2	0	0	0	2	2	2	3	4	6	8	2	2	-2.024748
1	5	0	0	0	0	0	0	0	0	4	4	4	3	4	2	8	4	3	-2.043538
1	6	0	0	1	1	1	0	1	0	2	2	2	3	3	2	4	2	2	-2.040013
1	1	0	0	0	0	0	0	1	0	2	2	2	3	3	2	8	2	2	-2.040866
1	3	0	0	0	0	0	0	0	0	4	2	2	3	4	2	8	2	2	-2.042514
1	6	2	0	0	1	0	0	1	0	2	2	2	2	3	2	4	2	2	-2.06698
1	0	0	0	0	0	1	0	0	0	4	4	4	3	4	6	8	4	2	-2.062286
1	5	0	0	0	1	0	0	0	0	4	2	2	3	3	2	8	2	3	-1.997736
1	1	0	0	1	0	0	0	0	0	4	4	4	3	4	6	8	4	2	-2.020938
1	8	3	0	1	0	1	0	0	0	2	2	2	3	4	2	8	2	2	-2.037351
1	9	0	0	0	0	0	0	0	0	4	2	2	3	3	2	8	2	2	-1.992052
1	4	0	0	0	0	1	0	0	0	4	2	2	3	3	2	8	2	3	-1.966671
1	0	0	0	0	0	1	0	0	0	4	2	2	3	4	6	8	2	2	-2.047766
1	7	0	0	0	0	1	0	1	0	4	2	4	3	4	6	8	4	2	-2.079095
1	1	0	0	0	0	0	0	0	0	4	2	4	3	4	6	8	4	2	-2.037116
1	4	0	0	0	0	1	0	1	0	4	2	2	3	3	2	4	2	3	-2.102898
1	8	3	0	1	0	0	0	0	0	2	2	2	3	4	6	8	2	2	-2.048199
1	8	3	0	0	0	0	0	0	0	4	2	2	3	4	6	8	2	2	-2.069045
1	5	0	0	0	0	0	0	0	0	2	2	2	3	3	2	4	2	3	-2.054753
1	1	0	0	1	0	0	0	0	0	4	4	4	3	3	2	8	4	3	-2.048736
1	3	2	0	0	1	0	0	1	0	4	2	2	3	4	2	4	2	2	-2.085934
1	3	0	0	0	0	0	0	1	0	2	2	2	3	3	2	4	2	3	-2.046535
1	7	0	0	0	0	0	0	0	0	4	2	2	3	4	2	4	2	3	-2.073869
1	0	0	0	0	0	1	0	0	0	4	4	4	3	4	6	8	4	2	-2.065948
1	6	2	0	0	0	0	0	0	0	2	2	2	3	3	2	8	2	2	-2.037372
1	4	0	0	0	0	1	0	1	0	2	2	2	3	3	2	4	2	3	-2.112087
1	1	0	0	0	0	0	0	0	0	4	2	4	3	4	6	8	4	2	-2.084935
1	2	3	0	0	1	0	0	1	0	4	2	4	3	4	6	8	4	2	-2.030648
1	3	2	0	0	0	0	0	1	0	2	2	2	3	3	2	4	2	3	-2.062724
1	9	0	0	1	0	1	0	0	0	4	2	2	3	4	6	8	2	2	-2.022148
1	9	0	0	0	1	0	0	1	0	2	2	3	3	2	3	4	3	3	-2.028812
1	1	0	0	0	0	1	0	1	0	4	2	2	3	3	2	8	2	2	-2.02885
1	7	0	0	0	0	0	0	0	0	4	2	2	3	4	2	8	2	2	-2.03348
1	7	0	0	0	0	0	0	0	0	4	2	2	3	4	2	8	2	3	-2.058211
1	0	0	0	0	1	1	0	1	0	2	2	2	3	3	2	4	2	3	-2.022599
1	2	3	0	1	0	0	0	0	0	4	2	2	3	4	6	8	2	2	-2.040554
1	1	0	0	0	1	1	0	1	0	4	2	4	3	4	6	8	4	2	-2.077651
1	1	0	0	0	0	0	0	0	0	4	2	4	3	4	2	8	4	3	-2.042718
1	1	0	0	0	0	1	0	0	0	2	2	2	3	3	2	8	2	2	-2.015374
1	3	0	0	0	0	1	0	0	0	2	2	2	3	4	2	4	2	2	-2.080206
1	2	0	0	0	0	0	0	0	0	2	2	2	3	3	2	8	2	2	-2.004082
1	6	2	0	0	0	1	0	1	0	2	2	2	3	4	2	4	2	2	-2.094585
1	9	0	0	0	0	0	0	0	0	2	2	2	3	3	2	4	2	3	-1.974959
1	0	0	0	0	0	1	0	0	0	2	2	2	3	3	2	4	2	3	-2.015595
1	6	0	0	0	0	1	0	0	0	2	2	2	3	4	2	4	2	2	-2.116733
1	0	0	0	0	0	1	0	0	0	4	2	2	3	4	6	8	2	2	-2.03548
1	5	0	0	0	0	1	0	0	0	4	2	2	3	3	2	4	2	3	-2.034642
1	2	0	0	0	0	0	0	0	0	2	2	2	3	3	2	4	2	2	-2.053189
1	0	0	0	0	0	1	0	0	0	4	2	4	3	4	6	8	4	2	-2.05611
1	7	0	0	0	0	0	0	0	0	4	2	2	3	4	2	8	2	3	-2.047211
1	0	0	0	0	0	0	0	0	0	4	2	2	3	3	2	8	2	3	-2.013524
1	6	2	0	0	0	0	0	0	0	4	2	2	3	3	2	8	2	2	-2.038543
1	5	0	0	0	0	1	0	1	0	4	2	2	3	4	2	4	2	3	-2.112941
1	1	0	0	0	0	1	0	0	0	4	2	4	3	4	6	8	4	3	-2.109375
1	9	0	0	0	0	1	0	0	0	4	4	4	3	4	6	8	4	2	-2.044179
1	6	0	0	0	2	0	0	1	0	2	2	2	3	3	2	4	2	2	-2.075226
1	4	0	0	0	0	1	0	0	0	2	2	2	3	3	2	4	2	3	-2.039667
1	2	3	0	0	0	1	0	0	0	2	2	2	3	3	2	8	2	2	-2.021784
1	6	2	0	0	0	1	0	1	0	2	2	2	3	3	2	4	2	2	-2.014434
1	0	0	0	0	0	1	0	2	0	2	2	2	3	3	2	4	2	3	-2.014102
1	4	0	0	0	0	1	0	1	0	2	2	2	3	3	3	4	2	3	-2.164195
1	9	0	0	0	0	1	0	0	0	2	2	2	3	3	2	8	2	2	-1.980348
1	3	2	0	0	0	0	0	0	0	2	2	2	3	3	3	4	2	3	-2.044653
2	3	8	0	1	0	0	0	0	0	1	0	1	1	3	3	5	0	0	-2.125976
2	0	9	0	0	0	0	0	0	0	1	1	5	0	2	3	5	5	1	-2.085248
2	3	8	0	0	0	0	0	0	0	1	0	1	1	2	3	5	0	0	-2.102707
2	9	9	0	0	1	1	0	0	0	0	0	0	1	2	5	6	1	0	-2.142708
2	6	9	0	1	0	0	0	0	0	3	1	5	0	3	3	5	5	1	-2.207158
2	5	8	0	0	0	0	0	0	0	1	0	1	1	2	3	5	0	1	-2.11184
2	3	9	0	0	0	0	0	0	0	1	0	1	1	2	4	5	0	1	-2.100671
2	3	5	0	0	0	0	0	0	0	0	0	0	1	0	5	7	1	9	-2.056155
2	0	8	0	0	0	0	0	0	0	1	1	5	0	2	3	5	5	1	-2.118236
2	5	8	0	0	0	0	0	1	0	1	0	1	1	2	4	5	0	1	-2.129746
2	9	8	0	0	0	0	0	0	0	0	0	0	1	0	5	6	1	8	-2.065342
2	5	9	0	0	0	1	0	0	0	1	1	1	0	2	4	5	0	2	-2.144778
2	5	9	0	0	0	1	0	0	0	1	1	1	0	2	4	5	0	1	-2.125693
2	2	8	0	0	0	0	0	0	0	0	0	1	1	2	4	6	0	4	-2.12934
2	3	8	0	0	0	0	0	0	0	1	0	1	1	2	4	5	0	0	-2.112503
2	3	5	0	0	0	0	0	0	0	0	0	0	1	0	1	7	1	9	-2.094395
2	3	5	0	0	0	0	0	0	0	0	0	0	1	0	1	7	1	9	-2.094395
2	5	9	0	0	0	0	0	0	0	1	1	5	0	2	4	5	5	2	-2.104978
2	5	5	0	0	0	0	0	0	0	0	0	0	1	0	1	7	1	8	-2.094395
2	6	8	0	0	0	0	0	0	0	1	1	1	0	3	3	5	0	1	-2.136215
2	5	5	0	0	0	0	0	0	0	0	0	0	1	1	1	7	1	9	-2.094395
2	5	8	0	0	0	0	0	0	0	1	0	1	1	2	4	5	0	1	-2.11184
2	1	8	0	0	0	0	0	0	0	1	1	1	0	2	4	5	0	1	-2.121346
2	5	8	0	0	0	0	0	0	0	1	0	1	1	3	3	5	0	0	-2.110457
2	3	8	0	0	0	0	0	0	0	0	0	1	1	2	4	5	0	0	-2.107311
2	1	8	0	0	0	0	0	0	0	1	1	1	0	2	3	5	0	1	-2.086083
2	7	8	0	0	0	2	0	0	0	0	0	1	1	2	4	6	0	4	-2.096705
2	3	5	0	0	0	0	0	0	0	0	0	0	1	0	5	7	1	7	-2.208419
2	1	9	0	0	0	0	0	0	0	1	1	1	1	0	4	6	0	1	-2.005139
2	7	8	0	0	0	0	0	0	0	1	1	1	0	2	3	5	0	1	-2.086083
2	0	9	0	1	0	0	0	0	0	1	1	1	0	2	4	6	0	2	-2.177417
2	5	5	0	0	0	0	0	0	0	0	0	0	1	1	1	7	1	0	-2.094395
2	5	5	0	0	0	0	0	0	0	0	0	0	1	1	1	7	1	9	-2.094395
2	5	9	0	0	0	0	0	0	0	1	1	1	0	2	4	6	0	1	-2.14718
2	0	9	0	0	0	0	0	0	0	1	1	5	0	3	3	5	5	2	-2.15274
2	3	5	0	0	0	0	0	0	0	0	0	0	1	1	1	7	1	7	-1.921217
2	1	8	0	0	0	0	0	0	0	1	1	1	0	2	3	5	0	1	-2.101515
2	5	5	0	0	0	0	0	0	0	0	0	0	1	1	1	7	1	8	-2.094395
2	1	5	0	0	0	0	0	0	0	0	0	0	1	0	5	7	1	7	-2.110974
2	7	8	0	0	0	2	0	0	0	1	0	1	1	2	4	5	0	0	-2.113273
2	6	8	0	0	0	0	0	0	0	1	1	1	0	2	3	5	0	1	-2.084255
2	1	5	0	0	0	0	0	0	0	0	0	0	1	0	5	6	1	4	-2.075071
2	6	5	0	0	0	0	0	0	0	0	0	0	1	0	5	6	1	7	-1.958546
2	1	5	0	0	0	0	0	0	0	0	0	0	1	0	1	7	1	9	-2.094395
2	8	8	0	0	0	0	0	0	0	0	0	0	1	0	1	7	1	9	-2.071242
2	3	5	0	0	0	0	0	0	0	0	0	0	1	0	5	7	1	9	-2.094395
2	2	9	0	0	0	0	0	0	0	0	0	0	1	0	1	7	1	9	-2.065536
2	5	9	0	0	0	0	0	0	0	1	0	1	1	2	4	6	0	1	-2.121175
2	0	8	0	0	0	0	0	0	0	1	1	5	0	2	3	5	5	1	-2.100966
2	1	8	0	0	0	0	0	0	0	1	1	1	0	2	3	5	0	1	-2.084893
2	6	5	0	0	0	0	0	0	0	0	0	0	1	0	5	6	1	7	-2.133095
2	3	5	0	0	0	0	0	0	0	0	0	0	1	0	5	7	1	9	-2.094395
2	3	9	0	1	0	0	0	0	0	1	0	1	1	2	4	5	0	1	-2.133313
2	2	8	0	0	0	0	0	0	0	0	0	0	1	0	5	6	1	8	-2.073429
2	6	8	0	0	0	0	0	0	0	1	1	1	0	2	3	5	0	1	-2.146185
2	9	9	0	0	0	0	0	0	0	0	0	0	1	0	5	6	1	4	-2.021228
2	3	9	0	0	0	0	0	0	0	1	0	1	1	2	4	5	0	0	-2.149073
2	2	8	0	0	0	0	0	0	0	0	0	0	1	0	5	6	1	7	-2.075071
2	1	5	0	0	0	0	0	0	0	0	0	0	1	0	5	6	1	7	-2.071242
2	8	8	0	0	0	0	0	0	0	0	0	0	1	0	5	7	1	7	-2.042259
2	5	9	0	0	0	1	0	0	0	1	1	1	0	2	4	6	0	1	-2.153719
2	9	9	0	0	0	0	0	0	0	0	0	0	1	0	5	6	1	9	-2.018925
3	1	8	0	1	0	0	0	0	0	4	4	4	4	3	2	4	4	3	-2.007832
3	2	7	0	0	0	0	0	0	0	3	3	3	2	3	3	5	3	2	-2.053834
3	7	9	0	0	0	0	0	0	0	4	4	4	4	3	2	8	4	3	-1.9632
3	9	8	0	0	0	0	0	0	0	2	2	3	2	2	3	4	3	3	-1.996082
3	5	8	0	2	0	0	0	0	0	2	2	2	3	2	3	4	2	3	-1.985221
3	0	9	0	0	0	8	0	0	0	3	3	3	2	3	3	5	3	2	-2.097799
3	0	8	0	0	0	0	0	2	0	2	2	2	3	2	3	4	2	3	-2.003607
3	0	9	0	0	0	4	1	2	1	2	2	2	3	3	3	4	2	3	-2.017379
3	2	9	0	0	0	1	0	1	0	2	3	3	2	2	3	4	3	3	-1.980977
3	9	8	0	0	0	4	0	0	0	2	2	3	3	2	3	4	3	3	-1.95422
3	4	5	0	0	0	0	0	0	0	4	4	4	4	3	2	8	4	3	-1.999045
3	9	8	0	0	0	0	0	0	0	4	4	4	4	3	2	8	4	3	-1.989475
3	0	9	0	0	0	0	0	3	0	2	2	2	3	2	3	4	2	3	-1.997241
3	5	7	0	0	0	1	0	0	0	2	2	3	2	2	4	5	3	3	-1.971781
3	4	7	0	1	0	0	0	0	0	4	4	4	4	3	2	4	4	3	-2.027771
3	1	7	0	0	0	0	0	0	0	2	2	3	2	2	4	5	3	3	-1.918888
3	1	9	0	0	0	0	0	2	0	2	2	2	3	3	3	4	2	3	-1.994105
3	8	8	0	0	0	3	2	2	0	3	3	5	0	2	4	5	5	2	-2.013382
3	9	9	0	0	0	0	0	1	0	3	3	3	2	2	4	5	3	3	-1.908348
3	8	7	0	0	0	0	0	0	0	3	3	3	2	2	3	5	3	2	-1.984566
3	4	7	0	0	0	0	0	0	0	4	2	2	3	3	2	4	2	3	-2.030875
3	3	8	0	0	0	0	0	0	0	4	4	2	3	3	2	4	2	3	-2.00292
3	5	8	0	0	0	0	0	0	0	4	2	2	3	3	2	4	2	3	-2.032243
3	2	9	0	0	0	0	0	2	0	3	3	3	2	2	4	5	3	3	-1.985027
3	9	9	0	0	0	0	0	2	0	3	3	5	2	2	4	5	5	3	-2.035377
3	4	8	0	0	0	0	0	0	0	4	4	4	4	3	2	4	4	3	-2.036336
3	1	8	0	0	0	0	0	0	0	4	4	4	3	3	2	8	4	3	-2.022581
3	4	5	0	0	0	0	0	0	0	4	4	4	4	3	2	8	4	3	-2.024945
3	9	9	0	0	0	3	1	0	0	2	2	2	3	3	3	4	2	3	-2.007117
3	4	7	0	0	0	0	0	0	0	2	2	2	3	2	3	4	2	3	-1.907955
3	4	7	0	1	0	0	0	0	0	4	2	2	3	3	3	4	2	3	-1.996907
3	5	8	0	0	0	0	0	1	0	2	2	3	3	2	3	5	3	3	-1.991445
3	2	8	0	0	0	0	0	0	0	2	2	2	3	2	3	4	2	3	-1.991964
3	7	5	0	0	0	1	0	0	0	4	4	4	4	4	2	4	4	3	-2.065471
3	1	7	0	1	0	0	0	0	0	2	2	3	3	2	3	4	3	3	-1.958524
3	3	8	0	0	0	0	0	0	0	4	2	2	3	3	3	4	2	3	-1.997589
3	7	8	0	0	0	0	0	0	0	4	4	4	3	3	2	8	4	3	-1.986567
3	7	9	0	0	0	0	0	6	0	2	2	3	2	2	3	4	3	3	-2.015554
3	1	7	0	1	0	0	0	0	0	2	2	3	3	2	3	4	3	3	-1.973615
3	2	7	0	0	0	0	0	0	0	3	3	3	2	2	3	5	3	3	-1.962646
3	6	9	0	0	0	0	0	0	0	4	2	2	3	3	2	4	2	3	-2.006029
3	4	7	0	0	0	0	0	0	0	2	2	2	3	3	3	4	2	3	-1.984308
3	8	7	0	1	0	0	0	0	0	3	1	5	0	3	3	5	5	2	-2.066695
3	3	9	0	0	0	1	0	1	0	3	3	3	2	2	4	5	3	3	-2.080474
3	8	7	0	0	0	0	0	0	0	3	3	3	2	2	3	5	3	2	-2.028043
3	4	7	0	0	0	0	0	0	0	2	2	2	3	2	3	4	2	3	-1.961254
3	8	8	0	0	0	0	0	0	0	2	2	2	3	3	2	4	2	2	-2.009854
3	3	7	0	0	0	0	0	0	0	2	3	3	2	2	4	5	3	3	-1.886072
3	3	9	0	0	1	0	0	0	0	2	2	2	3	3	3	4	2	3	-2.030079
3	7	9	0	1	0	0	0	0	0	4	4	4	4	3	2	8	4	3	-2.019545
3	9	9	0	0	0	0	0	0	0	3	3	3	2	2	4	5	3	3	-1.907502
3	9	8	0	0	0	1	0	1	0	3	3	3	2	2	4	5	3	3	-2.010178
3	5	9	0	0	0	7	0	0	0	3	3	5	2	2	4	5	5	2	-1.981846
3	9	8	0	0	0	4	0	0	0	2	2	2	3	3	2	4	2	3	-2.034054
3	0	8	0	0	0	0	0	0	0	4	4	4	3	4	2	4	4	3	-2.083043
3	9	9	0	0	0	0	0	0	0	2	3	3	2	2	3	5	3	3	-1.978328
3	9	9	0	0	0	8	2	0	0	2	2	2	3	2	3	5	2	3	-2.032518
6	7	8	0	0	0	0	0	0	0	1	1	1	0	1	4	4	0	1	-1.623301
6	3	4	0	0	0	0	0	0	0	1	1	1	0	0	4	4	0	1	-1.741254
6	6	4	0	0	0	0	0	0	0	1	1	1	0	1	4	5	0	1	-1.634416
6	3	7	0	0	0	0	0	0	0	1	1	1	0	1	5	5	0	1	-1.507007
6	1	9	0	1	0	0	0	0	0	1	1	1	1	9	5	5	0	2	-1.276562
6	1	8	0	1	0	0	0	0	0	1	1	1	1	1	5	5	0	1	-1.370369
6	3	7	0	0	0	0	0	0	0	1	1	1	0	1	4	4	0	1	-1.620398
6	6	7	0	0	0	0	0	0	0	1	1	1	1	1	5	5	0	1	-1.453114
6	6	8	0	0	0	0	0	0	0	1	1	1	1	1	5	5	0	2	-1.386867
6	3	9	0	3	0	0	0	0	0	1	1	1	1	9	5	5	0	2	-1.176662
6	6	9	0	1	0	0	0	0	0	1	1	1	1	0	5	5	0	1	-1.54801
6	6	7	0	0	0	0	0	0	0	1	1	1	0	1	4	5	0	1	-1.623392
6	5	8	0	1	0	1	0	0	0	1	1	1	0	0	4	4	0	1	-1.659879
6	3	7	0	1	0	0	0	0	0	1	1	1	0	0	4	5	0	1	-1.813886
6	1	7	0	0	0	0	0	0	0	1	1	5	0	0	4	4	5	1	-1.811203
6	7	7	0	0	0	0	0	0	0	1	1	5	0	2	3	4	5	1	-1.844993
6	1	8	0	0	0	0	0	0	0	1	1	1	0	1	4	4	0	1	-1.625587
6	1	7	0	1	1	0	0	1	0	1	1	1	0	1	4	4	0	1	-1.636863
6	1	9	0	0	0	0	0	0	0	1	1	1	0	0	4	5	0	2	-1.619549
6	6	7	0	0	0	0	0	0	0	1	1	1	1	1	5	5	0	1	-1.524253
6	0	9	0	2	0	0	0	0	0	1	1	1	0	0	4	5	0	2	-1.707392
6	3	7	0	0	0	0	0	0	0	1	1	1	0	0	4	4	0	1	-1.733544
6	5	7	0	0	0	0	0	0	0	1	1	1	0	1	4	4	0	1	-1.524771
6	6	9	0	0	0	0	0	0	0	1	1	1	1	1	5	5	0	2	-1.345096
6	0	8	0	0	0	0	0	0	0	1	1	1	0	1	4	4	0	1	-1.630409
6	1	8	0	1	0	0	0	0	0	1	1	1	0	1	5	4	0	1	-1.477019
6	7	8	0	0	0	0	0	0	0	1	1	1	0	0	4	4	0	1	-1.68544
6	6	8	0	0	0	0	0	0	0	1	1	1	0	0	4	5	0	1	-1.730306
6	7	8	0	1	0	0	0	0	0	1	1	1	0	1	4	4	0	1	-1.634396
6	1	9	0	0	0	0	0	0	0	1	1	1	0	1	5	5	0	2	-1.508658
6	6	6	0	0	0	0	0	0	0	1	1	1	0	0	4	4	0	1	-1.823148
6	1	9	0	0	0	0	0	0	0	1	1	1	1	9	5	5	0	2	-1.131204
6	1	9	0	0	0	0	0	0	0	1	1	1	0	1	5	5	0	2	-1.58144
6	3	8	0	0	0	0	0	0	0	1	1	1	0	1	5	5	0	1	-1.55762
6	6	8	0	0	0	0	0	0	0	1	1	1	1	1	5	5	0	1	-1.541502
6	1	8	0	0	0	0	0	0	0	1	1	1	0	1	4	4	0	2	-1.598867
6	7	7	0	0	0	0	0	0	0	1	1	5	0	0	3	4	5	1	-1.807866
6	3	7	0	1	0	0	0	0	0	1	1	1	0	0	4	5	0	1	-1.675465
6	3	7	0	1	0	0	0	0	0	1	1	1	0	0	4	4	0	1	-1.709389
6	6	8	0	0	0	0	0	0	0	1	1	1	0	1	5	5	0	1	-1.570588
6	1	7	0	0	1	0	0	0	0	1	1	5	0	0	4	4	5	1	-1.677308
6	7	8	0	2	0	0	0	0	0	1	1	1	0	1	4	4	0	1	-1.627145
6	6	8	0	0	0	0	0	0	0	1	1	1	1	1	5	5	0	1	-1.548296
6	5	8	0	1	0	0	0	0	0	1	1	1	0	1	5	5	0	2	-1.408242
6	1	4	0	0	0	0	0	0	0	1	1	5	0	2	3	4	5	1	-1.863182
6	3	7	0	0	0	0	0	0	0	1	1	1	0	0	4	4	0	1	-1.737293
6	1	4	0	0	0	0	0	0	0	1	1	5	0	0	4	4	5	1	-1.739017
6	0	9	0	0	0	0	0	0	0	1	1	1	0	1	5	5	0	2	-1.585609
6	1	8	0	0	0	0	0	0	0	1	1	1	0	1	4	5	0	1	-1.558599
6	7	8	0	0	0	0	0	0	0	1	1	5	0	0	4	4	5	1	-1.650844
6	0	8	0	1	0	0	0	0	0	1	1	1	0	0	4	4	0	1	-1.695804
6	5	7	0	0	0	0	0	0	0	1	1	5	0	0	4	4	5	1	-1.700913
6	5	4	0	0	0	0	0	0	0	1	1	5	0	0	4	4	5	1	-1.760752
6	1	7	0	1	0	0	0	0	0	1	1	1	0	0	4	4	0	1	-1.646671
6	7	8	0	0	0	0	0	0	0	1	1	5	0	0	4	4	5	1	-1.664008
6	5	7	0	2	0	1	0	0	0	1	1	5	0	0	4	4	5	1	-1.66658
6	6	7	0	0	0	0	0	0	0	1	1	1	1	0	4	5	0	1	-1.755505
6	6	8	0	0	0	0	0	0	0	1	1	1	1	9	5	5	0	2	-1.21111
6	1	9	0	0	0	0	0	0	0	1	1	1	1	9	5	5	0	2	-1.169517
6	0	9	0	0	0	0	0	0	0	1	1	1	0	0	4	4	0	1	-1.740736
6	5	8	0	0	0	0	0	1	0	1	1	1	0	1	4	4	0	1	-1.622331
6	6	4	0	0	0	0	0	0	0	1	1	1	0	0	4	4	0	1	-1.685074
6	6	8	0	1	0	0	0	0	0	1	1	1	1	1	5	5	0	2	-1.318373
6	7	9	0	2	0	0	0	0	0	1	1	1	0	1	5	5	0	2	-1.574477
6	1	4	0	0	0	0	0	0	0	1	1	5	0	2	3	4	5	1	-1.837675
6	6	7	0	0	0	0	0	0	0	1	1	1	0	1	4	5	0	1	-1.650048
6	1	7	0	0	0	0	0	0	0	1	1	5	0	2	3	4	5	1	-1.846158
6	5	7	0	0	0	0	0	0	0	1	1	1	0	1	4	4	0	1	-1.554234
6	7	9	0	0	0	0	0	0	0	1	1	1	0	0	4	5	0	2	-1.670314
6	6	4	0	0	0	0	0	0	0	1	1	1	0	1	4	5	0	1	-1.662177
6	6	7	0	1	0	0	0	0	0	1	1	1	0	1	4	4	0	1	-1.623202
6	1	8	0	0	0	0	0	0	0	1	1	1	0	1	5	5	0	2	-1.555549
6	5	4	0	0	0	0	0	0	0	1	1	5	0	2	3	4	5	1	-1.836328
6	1	8	0	1	0	0	0	0	0	1	1	5	0	1	4	4	5	1	-1.60859
6	6	9	0	0	0	0	0	0	0	1	1	1	1	9	5	5	0	1	-1.179347
6	6	4	0	0	0	0	0	0	0	1	1	1	1	0	4	5	0	1	-1.783602
6	5	9	0	0	0	0	0	0	0	1	1	1	0	1	5	5	0	2	-1.420087
6	7	7	0	0	0	0	0	0	0	1	1	5	0	0	3	4	5	1	-1.79139
6	7	8	0	0	0	0	0	0	0	1	1	1	0	0	4	4	0	1	-1.669752
6	1	4	0	0	0	0	0	0	0	1	1	5	0	2	3	4	5	1	-1.873032
6	6	7	0	1	0	0	0	0	0	1	1	1	1	1	5	5	0	1	-1.591206
6	0	9	0	1	0	0	0	0	0	1	1	1	0	0	4	5	0	1	-1.683529
6	7	7	0	2	0	0	0	0	0	1	1	5	0	0	4	4	5	1	-1.768872
6	7	8	0	1	0	0	0	0	0	1	1	1	0	0	4	4	0	1	-1.674318
6	6	8	0	0	0	0	0	0	0	1	1	1	1	1	5	5	0	2	-1.447037
6	5	7	0	0	0	0	0	0	0	1	1	1	0	1	5	5	0	1	-1.472378
6	5	7	0	0	0	0	0	0	0	1	1	1	0	1	4	4	0	1	-1.625668
6	1	8	0	1	0	0	0	0	0	1	1	1	0	1	5	5	0	1	-1.520125
6	0	4	0	0	0	0	0	0	0	1	1	5	0	0	3	4	5	1	-1.819915
6	3	4	0	0	0	0	0	0	0	1	1	5	0	0	4	4	5	1	-1.759414
6	6	9	0	0	0	0	0	0	0	1	1	1	1	9	5	5	0	2	-1.302133
6	5	7	0	1	0	0	0	0	0	1	1	1	0	0	4	4	0	1	-1.641882
6	6	4	0	0	0	0	0	0	0	1	1	1	1	0	4	5	0	1	-1.753726
6	7	8	0	1	0	0	0	0	0	1	1	5	0	0	3	4	5	1	-1.804829
6	6	8	0	0	0	0	0	0	0	1	1	1	1	9	5	5	0	2	-1.219211
6	1	8	0	0	0	0	0	0	0	1	1	1	0	1	4	5	0	1	-1.611365
6	1	7	0	1	0	0	0	0	0	1	1	5	0	0	3	4	5	1	-1.773594
6	6	8	0	0	0	0	0	0	0	1	1	1	0	0	4	5	0	1	-1.785147
6	6	7	0	0	0	0	0	0	0	1	1	1	1	1	5	5	0	2	-1.456819
6	1	4	0	0	0	0	0	0	0	1	1	5	0	2	3	4	5	1	-1.937482
6	1	7	0	0	1	0	0	0	0	1	1	5	0	0	4	4	5	1	-1.652768
6	1	9	0	0	0	0	0	0	0	1	1	1	1	1	5	5	0	2	-1.333792
6	6	7	0	0	0	0	0	0	0	1	1	1	0	0	4	5	0	1	-1.665853
6	5	8	0	0	0	0	0	0	0	1	1	1	1	1	5	5	0	1	-1.397414
6	1	8	0	0	0	0	0	0	0	1	1	1	0	0	4	4	0	1	-1.653787
6	0	7	0	0	0	0	0	0	0	1	1	5	0	0	3	4	5	1	-1.776113
6	1	9	0	1	0	0	0	0	0	1	1	1	0	1	5	5	0	2	-1.440963
6	3	7	0	0	0	0	0	0	0	1	1	1	0	0	4	4	0	1	-1.700324
6	3	8	0	0	0	0	0	0	0	1	1	1	0	1	5	5	0	2	-1.519702
6	6	9	0	0	0	0	0	0	0	1	1	1	1	9	5	5	0	1	-0.9757
6	3	8	0	1	0	0	0	0	0	1	1	1	0	1	4	4	0	1	-1.603957
6	3	8	0	0	0	0	0	0	0	1	1	1	0	1	5	5	0	2	-1.555097
6	1	7	0	0	0	0	0	0	0	1	1	5	0	1	4	4	5	1	-1.610448
6	1	8	0	1	0	1	0	0	0	1	1	1	0	0	4	4	0	1	-1.682651
6	7	8	0	0	0	0	0	0	0	1	1	1	0	1	4	4	0	1	-1.653926
6	3	4	0	0	0	0	0	0	0	1	1	1	0	0	4	4	0	1	-1.680812
6	6	7	0	0	0	0	0	0	0	1	1	1	1	0	4	5	0	1	-1.683847
6	3	8	0	0	0	0	0	0	0	1	1	1	1	1	5	5	0	1	-1.48458
6	3	8	0	1	0	0	0	0	0	1	1	1	0	1	5	5	0	2	-1.555376
6	1	8	0	1	0	0	0	0	0	1	1	1	0	1	5	5	0	2	-1.528895
6	6	8	0	0	0	0	0	0	0	1	1	1	1	1	5	5	0	2	-1.425885
6	5	7	0	1	0	0	0	0	0	1	1	1	0	1	4	4	0	1	-1.606794
6	7	8	0	0	0	0	0	0	0	1	1	5	0	0	4	4	5	1	-1.705942
6	7	7	0	0	0	0	0	0	0	1	1	5	0	0	3	4	5	1	-1.768356
6	1	8	0	0	0	0	0	0	0	1	1	1	0	1	5	5	0	2	-1.567327
6	5	8	0	1	0	0	0	0	0	1	1	1	1	9	5	5	0	2	-1.131973
6	0	8	0	0	0	0	0	0	0	1	1	1	0	0	4	5	0	1	-1.72879
6	3	4	0	0	0	0	0	0	0	1	1	5	0	0	4	4	5	1	-1.748835
6	1	7	0	0	0	0	0	0	0	1	1	5	0	0	4	4	5	1	-1.670171
6	1	8	0	1	0	0	0	0	0	1	1	1	1	1	5	5	0	2	-1.357871
6	1	8	0	1	0	0	0	0	0	1	1	1	0	1	5	4	0	1	-1.512555
6	5	7	0	0	0	0	0	0	0	1	1	1	0	1	4	4	0	1	-1.590164
6	7	7	0	0	0	0	0	0	0	1	1	5	0	0	4	4	5	1	-1.68954
6	7	7	0	0	0	0	0	0	0	1	1	5	0	2	3	4	5	1	-1.888408
6	1	8	0	0	0	0	0	0	0	1	1	1	1	1	5	5	0	1	-1.446641
6	6	4	0	0	0	0	0	0	0	1	1	5	0	0	4	4	5	1	-1.771163
6	5	7	0	0	0	0	0	0	0	1	1	5	0	0	3	4	5	1	-1.8356
6	1	7	0	0	0	1	0	0	0	1	1	1	1	1	4	5	0	1	-1.563972
6	3	4	0	1	0	0	0	0	0	1	1	1	0	0	4	4	0	1	-1.77166
6	5	7	0	0	0	0	0	0	0	1	1	5	0	0	4	4	5	1	-1.756712
6	6	9	0	0	0	0	0	1	0	1	1	1	1	1	5	5	0	1	-1.162844
6	6	4	0	0	0	0	0	0	0	1	1	1	0	0	4	5	0	1	-1.68129
6	3	4	0	0	0	0	0	0	0	1	1	1	0	0	4	4	0	1	-1.73537
6	7	7	0	0	0	0	0	0	0	1	1	5	0	0	4	4	5	1	-1.724894
6	3	7	0	1	0	0	0	0	0	1	1	1	0	1	4	5	0	1	-1.566335
6	6	8	0	0	0	0	0	0	0	1	1	1	1	1	5	5	0	2	-1.360437
6	6	8	0	0	0	0	0	0	0	1	1	1	1	1	5	5	0	1	-1.544214
6	1	7	0	0	0	0	0	0	0	1	1	1	0	1	4	4	0	1	-1.649603
6	5	7	0	1	0	0	0	0	0	1	1	1	0	0	4	4	0	1	-1.66796
6	5	4	0	0	0	0	0	0	0	1	1	5	0	0	4	4	5	1	-1.699326
6	6	7	0	0	0	0	0	0	0	1	1	1	1	1	4	5	0	1	-1.569253
6	0	9	0	1	0	0	0	0	0	1	1	5	0	0	4	5	5	2	-1.76489
6	3	4	0	1	0	0	0	0	0	1	1	5	0	0	3	4	5	1	-1.842494
6	5	7	0	0	0	0	0	0	0	1	1	5	0	0	4	4	5	1	-1.713134
6	6	4	0	2	0	0	0	0	0	1	1	1	0	1	4	5	0	1	-1.622211
6	7	8	0	0	0	0	0	0	0	1	1	5	0	1	4	4	5	1	-1.637777
6	1	9	0	0	0	0	0	0	0	1	1	1	0	1	4	5	0	1	-1.632243
6	1	9	0	2	0	0	0	0	0	1	1	1	0	1	4	4	0	1	-1.57896
6	3	8	0	1	0	0	0	0	0	1	1	1	0	0	4	5	0	2	-1.676921
6	7	7	0	0	0	0	0	0	0	1	1	5	0	0	4	4	5	1	-1.74518
6	6	7	0	0	0	0	0	0	0	1	1	1	0	0	4	4	0	1	-1.72683
6	5	8	0	1	0	0	0	0	0	1	1	1	1	1	5	5	0	2	-1.334127
6	5	9	0	0	0	0	0	0	0	1	1	1	0	0	4	5	0	1	-1.620749
6	7	8	0	1	0	0	0	0	0	1	1	1	0	1	4	4	0	1	-1.530686
6	3	7	0	0	0	0	0	0	0	1	1	1	0	1	4	5	0	1	-1.650123
6	1	8	0	0	0	0	0	0	0	1	1	1	1	1	5	5	0	2	-1.312499
6	1	7	0	0	0	1	0	0	0	1	1	5	0	1	4	4	5	1	-1.620451
6	7	7	0	0	0	0	0	0	0	1	1	5	0	2	3	4	5	1	-1.848523
6	5	8	0	1	0	0	0	0	0	1	1	1	1	1	5	5	0	1	-1.457591
6	6	8	0	1	0	0	0	0	0	1	1	1	0	1	5	5	0	2	-1.55225
4	8	9	0	0	1	0	0	0	0	0	0	0	1	0	1	7	1	9	-2.107303
4	2	9	0	0	0	0	0	0	0	0	0	0	1	0	1	7	1	9	-2.123254
4	2	9	0	0	0	0	0	0	0	0	0	0	1	0	1	7	1	9	-2.094395
4	2	8	0	0	0	0	0	0	0	0	0	0	1	0	5	7	1	9	-2.226355
4	8	9	0	0	0	1	0	0	0	0	0	0	1	0	5	7	1	7	-2.118937
4	2	8	0	0	0	0	0	0	0	0	0	0	1	0	5	7	1	7	-2.348987
4	8	7	0	0	0	9	3	2	0	3	3	3	2	4	2	5	3	1	-2.284187
4	9	9	0	1	0	1	0	0	0	0	0	0	1	0	5	6	1	7	-2.180291
4	8	8	0	0	0	0	0	0	0	0	0	0	1	0	5	7	1	9	-2.191382
4	8	7	0	0	0	0	0	0	0	0	0	0	1	0	5	7	1	7	-2.248134
4	2	8	0	0	0	1	0	0	0	0	0	0	1	2	5	7	1	7	-2.305729
4	2	9	0	0	0	0	0	0	0	0	0	0	1	0	5	7	1	9	-2.24908
4	2	9	0	0	0	0	0	0	0	0	0	0	1	0	5	7	1	9	-2.155984
4	2	7	0	0	0	1	0	0	0	0	0	1	1	2	5	7	0	4	-2.481874
4	8	5	0	0	1	1	0	0	0	0	0	0	1	0	5	6	1	7	-2.193967
4	8	8	0	0	0	0	0	0	0	0	0	0	1	0	5	7	1	9	-2.269545
4	9	8	0	0	0	0	0	0	0	0	0	0	1	2	5	7	1	7	-2.329423
4	8	8	0	0	0	0	0	0	0	0	0	0	1	0	5	6	1	9	-2.133095
4	2	8	0	0	0	0	0	0	0	0	0	0	1	0	5	7	1	9	-2.269023
4	2	7	0	0	0	1	0	0	0	0	0	1	1	2	5	6	0	0	-2.326257
4	2	7	0	0	0	0	0	0	0	0	0	0	1	2	5	6	1	7	-2.268176
4	9	9	0	0	0	0	0	0	0	0	0	0	1	0	5	7	1	7	-2.284608
4	9	8	0	0	0	1	0	0	0	0	0	0	1	0	5	6	1	7	-2.205437
4	8	5	0	0	0	0	0	0	0	0	0	0	1	1	1	7	1	9	-2.094395
4	2	8	0	0	0	0	0	0	0	0	0	0	1	0	5	6	1	7	-2.217735
4	9	8	0	0	0	0	0	0	0	0	0	0	1	2	5	6	1	8	-2.332766
4	2	7	0	0	1	8	4	3	2	1	1	1	0	2	4	7	0	0	-2.488979
4	8	9	0	0	0	0	0	0	0	0	0	0	1	0	5	7	1	9	-2.164094
4	2	9	0	0	0	0	0	0	0	0	0	0	1	0	5	7	1	9	-2.094395
4	8	8	0	0	1	1	0	1	0	0	0	1	1	2	4	6	0	8	-2.266389
4	2	9	0	0	0	0	0	0	0	0	0	0	1	0	5	7	1	9	-2.169865
4	2	9	0	0	0	0	0	0	0	0	0	0	1	0	1	7	1	9	-2.16176
4	2	9	0	0	0	0	0	0	0	0	0	0	1	0	5	7	1	9	-2.216604
4	8	7	0	0	0	7	1	5	0	3	3	3	2	5	2	5	3	1	-2.274461
4	8	9	0	0	0	0	0	0	0	0	0	0	1	0	5	7	1	9	-2.156366
4	2	7	0	0	0	0	0	0	0	0	0	0	1	2	5	7	1	8	-2.288981
4	9	8	0	0	0	2	0	1	0	0	0	0	1	2	5	6	1	8	-2.289874
4	9	8	0	0	0	1	0	0	0	0	0	0	1	2	5	7	1	8	-2.318885
4	2	9	0	0	0	0	0	0	0	0	0	0	1	0	5	7	1	9	-2.132635
4	8	8	0	0	0	0	0	0	0	0	0	0	1	0	5	7	1	9	-2.11372
4	9	8	0	0	0	0	0	0	0	0	0	0	1	2	4	6	1	8	-2.226247
4	8	9	0	0	0	0	0	0	0	0	0	0	1	0	5	7	1	9	-2.173204
4	8	9	0	0	0	0	0	0	0	0	0	0	1	1	1	7	1	9	-2.094395
4	2	7	0	0	0	6	5	1	0	1	1	1	0	2	5	6	0	0	-2.321343
4	8	7	0	0	0	5	0	5	1	3	1	3	0	4	2	5	3	1	-2.286295
4	2	7	0	0	0	0	0	0	0	0	0	0	1	2	5	6	1	7	-2.216721
4	2	8	0	0	0	0	0	0	0	0	0	0	1	0	5	7	1	9	-2.225735
4	2	7	0	0	0	0	0	0	0	0	0	0	1	2	5	7	1	8	-2.355641
4	8	9	0	0	0	0	0	0	0	0	0	0	1	0	5	7	1	9	-2.152507
4	9	8	0	0	1	4	6	1	0	0	0	1	1	2	4	6	0	4	-2.363577
5	9	7	0	0	0	0	0	0	0	8	8	8	8	4	3	5	8	6	-2.225537
5	9	6	0	0	0	0	0	0	0	8	8	8	8	3	3	6	8	5	-2.264532
5	8	4	0	0	0	0	0	0	0	8	8	8	8	4	3	5	8	6	-2.282217
5	8	4	0	0	0	0	0	0	0	8	8	8	8	3	3	5	8	6	-2.187422
5	6	6	0	0	0	0	0	0	0	8	8	8	8	3	3	6	8	5	-2.292384
5	9	8	0	0	0	0	0	0	0	8	8	8	8	4	3	5	8	6	-2.317384
5	1	4	0	0	0	0	0	0	0	8	8	8	8	3	3	5	8	6	-2.268529
5	2	4	0	0	0	0	0	0	0	8	8	8	8	4	3	5	8	6	-2.231555
5	9	8	0	0	0	0	0	0	0	8	8	8	8	4	3	5	8	6	-2.312874
5	4	6	0	0	0	0	0	0	0	8	8	8	8	3	3	5	8	5	-2.146716
5	6	6	0	0	0	0	0	0	0	8	8	8	8	3	3	5	8	5	-2.214612
5	4	9	0	0	0	0	0	0	0	8	8	8	8	4	2	5	8	6	-2.309551
5	7	6	0	0	0	0	0	0	0	8	8	8	8	3	3	5	8	6	-2.232895
5	2	6	0	0	0	0	0	0	0	8	8	8	8	3	3	5	8	6	-2.182567
5	5	6	0	0	0	0	0	0	0	8	8	8	8	3	3	6	8	6	-2.358602
5	8	4	0	0	0	0	0	0	0	8	8	8	8	4	3	5	8	6	-2.278428
5	4	6	0	0	0	0	0	0	0	8	8	8	8	3	3	5	8	6	-2.280755
5	9	6	0	0	0	0	0	0	0	8	8	8	8	3	3	6	8	6	-2.328472
5	8	6	0	0	0	0	0	0	0	8	8	8	8	3	3	5	8	6	-2.27511
5	9	4	0	0	0	0	0	0	0	8	8	8	8	4	3	5	8	6	-2.262555
5	9	8	0	0	0	0	0	0	0	8	8	8	8	4	3	6	8	6	-2.346234
5	0	6	0	0	0	0	0	0	0	8	8	8	8	3	4	7	8	5	-2.521648
5	7	6	0	1	0	0	0	0	0	8	8	8	8	3	3	5	8	6	-2.2
5	9	6	0	0	0	0	0	0	0	8	8	8	8	3	3	5	8	6	-2.146845
5	9	6	0	0	0	0	0	0	0	8	8	8	8	3	3	6	8	6	-2.330563
5	8	6	0	0	0	0	0	0	0	8	8	8	8	3	3	5	8	6	-2.146204
5	8	6	0	0	0	0	0	0	0	8	8	8	8	3	3	5	8	6	-2.230725
5	4	6	0	0	0	0	0	0	0	8	8	8	8	3	3	6	8	6	-2.251504
5	2	6	0	0	0	0	0	0	0	8	8	8	8	3	3	6	8	5	-2.401587
5	9	8	0	0	0	0	0	0	0	8	8	8	8	4	2	5	8	6	-2.328735
5	4	7	0	0	0	0	0	0	0	8	8	8	8	4	3	5	8	6	-2.277146
5	9	9	0	0	0	0	0	0	0	8	7	8	8	5	2	6	8	6	-2.405477
5	9	4	0	0	0	0	0	0	0	8	8	8	8	3	3	5	8	6	-2.215046
5	5	6	0	0	0	0	0	0	0	8	8	8	8	3	3	5	8	6	-2.255012
5	5	6	0	0	0	0	0	0	0	8	8	8	8	3	4	6	8	5	-2.276767
5	8	6	0	0	0	0	0	0	0	8	8	8	8	3	3	6	8	6	-2.264129
5	1	4	0	0	0	0	0	0	0	8	8	8	8	4	3	5	8	6	-2.26361
5	8	4	0	0	0	0	0	0	0	8	8	8	8	4	3	5	8	6	-2.30244
5	8	4	0	0	0	0	0	0	0	8	8	8	8	3	3	5	8	6	-2.217488
5	8	4	0	0	0	0	0	0	0	8	8	8	8	4	3	5	8	6	-2.247156
5	9	4	0	0	0	0	0	0	0	8	8	8	8	3	3	5	8	6	-2.232616
5	8	4	0	0	0	0	0	0	0	8	8	8	8	4	3	5	8	6	-2.270225
5	1	6	0	0	0	0	0	0	0	8	8	8	8	4	4	6	8	6	-2.449265
5	2	6	0	0	0	0	0	0	0	8	8	8	8	3	3	5	8	5	-2.158304
0	9	1	0	1	0	0	0	0	0	1	0	0	0	2	0	0	0	1	2.432783
0	8	2	0	1	0	0	0	0	0	0	0	0	0	2	1	1	0	1	2.437819
0	4	2	0	0	0	0	0	0	0	1	0	1	0	2	1	0	0	2	2.483291
0	8	1	0	0	0	0	0	0	0	1	0	1	0	2	1	1	0	1	2.743555
0	1	0	0	0	0	1	0	1	0	1	1	1	0	2	0	3	0	2	2.243094
0	2	1	0	0	0	0	0	0	0	0	0	0	0	2	1	1	0	1	2.386597
0	9	1	0	1	0	0	0	0	0	1	0	0	0	2	1	1	0	2	2.482445
0	2	2	0	0	0	0	0	0	0	1	0	0	0	2	0	0	0	1	2.310932
0	9	1	0	0	0	0	0	0	0	1	1	1	0	2	1	1	0	2	2.651605
0	6	2	0	1	0	1	0	0	0	1	0	0	0	2	0	0	0	1	2.209309
0	7	2	0	0	0	0	0	0	0	1	1	0	0	2	0	3	0	1	2.102212
0	1	2	0	0	0	1	0	0	0	1	1	0	0	2	0	0	0	1	2.105197
0	8	2	0	1	0	0	0	0	0	1	0	1	0	2	1	1	0	2	2.554965
0	5	0	0	1	0	0	0	0	0	1	0	0	0	2	1	1	0	2	2.545329
0	4	2	0	0	0	0	0	0	0	1	1	1	0	2	0	0	0	1	2.386452
0	3	1	0	1	0	0	0	0	0	1	0	0	0	2	0	0	0	2	2.170543
0	3	0	0	0	0	0	0	0	0	1	0	1	0	2	1	1	0	2	2.511766
0	2	1	0	0	0	0	0	0	0	1	0	0	0	2	0	0	0	1	2.306678
0	4	0	0	1	0	0	0	0	0	1	1	1	0	2	0	3	0	2	2.113918
0	5	0	0	1	0	0	0	0	0	1	1	1	0	0	0	1	0	3	2.189135
0	6	1	0	0	0	0	0	0	0	0	0	0	0	2	0	1	0	1	2.341677
0	9	1	0	0	0	0	0	0	0	1	0	1	0	2	1	1	0	3	2.7898
0	4	3	0	0	0	0	0	1	0	1	1	1	0	0	0	1	0	3	2.274128
0	0	1	0	1	0	0	0	0	0	0	0	0	0	2	0	1	0	2	2.395431
0	0	0	0	1	0	0	0	0	0	1	0	0	0	2	0	0	0	1	2.401137
0	6	1	0	0	0	0	0	0	0	0	0	0	0	0	0	1	0	2	2.283147
0	8	2	0	0	0	0	0	0	0	0	0	0	0	2	1	1	0	2	2.441017
0	4	3	0	1	0	0	0	0	0	1	1	1	2	2	0	3	5	2	2.125416
0	9	0	0	0	0	0	0	0	0	1	1	1	0	2	1	1	0	2	2.587396
0	1	0	0	0	0	0	0	0	0	1	0	1	0	2	1	1	0	2	2.593107
0	0	2	0	0	0	0	0	0	0	0	0	0	0	0	0	1	0	2	2.292041
0	7	1	0	0	0	0	0	0	0	1	1	1	0	2	0	1	0	2	2.337472
0	7	3	0	0	0	0	0	0	0	1	1	1	2	2	0	0	0	3	2.263538
0	4	3	0	2	0	0	0	0	0	1	1	1	2	2	0	3	0	2	2.190305
0	9	2	0	0	0	0	0	0	0	1	1	1	0	2	0	0	0	2	2.396771
0	0	1	0	0	0	0	0	0	0	1	0	1	0	2	1	1	0	2	2.670771
0	3	0	0	1	0	0	0	0	0	1	1	1	0	2	0	0	0	1	2.361827
0	1	0	0	0	0	1	0	0	0	1	0	1	0	2	1	0	0	2	2.524273
0	9	0	0	0	0	0	0	0	0	1	1	1	0	2	0	0	0	2	2.271693
0	6	2	0	0	0	0	0	0	0	1	0	0	0	2	0	0	0	2	2.363871
0	6	2	0	0	0	0	0	0	0	1	1	0	0	0	0	1	0	2	2.239034
0	0	1	0	0	0	0	0	0	0	1	0	0	0	2	0	0	0	2	2.395692
0	4	2	0	0	0	0	0	0	0	0	0	0	0	2	1	1	0	1	2.707051
0	2	2	0	1	0	0	0	0	0	0	0	0	0	2	1	1	0	2	2.557309
2	1	5	0	0	0	0	0	0	0	0	0	0	1	0	5	6	1	7	-2.071242
2	2	5	0	0	0	0	0	0	0	0	0	0	1	0	5	6	1	4	-2.04457
2	9	5	0	0	0	0	0	0	0	0	0	0	1	0	5	6	1	9	-2.130339
2	3	9	0	0	0	0	0	0	0	0	0	0	1	1	1	7	1	7	-1.959823
2	7	5	0	0	0	0	0	0	0	0	0	0	1	0	5	6	1	4	-2.175296
2	1	5	0	0	0	0	0	0	0	0	0	0	1	0	5	6	1	8	-1.985769
2	1	5	0	0	0	0	0	0	0	0	0	0	1	0	5	7	1	7	-2.013143
2	4	5	0	0	0	0	0	0	0	0	0	0	1	0	5	6	1	7	-2.077816
2	4	5	0	0	0	0	0	0	0	0	0	0	1	0	5	7	1	7	-2.094395
2	0	5	0	0	0	0	0	0	0	0	0	0	1	0	5	7	1	9	-2.013143
2	3	5	0	0	0	0	0	0	0	0	0	0	1	0	5	6	1	7	-1.972186
2	3	9	0	0	0	0	0	0	0	0	0	0	1	1	1	7	1	9	-2.056155
2	0	5	0	0	0	0	0	0	0	0	0	0	1	0	5	6	1	8	-2.075071
2	2	5	0	1	0	0	0	0	0	0	0	1	1	2	4	6	0	4	-2.191662
2	3	9	0	0	0	0	0	0	0	0	0	0	1	1	1	7	1	8	-2.051344
2	5	5	0	0	0	0	0	0	0	0	0	0	1	0	5	6	1	4	-2.072268
2	3	5	0	0	0	0	0	0	0	0	0	0	1	0	1	7	1	9	-2.071242
2	4	5	0	0	0	0	0	0	0	0	0	0	1	0	5	6	1	8	-2.127586
2	0	5	0	0	0	0	0	0	0	0	0	0	1	0	5	6	1	8	-2.071242
2	0	5	0	0	0	0	0	0	0	0	0	0	1	0	5	6	1	8	-2.058451
2	5	5	0	0	0	0	0	0	0	0	0	0	1	0	5	6	1	0	-2.138459
2	5	5	0	0	0	0	0	0	0	0	0	0	1	0	5	6	1	4	-2.048
2	6	9	0	0	0	0	0	0	0	0	0	0	1	0	1	7	1	0	-2.094395
2	5	5	0	0	0	0	0	0	0	0	0	0	1	0	5	6	1	4	-2.125516
2	0	5	0	0	0	0	0	0	0	0	0	0	1	0	5	6	1	8	-2.08783
2	1	5	0	0	0	0	0	0	0	0	0	0	1	0	5	6	1	9	-1.931332
2	1	5	0	0	0	0	0	0	0	0	0	0	1	0	5	7	1	7	-2.013143
2	6	5	0	0	0	0	0	0	0	0	0	0	1	0	1	7	1	9	-2.056155
3	1	9	0	0	0	0	0	0	0	1	1	5	0	4	2	4	5	0	-2.149759
3	0	9	0	0	0	0	0	2	0	0	0	1	1	2	4	6	0	0	-2.137371
3	9	5	0	0	0	1	0	0	0	1	1	5	0	4	3	5	5	1	-2.242741
3	5	3	0	0	0	1	0	0	0	1	1	5	0	2	3	5	5	1	-2.138726
3	1	3	0	0	0	0	0	0	0	1	1	1	0	2	4	5	0	1	-2.109365
3	5	5	0	1	0	1	0	0	0	1	1	5	0	2	3	5	5	1	-2.124871
3	2	5	0	0	0	0	0	0	0	3	1	5	0	4	2	5	5	1	-2.237972
3	3	9	0	0	0	0	0	0	0	1	1	1	0	2	4	6	0	2	-2.104083
3	7	5	0	1	0	0	0	0	0	1	1	5	0	4	3	5	5	1	-2.204575
3	3	5	0	0	0	0	0	0	0	1	0	1	1	2	4	5	0	1	-2.069251
3	6	5	0	1	0	0	0	0	0	0	0	0	1	1	5	6	1	1	-1.584341
3	2	9	0	0	0	0	0	0	0	1	1	5	0	3	3	5	5	0	-2.134924
3	1	3	0	0	0	0	0	0	0	1	1	1	0	2	4	5	0	1	-2.142701
3	0	9	0	0	0	0	0	0	0	1	1	1	0	2	4	5	0	1	-2.158805
3	1	5	0	0	0	1	0	0	0	1	1	1	0	3	3	5	0	1	-2.141787
3	7	3	0	0	0	0	0	0	0	1	1	5	0	3	3	5	5	1	-2.169368
3	0	5	0	0	0	0	0	0	0	1	1	1	0	2	4	5	0	1	-2.164971
3	6	5	0	0	0	1	0	0	0	1	1	1	0	3	3	5	0	1	-2.142529
3	3	5	0	0	0	0	0	0	0	1	1	1	0	2	3	5	0	1	-2.134876
3	6	5	0	1	0	0	0	0	0	0	0	1	1	0	5	6	0	1	-2.108911
3	4	5	0	0	0	1	0	0	0	3	1	5	0	4	2	5	5	1	-2.219625
3	2	5	0	0	0	1	0	0	0	1	1	5	0	3	3	5	5	1	-2.165731
3	5	5	0	0	0	0	0	0	0	1	1	5	0	3	3	5	5	1	-2.167262
3	5	9	0	0	0	0	0	0	0	1	1	1	0	2	4	5	0	1	-2.104102
3	6	9	0	0	0	0	0	0	0	1	1	1	0	2	4	6	0	1	-2.115734
3	5	5	0	0	0	2	0	0	0	1	0	1	1	2	4	6	0	1	-2.118223
3	8	5	0	0	1	1	0	0	0	1	1	5	0	3	3	5	5	1	-2.174468
3	9	5	0	0	0	0	0	0	0	0	0	0	1	0	5	6	1	8	-2.123905
3	5	3	0	0	0	1	0	0	0	1	1	1	0	2	3	5	0	1	-2.1343
3	7	9	0	1	0	0	0	0	0	1	1	5	0	3	3	5	5	1	-2.161046
3	9	5	0	0	0	0	0	0	0	1	1	5	0	3	3	5	5	1	-2.191073
3	8	5	0	0	0	1	0	0	0	3	1	3	0	4	2	4	3	1	-2.20265
4	5	8	0	0	1	4	0	2	0	1	0	1	0	3	4	7	0	4	-2.418074
4	7	8	0	0	1	8	1	7	3	3	3	3	2	4	3	6	3	2	-2.346057
4	7	9	0	0	0	1	0	0	0	0	0	0	1	2	5	7	1	7	-2.300368
4	0	5	0	0	0	0	0	0	0	0	0	0	1	0	1	7	1	9	-2.094395
4	5	7	0	1	0	0	0	0	0	0	0	0	1	2	4	7	1	8	-2.417517
4	6	8	0	0	1	0	0	0	0	0	0	0	1	2	5	7	1	7	-2.383949
4	5	8	0	0	0	0	0	0	0	0	0	0	1	2	5	7	1	7	-2.333804
4	1	5	0	0	0	0	0	0	0	0	0	0	1	0	1	7	1	9	-2.094395
4	0	8	0	0	0	0	0	0	0	0	0	0	1	2	5	7	1	7	-2.316112
4	6	8	0	0	0	0	0	0	0	0	0	0	1	2	5	7	1	9	-2.354575
4	1	8	0	0	0	0	0	0	0	0	0	0	1	2	5	6	1	9	-2.255673
4	6	9	0	0	0	0	0	0	0	0	0	0	1	0	5	7	1	9	-2.315721
4	6	9	0	0	0	0	0	0	0	0	0	0	1	0	1	7	1	9	-2.16921
4	3	7	0	0	1	2	1	1	1	0	0	1	1	3	4	7	0	4	-2.523325
4	0	5	0	0	0	0	0	0	0	0	0	0	1	0	1	7	1	9	-2.110974
4	3	5	0	0	0	0	0	0	0	0	0	0	1	1	1	7	1	3	-2.53095
4	7	8	0	0	1	7	2	4	4	2	3	3	2	3	3	6	3	2	-2.416817
4	5	8	0	1	0	0	0	0	0	0	0	0	1	2	5	7	1	7	-2.395422
4	1	9	0	0	1	2	0	1	0	0	0	0	1	2	5	7	1	7	-2.349017
4	3	8	0	0	0	0	0	0	0	0	0	0	1	2	5	7	1	8	-2.326455
4	6	5	0	0	0	0	0	0	0	0	0	0	1	1	1	7	1	4	-2.094395
4	1	5	0	0	0	0	0	0	0	0	0	0	1	0	1	7	1	9	-2.285991
4	5	9	0	0	0	2	0	0	0	0	0	0	1	2	4	6	1	8	-2.275553
4	6	5	0	0	0	0	0	0	0	0	0	0	1	1	1	7	1	1	-2.159563
4	1	8	0	0	0	0	0	0	0	0	0	0	1	2	4	6	1	8	-2.275792
4	6	5	0	0	0	0	0	0	0	0	0	0	1	0	1	7	1	1	-2.569768
4	6	7	0	0	1	5	2	8	5	5	9	9	9	5	2	6	9	3	-2.411645
4	3	9	0	0	0	0	0	0	0	0	0	0	1	2	5	7	1	8	-2.413992
4	3	7	0	1	0	0	0	0	0	0	0	0	1	2	5	7	1	7	-2.354881
4	5	5	0	0	0	0	0	0	0	0	0	0	1	1	1	7	1	7	-2.094395
4	1	9	0	0	0	1	0	0	0	0	0	0	1	2	5	6	1	7	-2.216473
4	3	7	0	0	0	0	0	0	0	0	0	0	1	2	5	7	1	8	-2.520215
4	6	8	0	0	0	1	0	0	0	0	0	0	1	2	4	7	1	8	-2.394493
4	7	9	0	0	0	0	0	0	0	0	0	0	1	2	5	7	1	9	-2.351514
4	3	8	0	0	0	0	0	0	0	0	0	0	1	2	5	7	1	9	-2.268209
4	6	5	0	0	0	0	0	0	0	0	0	0	1	1	1	7	1	8	-2.094395
4	5	8	0	1	0	0	0	0	0	0	0	0	1	0	5	7	1	9	-2.146531
4	7	8	0	0	0	2	0	2	0	1	0	1	1	2	4	6	0	0	-2.378944
4	0	7	0	0	0	6	7	3	1	3	3	3	2	4	3	6	3	2	-2.476481
4	5	9	0	0	0	0	0	0	0	0	0	0	1	1	1	7	1	9	-2.094395
4	5	8	0	0	0	1	0	1	0	0	0	0	1	2	5	6	1	7	-2.272973
4	3	7	0	1	0	0	0	0	0	0	0	0	1	2	4	7	1	8	-2.467493
4	3	9	0	0	0	0	0	0	0	0	0	0	1	0	5	7	1	7	-2.313013
4	3	7	0	0	0	9	6	3	6	2	3	3	3	5	2	5	3	1	-2.308656
4	1	5	0	0	0	0	0	0	0	0	0	0	1	0	5	7	1	9	-2.094395
4	5	9	0	0	0	0	0	0	0	0	0	0	1	1	1	7	1	9	-2.094395
4	0	9	0	0	0	0	0	0	0	0	0	0	1	0	5	7	1	9	-2.142674
4	5	8	0	0	0	0	0	0	0	0	0	0	1	2	5	6	1	9	-2.255541
4	1	5	0	0	0	0	0	0	0	0	0	0	1	0	5	7	1	9	-2.173961
4	0	5	0	0	0	0	0	0	0	0	0	0	1	1	1	7	1	9	-2.094395
4	1	8	0	0	0	0	0	0	0	0	0	0	1	2	4	6	1	7	-2.322295
4	0	8	0	1	0	1	0	1	0	0	0	1	1	3	4	6	0	4	-2.356793
4	6	5	0	0	0	0	0	0	0	0	0	0	1	1	1	7	1	6	-2.094395
4	1	5	0	0	0	0	0	0	0	0	0	0	1	1	1	7	1	9	-2.094395
4	5	8	0	0	0	0	0	0	0	0	0	0	1	0	5	7	1	7	-2.261719
4	0	5	0	0	0	0	0	0	0	0	0	0	1	2	5	6	1	9	-2.257412
4	1	8	0	0	0	0	0	0	0	0	0	0	1	2	5	6	1	7	-2.28054
4	5	9	0	0	0	0	0	0	0	0	0	0	1	0	5	7	1	9	-2.139494
4	7	8	0	0	1	9	3	6	6	2	3	3	2	3	4	6	3	2	-2.320272
4	3	5	0	0	0	0	0	0	0	0	0	0	1	1	1	7	1	6	-2.094395
4	1	5	0	0	0	0	0	0	0	0	0	0	1	0	1	7	1	9	-2.117548
4	7	5	0	1	0	0	0	0	0	0	0	0	1	2	4	6	1	8	-2.360782
4	3	8	0	0	1	0	0	0	0	0	0	0	1	2	5	7	1	9	-2.429449
4	0	9	0	0	0	0	0	0	0	0	0	0	1	0	5	7	1	9	-2.133095
4	1	5	0	0	0	0	0	0	0	0	0	0	1	1	1	7	1	9	-2.094395
4	6	8	0	0	0	0	0	0	0	0	0	0	1	2	5	6	1	9	-2.244482
4	0	5	0	0	0	0	0	0	0	0	0	0	1	0	1	7	1	9	-2.094395
4	3	5	0	0	0	0	0	0	0	0	0	0	1	1	1	7	1	5	-2.094395
4	5	9	0	0	0	0	0	0	0	0	0	0	1	0	1	7	1	9	-2.133095
4	7	9	0	0	0	0	0	0	0	0	0	0	1	0	5	7	1	9	-2.130339
4	5	9	0	1	0	0	0	0	0	0	0	0	1	0	1	7	1	9	-2.18129
4	6	9	0	0	0	0	0	0	0	0	0	0	1	0	1	7	1	9	-2.057287
4	1	9	0	0	0	0	0	0	0	0	0	0	1	0	5	7	1	9	-2.094395
4	1	8	0	0	1	6	8	8	7	4	4	4	4	5	3	6	4	2	-2.422127
4	3	8	0	0	0	1	0	0	0	0	0	0	1	2	4	6	1	7	-2.282744
4	3	9	0	0	0	0	0	0	0	0	0	0	1	0	5	7	1	9	-2.298085
4	0	5	0	0	0	0	0	0	0	0	0	0	1	0	1	7	1	9	-2.094395
4	5	5	0	0	0	0	0	0	0	0	0	0	1	1	1	7	1	2	-2.181439
4	6	7	0	0	0	3	6	2	1	1	1	5	0	4	3	6	5	0	-2.438409
4	7	9	0	0	0	0	0	0	0	0	0	0	1	0	5	7	1	9	-2.163434
4	3	9	0	0	0	0	0	0	0	0	0	0	1	0	5	7	1	9	-2.358386
4	6	7	0	0	0	1	0	1	0	0	0	0	1	2	4	6	1	8	-2.320628
4	6	9	0	0	0	0	0	0	0	0	0	0	1	0	1	7	1	9	-2.16921
4	6	8	0	0	0	1	0	0	0	0	0	0	1	2	5	7	1	7	-2.330693
4	5	9	0	0	0	0	0	0	0	0	0	0	1	2	5	7	1	7	-2.283787
4	3	7	0	0	0	0	0	0	0	0	0	0	1	2	5	7	1	7	-2.339798
4	7	5	0	0	0	0	0	0	0	0	0	0	1	2	5	7	1	7	-2.386611
4	3	8	0	1	0	0	0	0	0	0	0	0	1	2	5	7	1	7	-2.396657
4	6	8	0	0	0	0	0	0	0	0	0	0	1	0	5	6	1	9	-2.189708
4	7	9	0	0	0	0	0	0	0	0	0	0	1	0	5	7	1	7	-2.234241
4	6	7	0	0	0	1	0	5	0	1	1	5	0	3	4	6	5	0	-2.431513
4	0	8	0	0	1	1	0	1	0	0	0	1	1	2	4	7	0	8	-2.44804
4	7	5	0	0	0	0	0	0	0	0	0	0	1	0	5	6	1	9	-2.212162
4	0	8	0	1	0	0	0	0	0	0	0	0	1	2	5	7	1	8	-2.452176
4	3	8	0	0	0	0	0	0	0	0	0	0	1	0	5	7	1	9	-2.274071
4	0	7	0	0	0	7	8	7	6	4	4	4	4	4	3	6	4	3	-2.434193
4	6	9	0	0	0	0	0	0	0	0	0	0	1	0	5	7	1	7	-2.02703
4	6	8	0	0	0	0	0	0	0	0	0	0	1	0	5	6	1	9	-2.16608
4	5	8	0	0	0	0	0	0	0	0	0	0	1	0	5	6	1	9	-2.149743
4	0	8	0	0	0	0	0	0	0	0	0	0	1	2	5	6	1	7	-2.186234
4	1	9	0	1	0	0	0	0	0	0	0	0	1	0	5	7	1	9	-2.321865
4	0	8	0	0	0	1	0	0	0	0	0	0	1	2	4	6	1	8	-2.329093
4	0	9	0	0	0	0	0	0	0	0	0	0	1	0	1	7	1	9	-2.094395
4	6	9	0	0	0	0	0	0	0	0	0	0	1	0	1	7	1	9	-2.178769
4	3	9	0	1	0	0	0	0	0	0	0	0	1	2	5	7	1	7	-2.435718
4	5	9	0	0	0	0	0	0	0	0	0	0	1	0	5	7	1	9	-2.229939
4	6	7	0	0	0	0	0	0	0	0	0	0	1	2	5	7	1	7	-2.451983
4	3	8	0	0	0	0	0	0	0	0	0	0	1	0	5	6	1	9	-2.151958
4	3	8	0	0	0	0	0	0	0	0	0	0	1	0	5	6	1	9	-2.216544
4	5	9	0	0	0	0	0	0	0	0	0	0	1	0	5	7	1	9	-2.146531
4	6	9	0	0	0	0	0	0	0	0	0	0	1	0	1	7	1	9	-2.132635
4	3	9	0	0	0	0	0	0	0	0	0	0	1	0	5	7	1	9	-2.222661
4	3	9	0	0	0	0	0	0	0	0	0	0	1	0	5	7	1	9	-2.420258
4	3	8	0	0	0	1	0	0	0	0	0	0	1	2	5	6	1	7	-2.271544
4	6	8	0	0	0	0	0	0	0	0	0	0	1	0	5	6	1	9	-2.164323
4	6	9	0	0	0	0	0	0	0	0	0	0	1	0	1	7	1	9	-2.237562
4	1	9	0	0	0	0	0	0	0	0	0	0	1	1	1	7	1	9	-2.094395
4	7	8	0	0	1	4	0	4	5	3	3	3	2	4	3	6	3	2	-2.380238
4	6	9	0	1	0	0	0	0	0	0	0	0	1	0	5	7	1	7	-2.618651
4	7	9	0	0	0	0	0	0	0	0	0	0	1	0	5	7	1	9	-2.094395
4	5	9	0	0	0	0	0	0	0	0	0	0	1	0	5	7	1	9	-2.153599
4	3	7	0	0	0	0	0	0	0	0	0	0	1	2	4	6	1	7	-2.345005
4	1	8	0	0	0	0	0	0	0	0	0	0	1	2	5	6	1	9	-2.255673
4	3	8	0	0	0	0	0	0	0	0	0	0	1	0	5	6	1	9	-2.123905
4	6	9	0	0	0	0	0	0	0	0	0	0	1	0	1	7	1	9	-2.17128
4	3	5	0	0	0	0	0	0	0	0	0	0	1	1	1	7	1	2	-2.094395
4	5	8	0	0	1	1	0	1	0	0	0	0	1	2	5	6	1	8	-2.291762
4	5	9	0	0	0	0	0	0	0	0	0	0	1	0	5	7	1	9	-2.094395
4	5	8	0	0	0	0	0	0	0	0	0	1	1	3	4	7	0	4	-2.445012
4	1	9	0	0	1	0	0	0	0	0	0	0	1	0	5	7	1	9	-2.289097
4	5	8	0	0	0	0	0	0	0	0	0	0	1	2	5	6	1	9	-2.186723
4	1	9	0	0	0	1	0	1	0	0	0	0	1	2	4	6	1	7	-2.240133
4	5	8	0	0	0	0	0	0	0	0	0	0	1	0	5	7	1	9	-2.185466
4	0	5	0	0	0	0	0	0	0	0	0	0	1	2	5	6	1	9	-2.257122
4	3	9	0	0	0	0	0	0	0	0	0	0	1	0	5	7	1	9	-2.16176
4	3	9	0	0	0	0	0	0	0	0	0	0	1	0	1	7	1	9	-2.132635
4	6	7	0	0	1	1	0	1	0	0	0	1	1	3	4	6	0	4	-2.388561
4	1	9	0	0	0	0	0	0	0	0	0	0	1	0	5	7	1	9	-2.11372
4	5	5	0	0	0	0	0	0	0	0	0	0	1	0	1	7	1	7	-2.137446
4	7	9	0	0	0	0	0	0	0	0	0	0	1	0	5	7	1	9	-2.267462
4	5	9	0	0	0	0	0	0	0	0	0	0	1	1	1	7	1	9	-2.094395
4	1	8	0	0	0	1	0	0	0	0	0	0	1	2	4	6	1	4	-2.280146
4	5	8	0	1	0	0	0	0	0	0	0	0	1	0	5	6	1	9	-2.18361
4	3	5	0	0	0	0	0	0	0	0	0	0	1	1	1	7	1	8	-2.094395
4	0	8	0	0	0	0	0	0	0	0	0	0	1	2	5	7	1	9	-2.275159
4	6	9	0	0	0	0	0	0	0	0	0	0	1	1	1	7	1	8	-2.094395
4	6	7	0	0	1	2	0	2	0	1	0	1	1	3	4	6	0	4	-2.274205
5	0	4	0	0	0	0	0	0	0	7	7	8	7	5	2	5	8	6	-2.308637
5	5	6	0	0	0	0	0	0	0	8	7	8	7	5	2	5	8	6	-2.339493
5	3	4	0	0	0	0	0	0	0	7	7	8	7	5	2	5	8	6	-2.348494
5	4	4	0	0	0	0	0	0	0	7	7	8	7	5	6	5	8	6	-2.34019
5	9	7	0	0	0	0	0	0	0	7	7	8	7	6	6	4	8	3	-2.307094
5	7	6	0	0	0	0	0	0	0	7	7	8	7	5	2	5	8	6	-2.310766
5	5	6	0	0	0	0	0	0	0	8	7	8	8	5	2	5	8	6	-2.360428
5	0	6	0	0	0	0	0	0	0	7	7	8	7	5	2	5	8	6	-2.271128
5	4	4	0	0	0	0	0	0	0	7	7	8	7	5	6	5	8	6	-2.308179
5	1	4	0	0	0	0	0	0	0	7	7	8	7	5	6	5	8	6	-2.308766
5	8	4	0	0	0	0	0	0	0	7	5	8	7	7	7	4	8	3	-2.315477
5	4	4	0	0	0	0	0	0	0	7	7	8	7	5	2	5	8	6	-2.280207
5	4	7	0	0	0	0	0	0	0	7	7	8	7	5	2	5	8	6	-2.293386
5	6	7	0	0	0	0	0	0	0	7	7	8	7	6	6	5	8	6	-2.366197
5	5	4	0	0	0	0	0	0	0	7	7	8	7	5	6	5	8	6	-2.297839
5	9	4	0	0	0	0	0	0	0	7	7	8	7	5	6	4	8	6	-2.270219
5	9	4	0	0	0	0	0	0	0	7	7	8	7	5	6	4	8	6	-2.292201
5	8	6	0	0	0	0	0	0	0	7	7	8	7	6	6	4	8	3	-2.309391
5	7	6	0	1	0	0	0	0	0	8	7	8	7	5	6	5	8	6	-2.32497
5	1	6	0	0	0	0	0	0	0	8	7	8	8	5	2	6	8	6	-2.386251
5	4	4	0	0	0	0	0	0	0	7	7	8	7	5	6	5	8	6	-2.270653
5	1	4	0	0	0	0	0	0	0	7	7	8	7	5	2	5	8	6	-2.326783
5	0	7	0	0	0	0	0	0	0	7	7	8	7	5	6	5	8	6	-2.309804
5	0	7	0	0	0	0	0	0	0	7	7	8	7	5	2	5	8	6	-2.275425
5	0	4	0	0	0	0	0	0	0	7	7	8	7	6	6	5	8	6	-2.336025
5	1	4	0	0	0	0	0	0	0	7	7	8	7	5	6	5	8	6	-2.304436
5	7	6	0	0	0	0	0	0	0	7	7	8	7	5	2	5	8	6	-2.349252
5	7	6	0	0	0	0	0	0	0	7	7	8	7	5	2	5	8	6	-2.354552
5	5	7	0	0	0	0	0	0	0	7	7	8	7	5	6	5	8	6	-2.339758
5	2	4	0	0	0	0	0	0	0	7	7	8	7	5	6	4	8	6	-2.23989
5	8	6	0	0	0	0	0	0	0	7	7	8	7	6	6	5	8	6	-2.307914
5	2	4	0	0	0	0	0	0	0	7	7	8	7	5	6	4	8	6	-2.278604
5	2	7	0	0	0	0	0	0	0	7	5	8	7	6	6	4	8	3	-2.315885
5	1	7	0	0	0	0	0	0	0	7	7	8	7	5	6	5	8	6	-2.300618
5	7	4	0	1	0	0	0	0	0	7	7	8	7	5	2	5	8	6	-2.306687
5	0	7	0	0	0	0	0	0	0	7	7	8	7	5	2	5	8	6	-2.315962
5	6	6	0	0	0	0	0	0	0	8	7	8	7	5	2	5	8	6	-2.357178
5	3	6	0	0	0	0	0	0	0	8	7	8	7	5	2	5	8	6	-2.364884
5	1	4	0	1	0	0	0	0	0	7	7	8	7	5	6	5	8	6	-2.315792
5	1	7	0	0	0	0	0	0	0	7	7	8	7	5	6	4	8	6	-2.273744
5	3	4	0	1	0	0	0	0	0	7	7	8	7	5	2	5	8	6	-2.31442
5	5	6	0	0	0	0	0	0	0	8	7	8	7	5	2	5	8	6	-2.340765
5	2	6	0	0	0	0	0	0	0	7	7	8	7	6	6	5	8	6	-2.402917
5	3	6	0	0	0	0	0	0	0	8	7	8	8	5	2	5	8	6	-2.341041
5	3	7	0	0	0	0	0	0	0	7	7	8	7	5	2	5	8	6	-2.314232
5	9	6	0	0	0	0	0	0	0	7	7	8	7	5	6	4	8	6	-2.282923
5	4	6	0	1	0	0	0	0	0	8	7	8	7	6	6	5	8	6	-2.355244
5	4	4	0	0	0	0	0	0	0	7	7	8	7	5	6	4	8	6	-2.263738
5	1	7	0	0	0	0	0	0	0	7	7	8	7	5	6	5	8	6	-2.32084
5	3	4	0	0	0	0	0	0	0	7	7	8	7	5	6	5	8	6	-2.307657
5	0	4	0	0	0	0	0	0	0	7	7	8	7	6	6	5	8	6	-2.352961
5	1	7	0	0	0	0	0	0	0	7	7	8	7	5	6	5	8	6	-2.307396
5	0	6	0	0	0	0	0	0	0	7	7	8	7	5	6	5	8	6	-2.311049
5	0	6	0	0	0	0	0	0	0	8	7	8	7	6	2	6	8	6	-2.412968
5	2	4	0	0	0	0	0	0	0	7	7	8	7	6	6	4	8	6	-2.297173
5	6	4	0	0	0	0	0	0	0	7	7	8	7	5	2	5	8	6	-2.362514
5	1	6	0	0	0	0	0	0	0	7	7	8	7	5	2	5	8	6	-2.29776
5	2	4	0	1	0	0	0	0	0	7	7	8	7	5	6	5	8	6	-2.292668
0	5	0	0	1	0	0	0	0	0	1	1	1	0	2	1	0	0	2	2.453831
0	9	3	0	0	0	0	0	0	0	1	1	1	0	2	0	0	0	1	2.438615
0	1	1	0	1	0	0	0	0	0	0	0	0	0	2	0	0	0	1	2.267197
0	1	1	0	1	0	0	0	0	0	0	0	0	0	2	1	1	1	1	2.557458
0	6	3	0	0	0	0	0	0	0	1	1	1	0	2	1	0	0	2	2.504391
0	2	1	0	0	0	0	0	0	0	0	0	0	0	2	1	1	0	1	2.476615
0	8	1	0	0	0	0	0	0	0	0	0	0	0	2	1	0	0	1	2.49158
0	0	2	0	0	0	0	0	0	0	1	0	0	0	2	1	0	0	1	2.461599
0	7	0	0	1	0	0	0	0	0	1	1	1	0	2	1	0	0	2	2.458471
0	0	0	0	0	0	0	0	0	0	1	1	1	0	2	1	0	0	2	2.483198
0	8	5	0	0	0	0	0	0	0	1	1	1	0	2	1	1	0	2	2.741647
0	0	2	0	0	0	0	0	0	0	1	0	0	0	2	1	0	0	1	2.447547
0	3	1	0	1	0	0	0	0	0	0	0	0	0	2	0	0	0	1	2.368311
0	7	3	0	1	0	0	0	0	0	1	1	1	0	2	1	0	0	2	2.467752
0	2	1	0	0	0	0	0	0	0	0	0	0	0	2	0	0	0	0	2.156779
0	4	2	0	0	0	0	0	0	0	1	0	0	0	2	0	1	0	2	2.362146
0	1	2	0	0	0	0	0	0	0	0	0	0	0	2	0	0	0	1	2.317212
0	9	2	0	0	0	1	0	0	0	1	0	0	0	2	0	0	0	1	2.298255
0	7	2	0	0	0	0	0	0	0	1	0	0	0	2	0	0	0	1	2.306884
0	0	0	0	0	0	0	0	0	0	1	1	1	0	2	0	0	0	2	2.428022
0	9	3	0	1	0	0	0	0	0	1	0	1	0	2	1	0	0	1	2.471197
0	5	1	0	0	0	0	0	0	0	1	0	0	0	2	0	0	0	1	2.402851
0	8	0	0	1	0	0	0	0	0	1	0	0	0	2	0	0	0	1	2.32489
0	9	2	0	0	0	0	0	0	0	0	0	0	0	2	0	1	0	1	2.382684
0	8	3	0	0	0	0	0	0	0	1	0	0	0	2	0	0	0	1	2.417702
0	0	0	0	0	0	0	0	0	0	1	1	1	0	2	0	0	0	2	2.420823
0	3	5	0	0	0	0	0	1	0	1	0	1	0	2	1	1	0	1	2.91248
0	6	0	0	0	0	0	0	0	0	1	0	1	0	2	1	1	0	2	2.690112
0	7	2	0	0	0	0	0	0	0	1	0	0	0	2	0	0	0	2	2.391996
0	2	3	0	0	0	0	0	0	0	1	0	1	0	2	1	0	0	1	2.44578
0	9	3	0	0	0	0	0	0	0	1	0	1	0	2	0	0	0	2	2.332739
0	6	3	0	0	0	0	0	0	0	1	1	1	0	2	0	0	0	2	2.395018
0	8	2	0	0	0	0	0	0	0	0	0	0	1	2	0	1	1	0	2.361442
0	4	2	0	0	0	0	0	0	0	0	0	0	0	2	1	0	0	1	2.42875
0	6	1	0	0	0	0	0	0	0	0	0	0	0	0	0	1	1	2	2.083229
0	4	0	0	0	0	0	0	0	0	1	1	1	0	2	0	0	0	2	2.419445
0	1	1	0	0	0	0	0	0	0	0	0	0	0	2	0	0	0	1	2.32063
0	1	1	0	0	0	0	0	0	0	0	0	0	0	2	0	0	0	1	2.391307
0	3	3	0	0	0	0	0	0	0	1	1	1	2	3	1	0	0	2	2.604303
0	0	2	0	0	0	0	0	0	0	0	0	0	0	2	0	0	0	1	2.303853
0	1	2	0	0	0	0	0	0	0	0	0	0	0	2	0	0	0	1	2.328108
0	2	3	0	0	0	0	0	0	0	1	0	1	0	3	1	0	0	1	2.47582
0	2	1	0	1	0	0	0	0	0	0	0	0	0	2	0	0	0	1	2.392487
0	9	5	0	0	0	0	0	0	0	1	0	1	0	3	1	0	0	1	2.791674
0	8	0	0	1	0	0	0	0	0	0	0	0	0	2	1	0	0	1	2.487917
0	2	2	0	0	0	0	0	0	0	1	0	0	0	0	0	1	0	2	2.252368
0	4	3	0	0	0	0	0	0	0	1	0	1	0	2	1	0	0	1	2.515826
0	5	0	0	0	0	0	0	0	0	1	1	1	0	2	0	0	0	2	2.451836
0	5	3	0	0	0	0	0	0	0	1	1	1	0	2	0	0	0	2	2.413262
0	7	0	0	0	0	0	0	0	0	1	1	1	0	2	0	0	0	2	2.437339
0	3	1	0	0	0	0	0	0	0	0	0	0	0	2	0	0	0	0	2.316242
0	7	0	0	0	0	0	0	0	0	1	1	1	0	2	0	0	0	2	2.129513
0	5	2	0	1	0	0	0	0	0	1	0	0	0	2	0	0	0	1	2.280922
0	4	2	0	1	0	0	0	0	0	1	0	0	0	2	0	0	0	1	2.358696
0	8	3	0	0	0	0	0	0	0	1	0	1	0	2	1	0	0	2	2.462118
0	7	1	0	0	0	0	0	0	0	0	0	0	1	0	0	0	1	0	2.117886
1	8	3	0	0	0	0	0	2	1	3	3	3	2	4	3	5	3	2	-2.335837
1	8	3	0	0	0	0	0	5	1	3	3	5	2	3	3	5	3	3	-2.549349
1	2	3	0	0	0	1	0	2	0	3	3	3	2	3	3	5	3	3	-2.198939
1	7	3	0	0	0	1	0	3	0	3	3	3	2	3	4	6	3	3	-2.425324
1	2	3	0	0	0	0	0	2	0	2	3	3	2	3	3	5	3	2	-2.238293
1	7	3	0	0	0	0	0	3	0	3	3	3	2	3	4	6	3	3	-2.388454
1	9	3	0	0	0	0	0	2	0	3	3	3	2	3	3	5	3	3	-2.395566
1	7	3	0	0	0	0	0	3	0	3	3	3	2	3	4	6	3	3	-2.51749
1	9	3	0	0	0	0	0	5	1	3	3	3	2	3	3	6	3	2	-2.573635
1	2	3	0	0	0	0	0	2	0	3	3	3	2	3	3	5	3	2	-2.282295
1	9	3	0	0	0	0	0	2	0	3	3	3	2	3	3	5	3	3	-2.38829
1	7	3	0	0	0	0	0	5	0	3	3	3	2	3	4	6	3	3	-2.392741
1	9	3	0	0	0	0	0	2	0	3	3	3	2	3	3	5	3	2	-2.338974
1	3	3	0	0	0	0	0	5	0	3	3	5	2	3	4	6	5	3	-2.470153
1	9	3	0	0	0	0	0	2	0	2	3	3	2	4	3	5	3	2	-2.386671
1	8	3	0	0	0	1	0	0	0	2	3	3	2	4	2	4	3	2	-2.113792
1	9	3	0	0	0	0	0	2	0	3	3	3	2	3	3	5	3	3	-2.316506
1	9	3	0	0	0	0	0	2	0	3	3	3	2	3	3	6	3	3	-2.327482
1	9	3	0	0	0	0	0	5	1	3	3	3	2	3	3	6	3	3	-2.494607
1	7	3	0	0	0	0	0	5	0	3	3	3	2	3	3	6	3	3	-2.384441
1	9	3	0	0	0	0	0	2	0	2	3	3	2	3	3	5	3	2	-2.391681
1	8	3	0	0	0	0	0	1	0	2	3	3	2	4	2	4	3	2	-2.162999
1	8	3	0	0	0	1	0	5	1	3	3	3	2	3	3	5	3	3	-2.316872
1	9	3	0	0	0	0	0	5	0	3	3	3	2	3	3	6	3	3	-2.341198
1	9	3	0	0	0	1	0	2	0	3	3	3	2	3	3	6	3	3	-2.335371
1	8	3	0	0	0	1	0	5	1	3	3	3	2	3	3	5	3	3	-2.316872
1	9	3	0	0	0	0	0	5	1	3	3	3	2	3	3	6	3	3	-2.555683
1	7	3	0	0	0	0	0	3	0	3	3	3	2	3	4	6	3	3	-2.395213
1	8	3	0	0	0	0	0	0	0	3	3	3	2	3	2	4	3	2	-2.102318
1	9	3	0	0	0	0	0	2	0	3	3	3	2	3	3	5	3	3	-2.316506
2	4	9	0	0	0	0	0	0	0	3	1	5	0	4	2	5	5	1	-2.244772
2	9	5	0	0	0	1	0	0	0	1	1	5	0	3	3	5	5	1	-2.211986
2	4	8	0	0	0	4	0	0	0	1	0	1	1	3	4	5	0	0	-2.142756
2	4	5	0	0	0	0	0	1	0	0	0	1	1	2	4	6	0	4	-2.172099
2	8	8	0	0	0	0	0	0	0	0	0	1	1	3	3	5	0	4	-2.136677
2	8	8	0	0	0	1	0	0	0	1	0	1	1	2	3	5	0	0	-2.137493
2	8	8	0	0	0	0	0	0	0	0	0	1	1	2	3	5	0	4	-2.147571
2	9	5	0	0	0	0	0	0	0	0	0	0	1	1	1	7	1	9	-2.094395
2	9	5	0	1	0	1	0	0	0	1	1	5	0	3	3	5	5	1	-2.21646
2	9	8	0	0	0	0	0	0	0	1	1	5	0	3	3	5	5	1	-2.202425
2	8	9	0	0	0	0	0	0	0	0	0	1	1	2	4	6	0	4	-2.120265
2	8	8	0	0	0	0	0	0	0	0	0	1	1	2	3	5	0	4	-2.120153
2	9	5	0	0	0	0	0	0	0	0	0	0	1	1	1	7	1	9	-1.999063
2	4	5	0	0	0	0	0	0	0	3	1	5	0	4	2	5	5	1	-2.227801
2	4	9	0	0	1	0	0	0	0	3	1	5	0	3	3	5	5	1	-2.182018
2	8	8	0	0	0	0	0	0	0	0	0	1	1	2	3	5	0	4	-2.128362
2	4	9	0	0	0	0	0	0	0	3	1	5	0	3	3	5	5	1	-2.218655
2	4	9	0	0	0	0	0	0	0	3	1	5	0	3	3	5	5	1	-2.187781
2	2	8	0	1	0	0	0	0	0	1	0	1	1	3	3	5	0	0	-2.159464
2	2	5	0	0	0	0	0	0	0	0	0	1	1	2	4	6	0	4	-2.138743
2	4	9	0	0	0	0	0	0	0	3	1	5	0	4	2	5	5	1	-2.238803
2	4	5	0	0	0	0	0	1	0	1	1	5	0	4	3	5	5	0	-2.213033
2	8	8	0	0	0	0	0	0	0	0	0	1	1	2	4	5	0	4	-2.138617
2	8	9	0	0	0	0	0	0	0	0	0	0	1	1	1	7	1	5	0
2	8	7	0	0	0	0	0	1	0	0	0	1	1	2	4	6	0	4	-2.150257
2	2	8	0	0	0	0	0	0	0	1	0	1	1	3	3	5	0	0	-2.159466
2	4	8	0	0	0	0	0	0	0	1	1	5	0	3	3	5	5	1	-2.182442
2	2	9	0	0	0	0	0	0	0	1	0	1	1	3	3	5	0	0	-2.141659
2	8	5	0	0	0	0	0	0	0	0	0	0	1	1	1	7	1	2	-2.094395
2	8	8	0	0	0	0	0	0	0	0	0	1	1	2	3	5	0	4	-2.137851
2	9	8	0	0	0	0	0	0	0	1	1	5	0	3	3	5	5	0	-2.188149
2	8	9	0	0	0	1	0	0	0	1	0	1	1	2	4	6	0	0	-2.151625
3	9	7	0	0	0	0	0	0	0	3	3	3	2	2	4	5	3	3	-1.984583
3	9	7	0	0	0	0	0	0	0	3	3	3	2	2	3	5	3	3	-1.970422
3	9	9	0	1	0	0	0	0	0	4	2	2	3	3	3	4	2	3	-2.021502
3	9	7	0	0	0	0	0	0	0	3	3	3	2	2	4	5	3	3	-1.942698
3	4	8	0	0	0	0	0	0	0	2	2	2	3	3	3	4	2	3	-2.00619
3	8	8	0	0	0	0	0	0	0	2	2	2	3	3	2	4	2	3	-2.025773
3	2	9	0	0	0	0	0	5	0	3	3	5	2	0	4	5	5	3	-1.942179
3	2	7	0	0	0	0	0	0	0	3	3	3	2	2	4	5	3	3	-1.932066
3	9	9	0	0	0	1	0	0	0	2	2	3	3	2	3	5	3	3	-2.035243
3	9	9	0	0	0	0	0	2	0	3	3	3	2	2	3	5	3	3	-1.973025
3	4	8	0	0	0	0	0	0	0	4	2	2	3	3	3	4	2	3	-1.985584
3	9	9	0	0	0	1	0	1	0	3	3	3	2	2	3	5	3	3	-2.046753
6	6	9	0	0	0	0	0	0	0	0	0	0	1	1	1	6	1	0	-1.099624
6	7	9	0	0	0	0	0	0	0	0	0	0	1	9	1	6	1	0	-1.041434
6	3	9	0	0	0	0	0	0	0	0	0	0	1	9	1	6	1	0	-0.874641
6	1	9	0	0	0	0	0	0	0	0	0	0	1	1	1	6	1	0	-1.157082
6	4	9	0	0	0	0	0	0	0	0	0	0	1	9	1	6	1	0	-0.942559
6	2	9	0	0	0	0	0	0	0	0	0	0	1	9	1	6	1	4	-0.877707
6	9	5	0	0	0	0	0	0	0	0	0	0	1	9	1	6	1	0	-0.892179
6	0	9	0	0	0	0	0	0	0	0	0	0	1	9	1	6	1	0	-0.985729
6	5	5	0	0	0	0	0	0	0	0	0	0	1	9	1	6	1	4	-0.692028
6	5	5	0	0	0	0	0	0	0	0	0	0	1	9	1	6	1	0	-0.907416
6	0	5	0	0	0	0	0	0	0	0	0	0	1	9	1	6	1	0	-0.924607
6	8	9	0	0	0	0	0	0	0	0	0	0	1	1	1	6	1	4	-1.047198
6	7	5	0	0	0	0	0	0	0	0	0	0	1	9	1	6	1	0	-0.909267
6	3	9	0	0	0	0	0	0	0	0	0	0	1	9	1	6	1	0	-0.895807
6	8	5	0	0	0	0	0	0	0	0	0	0	1	1	1	6	1	4	-0.959485
6	3	9	0	0	0	0	0	0	0	0	0	0	1	9	1	6	1	0	-0.897859
6	3	5	0	0	0	0	0	0	0	0	0	0	1	1	1	6	1	0	-1.258358
6	3	9	0	0	0	0	0	0	0	0	0	0	1	1	1	6	1	0	-1.233256
6	5	9	0	0	0	0	0	0	0	0	0	0	1	9	1	6	1	0	-0.621222
6	6	5	0	0	0	0	0	0	0	0	0	0	1	1	5	6	1	4	-1.561754
6	3	9	0	0	0	0	0	0	0	0	0	0	1	9	1	6	1	0	-0.897859
6	0	9	0	0	0	0	0	0	0	0	0	0	1	9	1	6	1	0	-0.843904
6	3	9	0	0	0	0	0	0	0	0	0	0	1	9	1	6	1	0	-0.987873
6	3	9	0	0	0	0	0	0	0	0	0	0	1	1	1	6	1	0	-1.175454
6	2	5	0	0	0	0	0	0	0	0	0	0	1	1	1	6	1	0	-1.068968
6	3	9	0	0	0	0	0	0	0	0	0	0	1	1	1	6	1	0	-1.058277
6	9	9	0	0	0	0	0	0	0	0	0	0	1	1	1	6	1	0	-1.065066
6	4	9	0	0	0	0	0	0	0	0	0	0	1	9	1	6	1	0	-1.005054
6	0	5	0	0	0	0	0	0	0	0	0	0	1	0	5	6	1	4	-1.783388
6	1	9	0	0	0	0	0	0	0	0	0	0	1	1	1	6	1	0	-1.210357
6	3	5	0	0	0	0	0	0	0	0	0	0	1	9	1	6	1	0	-0.808383
6	2	9	0	0	0	0	0	0	0	0	0	0	1	9	1	6	1	0	-0.960827
6	6	5	0	0	0	0	0	0	0	0	0	0	1	9	1	6	1	0	-0.912631
6	0	9	0	0	0	0	0	0	0	0	0	0	1	9	1	6	1	1	-0.913675
6	4	5	0	0	0	0	0	0	0	0	0	0	1	9	1	6	1	0	-0.726018
6	0	9	0	0	0	0	0	0	0	0	0	0	1	9	1	6	1	0	-0.83212
6	8	9	0	0	0	0	0	0	0	0	0	0	1	1	1	6	1	0	-0.988413
6	7	5	0	0	0	0	0	0	0	0	0	0	1	9	1	6	1	0	-1.077659
6	5	9	0	0	0	0	0	0	0	0	0	0	1	1	1	6	1	4	-1.181388
6	5	9	0	0	0	0	0	0	0	0	0	0	1	9	1	6	1	0	-0.688601
6	7	9	0	0	0	0	0	0	0	0	0	0	1	9	1	6	1	0	-1.0108
6	4	9	0	0	0	0	0	0	0	0	0	0	1	9	1	6	1	0	-0.804846
6	5	9	0	0	0	0	0	0	0	0	0	0	1	9	1	6	1	0	-0.851202
6	2	9	0	0	0	0	0	0	0	0	0	0	1	1	1	6	1	0	-1.05144
6	4	9	0	0	0	0	0	0	0	0	0	0	1	9	1	6	1	0	-0.7213
6	6	5	0	0	0	0	0	0	0	0	0	0	1	9	1	6	1	0	-0.829712
6	4	9	0	0	0	0	0	0	0	0	0	0	1	9	1	6	1	0	-0.761648
6	7	9	0	0	0	0	0	0	0	0	0	0	1	1	1	6	1	0	-1.134543
6	2	5	0	0	0	0	0	0	0	0	0	0	1	9	1	6	1	0	-0.914813
6	6	5	0	0	0	0	0	0	0	0	0	0	1	9	1	6	1	4	-0.776334
6	5	5	0	0	0	0	0	0	0	0	0	0	1	1	1	6	1	0	-0.969119
6	2	9	0	0	0	0	0	0	0	0	0	0	1	1	1	6	1	0	-1.151837
6	9	9	0	0	0	0	0	0	0	0	0	0	1	9	1	6	1	0	-0.965144
6	3	5	0	0	0	0	0	0	0	0	0	0	1	0	5	6	1	0	-1.985703
6	7	5	0	0	0	0	0	0	0	0	0	0	1	1	5	6	1	4	-1.50837
6	6	9	0	0	0	0	0	0	0	0	0	0	1	1	1	6	1	0	-1.179692
6	6	5	0	0	0	0	0	0	0	0	0	0	1	9	1	6	1	4	-0.57094
6	0	9	0	0	0	0	0	0	0	0	0	0	1	1	1	6	1	8	-1.539762
6	9	9	0	0	0	0	0	0	0	0	0	0	1	9	1	6	1	0	-0.889024
6	5	9	0	0	0	0	0	0	0	0	0	0	1	9	1	6	1	0	-0.983947
6	1	9	0	0	0	0	0	0	0	0	0	0	1	9	1	6	1	0	-0.850783
6	2	5	0	0	0	0	0	0	0	0	0	0	1	9	1	6	1	4	-1.048222
6	9	5	0	1	0	0	0	0	0	0	0	0	1	9	1	6	1	4	-0.675123
6	3	9	0	0	0	0	0	0	0	0	0	0	1	1	1	6	1	0	-1.175454
6	0	9	0	0	0	0	0	0	0	0	0	0	1	1	1	6	1	0	-0.91061
6	0	9	0	0	0	0	0	0	0	0	0	0	1	9	1	6	1	0	-0.95784
6	7	9	0	0	0	0	0	0	0	0	0	0	1	1	1	6	1	0	-1.163245
6	7	5	0	0	0	0	0	0	0	0	0	0	1	9	1	6	1	0	-0.909267
6	4	9	0	0	0	0	0	0	0	0	0	0	1	9	1	6	1	0	-0.820403
6	2	9	0	0	0	0	0	0	0	0	0	0	1	1	1	6	1	0	-1.093148
6	2	5	0	0	0	0	0	0	0	0	0	0	1	9	1	6	1	0	-0.843732
6	9	9	0	0	0	0	0	0	0	0	0	0	1	9	1	6	1	0	-0.932783
6	8	9	0	0	0	0	0	0	0	0	0	0	1	9	1	6	1	0	-0.953435
6	3	9	0	0	0	0	0	0	0	0	0	0	1	9	1	6	1	0	-0.837598
6	0	5	0	0	0	0	0	0	0	0	0	0	1	9	1	6	1	0	-0.965946
6	5	9	0	0	0	0	0	0	0	0	0	0	1	1	1	6	1	0	-1.053347
6	6	9	0	0	0	0	0	0	0	0	0	0	1	9	1	6	1	0	-0.985811
6	7	9	0	0	0	0	0	0	0	0	0	0	1	1	1	6	1	0	-1.19107
6	4	5	0	0	0	0	0	0	0	0	0	0	1	9	1	6	1	0	-0.896533
6	0	5	0	0	0	0	0	0	0	0	0	0	1	9	1	6	1	0	-0.963931
6	1	9	0	0	0	0	0	0	0	0	0	0	1	9	1	6	1	0	-0.752669
6	9	5	0	0	0	0	0	0	0	0	0	0	1	9	1	6	1	0	-0.91962
6	5	9	0	0	0	0	0	0	0	0	0	0	1	9	1	6	1	0	-0.837598
6	1	9	0	0	0	0	0	0	0	0	0	0	1	1	1	6	1	0	-1.233945
6	1	5	0	0	0	0	0	0	0	0	0	0	1	9	1	6	1	0	-0.787376
6	8	9	0	0	0	0	0	0	0	0	0	0	1	1	1	6	1	0	-1.037663
6	7	9	0	0	0	0	0	0	0	0	0	0	1	9	1	6	1	0	-0.942558
6	6	5	0	0	0	0	0	0	0	0	0	0	1	9	1	6	1	4	-0.722894
6	7	9	0	0	0	0	0	0	0	0	0	0	1	1	1	6	1	0	-1.121818
6	9	5	0	1	0	0	0	0	0	0	0	0	1	9	1	6	1	4	-0.604864
6	0	9	0	0	0	0	0	0	0	0	0	0	1	1	1	6	1	1	-1.18068
6	7	5	0	0	0	0	0	0	0	0	0	0	1	9	1	6	1	0	-0.880521
6	1	9	0	0	0	0	0	0	0	0	0	0	1	9	1	6	1	0	-0.963048
6	8	5	0	0	0	0	0	0	0	0	0	0	1	9	1	6	1	4	-0.807848
6	7	5	0	0	0	0	0	0	0	0	0	0	1	9	1	6	1	4	-0.796918
6	0	9	0	0	0	0	0	0	0	0	0	0	1	9	1	6	1	0	-0.989308
6	9	5	0	0	0	0	0	0	0	0	0	0	1	9	1	6	1	0	-0.966318
6	9	5	0	0	0	0	0	0	0	0	0	0	1	9	1	6	1	0	-0.806042
6	6	5	0	0	0	0	0	0	0	0	0	0	1	9	1	6	1	0	-0.862108
6	4	9	0	0	0	0	0	0	0	0	0	0	1	9	1	6	1	0	-0.912766
6	6	5	0	0	0	0	0	0	0	0	0	0	1	0	5	6	1	0	-2.009108
6	6	5	0	0	0	0	0	0	0	0	0	0	1	1	5	6	1	8	-1.475643
6	0	9	0	0	0	0	0	0	0	0	0	0	1	9	1	6	1	0	-0.764077
6	5	9	0	0	0	0	0	0	0	0	0	0	1	9	1	6	1	0	-0.964797
6	0	9	0	0	0	0	0	0	0	0	0	0	1	1	1	6	1	1	-1.056659
6	6	9	0	0	0	0	0	0	0	0	0	0	1	9	1	6	1	4	-0.853547
6	3	5	0	0	0	0	0	0	0	0	0	0	1	9	1	6	1	0	-0.744272
6	3	9	0	0	0	0	0	0	0	0	0	0	1	9	1	6	1	0	-0.944272
6	2	5	0	0	0	0	0	0	0	0	0	0	1	1	1	6	1	0	-1.068968
6	8	5	0	0	0	0	0	0	0	0	0	0	1	9	1	6	1	4	-0.87829
6	0	9	0	0	0	0	0	0	0	0	0	0	1	9	1	6	1	0	-0.914324
6	9	9	0	0	0	0	0	0	0	0	0	0	1	9	1	6	1	0	-1.011484
6	4	9	0	0	0	0	0	0	0	0	0	0	1	9	1	6	1	0	-0.872666
6	1	9	0	0	0	0	0	0	0	0	0	0	1	9	1	6	1	4	-0.877707
6	6	9	0	0	0	0	0	0	0	0	0	0	1	1	1	6	1	0	-1.353896
6	4	5	0	0	0	0	0	0	0	0	0	0	1	9	1	6	1	0	-0.783647
6	2	5	0	0	0	0	0	0	0	0	0	0	1	9	1	6	1	4	-0.730465
6	4	9	0	0	0	0	0	0	0	0	0	0	1	9	1	6	1	0	-0.87829
6	2	9	0	0	0	0	0	0	0	0	0	0	1	1	1	6	1	4	-1.314533
6	9	5	0	0	0	0	0	0	0	0	0	0	1	9	1	6	1	0	-0.924817
6	3	9	0	0	0	0	0	0	0	0	0	0	1	1	1	6	1	0	-1.273992
6	1	9	0	0	0	0	0	0	0	0	0	0	1	1	1	6	1	0	-1.118131
6	7	5	0	0	0	0	0	0	0	0	0	0	1	1	1	6	1	0	-1.004936
6	5	5	0	0	0	0	0	0	0	0	0	0	1	0	5	6	1	0	-2.018631
6	9	9	0	0	0	0	0	0	0	0	0	0	1	1	1	6	1	0	-1.076198
6	4	9	0	0	0	0	0	0	0	0	0	0	1	9	1	6	1	4	-0.612886
6	0	9	0	0	0	0	0	0	0	0	0	0	1	1	1	6	1	8	-1.43724
6	7	9	0	0	0	0	0	0	0	0	0	0	1	9	1	6	1	0	-1.02473
6	3	9	0	0	0	0	0	0	0	0	0	0	1	1	1	6	1	0	-1.175773
6	1	9	0	0	0	0	0	0	0	0	0	0	1	9	1	6	1	0	-0.871495
5	5	7	0	0	0	0	0	0	0	6	5	6	5	4	6	8	6	6	-2.098697
5	8	4	0	0	0	0	0	0	0	9	9	7	9	8	9	9	7	2	-2.239301
5	8	6	0	0	0	0	0	0	0	6	6	6	6	8	9	8	6	2	-2.28708
5	1	4	0	0	0	0	0	0	0	6	6	6	6	7	8	8	6	3	-2.271072
5	9	4	0	0	0	0	0	0	0	9	6	6	6	7	8	8	6	2	-2.254541
5	6	6	0	0	0	0	0	0	0	6	5	6	5	6	7	4	6	3	-2.278452
5	1	7	0	0	0	0	0	0	0	6	5	6	5	5	6	8	6	3	-2.178149
5	8	4	0	0	0	0	0	0	0	9	9	6	6	8	9	9	6	2	-2.258443
5	4	4	0	0	0	0	0	0	0	6	6	6	6	7	8	8	6	3	-2.247816
5	4	7	0	0	0	0	0	0	0	9	6	6	6	7	8	8	6	2	-2.239144
5	7	4	0	0	0	0	0	0	0	6	6	6	6	7	8	8	6	3	-2.288131
5	4	4	0	0	0	0	0	0	0	6	6	6	6	7	8	8	6	3	-2.232346
5	5	4	0	0	0	0	0	0	0	6	5	6	5	5	6	8	6	3	-2.117007
5	8	6	0	0	0	0	0	0	0	6	6	6	6	8	8	8	6	3	-2.302468
5	3	7	0	0	0	0	0	0	0	6	5	6	5	4	6	8	6	6	-2.033487
5	7	6	0	0	0	0	0	0	0	6	5	6	5	7	7	4	6	3	-2.293933
5	8	4	0	0	0	0	0	0	0	9	9	7	9	8	9	9	7	2	-2.246316
5	8	7	0	0	0	0	0	0	0	9	9	7	9	8	9	9	7	2	-2.228939
5	9	6	0	0	0	0	0	0	0	6	6	6	6	7	8	8	6	3	-2.257217
5	8	8	0	1	0	0	0	0	0	9	9	7	9	8	9	9	7	2	-2.231558
5	2	6	0	0	0	0	0	0	0	9	6	6	6	8	8	8	6	2	-2.280843
5	7	6	0	1	0	0	0	0	0	6	5	6	5	7	7	4	6	3	-2.264331
5	2	7	0	0	0	0	0	0	0	9	9	7	9	8	9	9	7	2	-2.239053
5	6	4	0	1	0	0	0	0	0	6	5	6	5	6	7	8	6	3	-2.198158
5	7	8	0	0	0	0	0	0	0	9	9	7	6	7	8	9	7	2	-2.227114
5	5	8	0	0	0	0	0	0	0	6	5	6	5	5	6	8	6	3	-2.139239
5	2	7	0	0	0	0	0	0	0	9	9	7	9	7	8	9	7	2	-2.224845
5	6	6	0	0	0	0	0	0	0	6	5	6	5	7	7	8	6	3	-2.238865
5	6	8	0	0	0	0	0	0	0	6	5	6	5	3	2	8	6	6	-2.015307
5	4	7	0	0	0	0	0	0	0	9	6	7	6	7	8	8	7	2	-2.228712
5	7	7	0	0	0	0	0	0	0	9	6	6	6	7	8	8	6	3	-2.277142
5	6	4	0	0	0	0	0	0	0	7	5	6	5	4	6	8	6	6	-2.079152
5	6	4	0	0	0	0	0	0	0	7	5	6	5	4	6	8	6	6	-2.090557
5	8	4	0	0	0	0	0	0	0	9	9	7	9	8	9	9	7	2	-2.254208
5	1	6	0	0	0	0	0	0	0	6	5	6	5	7	7	8	6	3	-2.266225
5	9	8	0	0	0	0	0	0	0	9	9	7	9	8	9	9	7	2	-2.242802
5	9	7	0	1	0	0	0	0	0	9	9	7	6	7	8	8	7	2	-2.235701
5	0	7	0	0	0	0	0	0	0	6	6	6	6	7	8	8	6	3	-2.220553
5	9	8	0	0	0	0	0	0	0	9	9	7	9	8	9	9	7	2	-2.219979
5	2	6	0	0	0	0	0	0	0	6	6	6	6	7	8	8	6	3	-2.253408
5	8	7	0	0	0	0	0	0	0	9	9	7	9	8	9	9	7	2	-2.232
5	4	8	0	0	0	0	0	0	0	9	9	7	9	8	9	9	7	2	-2.238522
5	8	7	0	0	0	0	0	0	0	9	9	7	9	8	9	9	7	2	-2.241633
5	5	6	0	0	0	0	0	0	0	6	5	6	5	7	7	4	6	3	-2.290421
5	0	4	0	0	0	0	0	0	0	6	6	6	6	7	7	8	6	3	-2.251012
5	7	6	0	0	0	0	0	0	0	6	6	6	6	7	8	8	6	3	-2.286636
5	6	8	0	0	0	0	0	0	0	6	5	6	5	4	6	8	6	6	-2.097815
5	6	4	0	0	0	0	0	0	0	6	5	6	5	5	6	8	6	3	-2.139822
5	0	4	0	0	0	0	0	0	0	6	6	6	6	7	7	8	6	3	-2.255577
5	5	6	0	0	0	0	0	0	0	6	5	6	5	7	7	8	6	3	-2.255674
5	1	7	0	1	0	0	0	0	0	6	5	6	5	5	6	4	6	3	-2.185419
5	8	6	0	0	0	0	0	0	0	9	6	6	6	8	8	8	6	2	-2.248235
5	0	7	0	0	0	0	0	0	0	6	6	6	6	6	7	8	6	3	-2.169999
5	1	7	0	0	0	0	0	0	0	6	5	6	6	5	6	8	6	3	-2.143159
5	5	4	0	0	0	0	0	0	0	6	5	6	5	6	7	8	6	3	-2.211659
5	8	7	0	0	0	0	0	0	0	9	9	7	9	8	9	9	7	2	-2.208019
5	1	7	0	0	0	0	0	0	0	6	5	6	5	5	6	4	6	3	-2.173099
5	2	4	0	0	0	0	0	0	0	9	6	6	6	7	9	9	6	2	-2.223218
5	9	6	0	0	0	0	0	0	0	6	6	6	6	7	8	8	6	3	-2.252101
5	3	8	0	0	0	0	0	0	0	6	5	6	5	4	6	4	6	6	-2.141419
5	1	4	0	0	0	0	0	0	0	6	6	6	6	7	8	8	6	3	-2.270851
5	5	7	0	1	0	0	0	0	0	6	5	6	5	4	2	4	6	6	-2.09899
5	0	8	0	0	0	0	0	0	0	6	6	6	6	6	8	8	6	3	-2.186342
5	5	8	0	0	0	0	0	0	0	6	5	6	5	4	6	8	6	6	-2.085954
5	8	7	0	0	0	0	0	0	0	9	9	7	9	8	9	9	7	2	-2.249475
5	1	4	0	0	0	0	0	0	0	6	6	6	6	7	8	8	6	3	-2.247952
5	1	7	0	0	0	0	0	0	0	6	5	6	5	5	7	8	6	3	-2.16692
5	4	4	0	0	0	0	0	0	0	9	6	6	6	8	8	8	6	2	-2.264402
5	5	4	0	0	0	0	0	0	0	6	5	6	5	6	6	4	6	3	-2.229685
5	4	4	0	0	0	0	0	0	0	6	6	6	6	7	8	8	6	3	-2.238324
5	5	7	0	0	0	0	0	0	0	6	5	6	5	4	6	4	6	6	-2.17166
5	3	6	0	0	0	0	0	0	0	6	5	6	5	6	7	4	6	3	-2.231826
5	2	6	0	0	0	0	0	0	0	6	6	6	6	8	9	8	6	2	-2.266452
5	4	8	0	0	0	0	0	0	0	9	9	7	9	7	9	9	7	2	-2.207756
5	6	8	0	0	0	0	0	0	0	6	5	6	5	4	6	8	6	6	-2.078418
5	1	4	0	0	0	0	0	0	0	6	6	6	6	7	8	8	6	3	-2.247036
5	8	7	0	0	0	0	0	0	0	9	9	7	9	8	9	9	7	2	-2.18233
5	9	7	0	0	0	0	0	0	0	9	9	7	9	7	8	9	7	2	-2.22578
5	2	7	0	0	0	0	0	0	0	9	9	7	9	8	9	9	7	2	-2.187399
5	4	8	0	0	0	0	0	0	0	9	9	7	9	7	9	9	7	2	-2.208414
0	2	1	0	0	0	0	0	0	0	0	0	0	1	1	1	2	1	2	1.917421
0	0	0	0	1	0	0	0	0	0	0	0	0	1	0	0	1	1	0	2.187022
0	8	0	0	1	0	0	0	0	0	0	0	0	0	0	0	1	0	2	2.212898
0	2	2	0	0	0	0	0	0	0	0	0	0	1	0	0	1	1	0	1.976138
0	5	2	0	0	0	1	0	0	0	0	0	0	1	0	0	1	1	1	2.09315
0	0	1	0	0	0	0	0	0	0	0	0	0	1	0	0	1	1	0	1.844726
0	5	0	0	0	0	0	0	0	0	0	0	0	1	0	0	1	1	0	1.982987
0	7	1	0	0	0	0	0	0	0	0	0	0	1	0	0	1	1	0	2.193568
0	5	2	0	0	0	0	0	0	0	0	0	0	1	0	0	1	1	0	2.046588
0	2	1	0	0	0	0	0	0	0	0	0	0	1	0	0	1	1	4	1.83826
0	8	0	0	0	0	0	0	0	0	0	0	0	0	0	0	1	0	1	2.128646
0	0	2	0	0	0	0	0	0	0	0	0	0	1	0	0	1	1	0	2.242649
0	6	1	0	1	0	0	0	0	0	0	0	0	1	1	1	7	1	6	-1.190561
0	8	0	0	0	0	0	0	0	0	0	0	0	1	0	0	1	1	0	2.122422
0	8	3	0	0	0	0	0	0	0	0	0	0	0	0	1	2	0	3	2.87512
0	9	3	0	0	0	0	0	0	0	0	0	0	0	0	1	1	0	2	2.593543
0	3	0	0	0	0	0	0	0	0	0	0	0	1	0	0	1	1	0	2.10726
0	4	0	0	0	0	0	0	0	0	0	0	0	0	2	0	1	0	1	2.31952
0	6	1	0	0	0	0	0	0	0	0	0	0	1	1	1	2	1	6	1.756645
0	2	2	0	1	0	0	0	0	0	0	0	0	1	0	0	2	1	1	1.984366
0	0	1	0	0	0	0	0	0	0	0	0	0	1	0	0	1	1	0	1.938468
0	7	2	0	0	0	0	0	0	0	0	0	0	1	0	0	1	1	0	2.058329
0	5	3	0	0	0	0	0	0	0	0	0	0	0	0	0	0	0	1	2.04457
0	5	1	0	1	0	0	0	0	0	0	0	0	0	0	1	2	1	3	2.563437
0	5	1	0	0	0	0	0	0	0	0	0	0	1	0	0	1	1	0	2.033629
0	7	1	0	0	2	0	0	1	0	1	1	1	0	0	5	6	0	3	-1.755483
0	2	1	0	1	0	1	0	0	0	0	0	0	1	0	1	2	1	3	2.32339
0	3	3	0	0	0	0	0	1	0	0	0	1	1	0	5	7	0	2	-3.015081
0	7	0	0	0	0	0	0	0	0	0	0	0	0	0	0	0	0	1	2.194143
0	8	0	0	0	0	0	0	0	0	0	0	0	1	0	0	1	1	4	2.074957
0	0	3	0	0	0	0	0	0	0	0	0	0	0	0	1	1	0	2	2.377854
0	0	2	0	0	0	0	0	0	0	0	0	0	1	0	0	1	1	0	2.259398
0	0	3	0	1	0	0	0	0	0	1	0	0	0	0	1	1	0	3	2.305729
0	5	2	0	0	0	0	0	0	0	0	0	0	1	0	0	1	1	4	1.991157
0	9	2	0	0	0	0	0	0	0	0	0	0	1	0	0	1	1	0	2.030867
0	4	3	0	0	0	0	0	0	0	0	0	0	0	2	0	1	0	1	2.340618
0	0	2	0	0	0	0	0	0	0	0	0	0	1	0	0	1	1	0	2.079295
0	6	1	0	0	0	0	0	0	0	0	0	0	1	0	0	1	1	0	2.180526
0	4	2	0	0	0	0	0	0	0	0	0	0	1	0	0	1	1	0	2.148363
0	7	0	0	0	0	0	0	0	0	0	0	0	0	0	0	1	0	1	2.156639
0	9	1	0	0	0	0	0	0	0	0	0	0	1	0	1	2	1	2	2.340587
0	2	2	0	0	0	0	0	0	0	0	0	0	1	0	0	1	1	2	1.905045
0	3	0	0	0	0	0	0	0	0	0	0	0	1	0	0	1	1	1	1.908457
0	0	1	0	0	0	0	0	0	0	0	0	0	1	0	0	1	1	0	1.946502
0	8	3	0	0	0	0	0	0	0	0	0	0	0	0	0	1	0	2	2.264277
0	0	1	0	0	0	0	0	0	0	0	0	0	1	0	0	1	1	0	2.097231
1	1	0	0	0	0	0	0	0	0	3	3	5	2	2	3	5	5	2	-2.060122
1	6	0	0	0	0	1	0	1	0	1	1	1	0	0	5	6	0	3	-1.858264
1	6	0	0	0	0	0	0	1	0	3	3	5	0	2	4	5	5	3	-2.014509
1	2	3	0	0	0	0	0	1	0	3	3	5	2	2	4	5	5	3	-2.10084
1	6	0	0	0	0	0	0	2	0	1	1	1	0	0	4	6	0	3	-2.01975
1	3	0	0	0	0	0	0	1	0	3	3	5	0	2	4	5	5	3	-2.020345
1	3	0	0	0	0	0	0	1	0	3	3	5	0	2	4	5	5	3	-2.022227
1	9	3	0	0	0	0	0	1	0	3	3	5	2	2	4	5	5	3	-2.103758
1	3	0	0	0	0	0	0	0	0	3	3	5	0	2	4	5	5	2	-2.016443
1	6	0	0	0	0	0	0	1	0	3	1	5	0	2	4	5	5	3	-2.03822
1	4	0	0	0	0	0	0	1	0	3	3	5	0	2	4	5	5	3	-2.021032
1	8	3	0	0	0	0	0	1	0	3	3	5	2	2	4	5	5	3	-2.091209
1	0	0	0	0	0	0	0	2	0	3	3	5	0	2	4	6	5	3	-2.215464
1	0	0	0	0	0	0	0	2	0	3	3	5	0	2	4	6	5	3	-2.45058
1	7	0	0	0	0	0	0	1	0	3	1	5	0	0	4	6	5	3	-2.217735
1	3	0	0	0	0	0	0	0	0	3	3	5	2	2	4	5	5	3	-2.064273
1	5	0	0	0	0	0	0	1	0	3	3	5	0	2	4	5	5	3	-2.046307
1	6	0	0	0	0	0	0	2	0	1	1	5	0	2	4	5	5	3	-2.101002
1	7	0	0	0	0	0	0	0	0	3	3	5	2	2	4	5	5	3	-2.001125
1	3	0	0	0	0	0	0	1	0	3	1	5	0	2	4	6	5	3	-2.083566
1	3	0	0	0	0	0	0	0	0	3	3	5	2	2	4	5	5	3	-2.04072
1	3	0	0	0	0	0	0	1	0	3	1	5	0	2	4	6	5	3	-2.050282
1	0	0	0	0	0	0	0	2	0	3	3	5	0	2	4	6	5	3	-2.215464
1	6	0	0	0	0	0	0	0	0	3	3	5	0	2	4	5	5	2	-2.037982
1	3	0	0	0	0	0	0	1	0	3	1	5	0	2	4	6	5	3	-2.049148
1	2	3	0	0	0	0	0	1	0	3	3	5	2	2	4	5	5	3	-2.121237
1	9	3	0	0	0	0	0	1	0	3	3	5	2	2	3	5	5	2	-2.0752
1	0	0	0	0	0	0	0	1	0	3	3	5	0	2	4	5	5	3	-1.970772
1	1	0	0	0	0	0	0	0	0	3	3	5	2	2	3	5	5	2	-2.036642
1	6	0	0	0	0	1	0	1	0	3	1	5	0	2	4	5	5	2	-2.160658
1	7	0	0	0	0	0	0	0	0	3	3	5	2	2	4	5	5	3	-1.943038
1	6	0	0	0	0	0	0	0	0	3	3	5	0	2	4	5	5	2	-2.020042
1	4	0	0	0	0	0	0	2	0	3	3	5	0	2	4	6	5	3	-2.217095
1	6	0	0	0	0	0	0	0	0	3	3	5	0	2	3	5	5	2	-2.008381
1	7	0	0	0	0	0	0	0	0	3	3	5	2	2	4	5	5	3	-2.001125
1	6	0	0	0	0	0	0	0	0	3	3	5	2	2	3	5	5	2	-2.044277
1	3	0	0	0	0	0	0	1	0	3	1	5	0	2	4	6	5	3	-2.083566
1	0	0	0	0	0	0	0	2	0	3	3	5	0	2	4	6	5	3	-2.16033
1	1	0	0	0	0	1	0	1	0	3	3	5	2	2	4	5	5	3	-2.085272
1	1	0	0	0	0	0	0	1	0	3	3	5	0	2	4	5	5	3	-2.183125
1	3	0	0	0	0	0	0	1	0	3	1	5	0	2	4	5	5	3	-1.954574
1	7	0	0	0	0	0	0	0	0	3	3	5	2	2	4	5	5	3	-1.943038
2	8	5	0	0	1	1	0	0	0	0	0	0	1	0	5	6	1	7	-2.095813
2	7	5	0	0	0	0	0	0	0	0	0	0	1	1	1	7	1	1	-2.000272
2	7	5	0	0	0	0	0	0	0	0	0	0	1	1	1	7	1	0	-2.007351
2	0	5	0	0	0	0	0	0	0	0	0	0	1	1	1	7	1	0	-1.905927
2	7	5	0	0	0	0	0	0	0	0	0	0	1	1	1	7	1	0	-2.007351
2	2	5	0	0	0	0	0	0	0	0	0	0	1	1	1	7	1	0	-2.094395
2	4	5	0	0	0	0	0	0	0	0	0	0	1	0	5	7	1	0	-1.997796
2	6	5	0	0	0	1	1	3	1	0	0	1	1	0	5	6	0	4	-1.797435
2	2	5	0	0	1	8	0	0	0	0	0	0	1	2	5	6	1	8	-2.14389
2	2	5	0	1	1	1	0	0	0	0	0	0	1	0	5	6	1	4	-2.087985
2	7	5	0	0	1	1	0	2	0	0	0	1	1	2	4	6	0	8	-2.140531
2	5	5	0	0	0	1	0	1	0	0	0	0	1	0	5	6	1	2	-2.147622
2	3	5	0	1	0	1	0	0	0	0	0	0	1	9	0	6	1	0	-0.004927
2	1	5	0	0	0	1	0	1	0	0	0	0	1	0	5	6	1	2	-2.079296
2	8	5	0	0	0	0	0	0	0	0	0	0	1	1	1	7	1	7	-2.094395
2	2	5	0	0	1	4	1	0	0	0	0	0	1	2	5	6	1	8	-2.066916
2	3	5	0	0	0	0	0	0	0	0	0	0	1	1	1	7	1	4	-1.933239
2	6	5	0	0	0	0	0	0	0	0	0	0	1	1	1	7	1	3	-2.094395
2	7	5	0	0	0	0	0	2	0	0	0	0	1	0	5	6	1	1	-2.115567
2	1	5	0	0	0	0	0	0	0	0	0	0	1	1	1	7	1	3	-1.919639
2	4	5	0	0	0	0	0	0	0	0	0	0	1	1	1	7	1	9	-2.01751
3	4	3	0	1	0	0	0	0	0	0	0	0	1	0	5	6	1	1	-1.904651
3	8	3	0	0	0	0	0	0	0	0	0	0	1	0	5	6	1	0	-1.999443
3	3	3	0	0	0	0	0	0	0	0	0	0	1	0	5	6	1	0	-1.982834
3	6	3	0	1	0	0	0	0	0	0	0	0	1	0	5	6	1	1	-2.044946
3	7	3	0	0	0	0	0	0	0	0	0	0	1	0	5	6	1	0	-1.996307
3	7	3	0	0	0	0	0	0	0	0	0	0	1	0	5	6	1	0	-1.943449
3	0	3	0	1	0	0	0	0	0	0	0	0	1	0	5	6	1	1	-2.029312
