0	0	0	0	0	0	0	0	0	0	0	0	0	0	0	0	0	0	0	0	0	3.893
0	0	0	0	0	0	0	0	0	0	0	0	0	0	0	0	0	0	0	0	1	5.45
0	0	0	0	0	0	0	0	0	0	0	0	0	0	0	0	0	0	0	0	2	1.791
0	0	0	0	0	0	0	0	0	0	0	0	0	0	0	0	0	0	0	0	3	1.557
0	0	0	0	0	0	0	0	0	0	0	0	0	0	0	0	0	0	0	0	4	3.114
0	0	0	0	0	0	0	0	0	0	0	0	0	0	0	0	0	0	0	0	5	1.868
0	0	0	0	0	0	0	0	0	0	0	0	0	0	0	0	0	0	0	0	6	1.09
0	0	0	0	0	0	0	0	0	0	0	0	0	0	0	0	0	0	0	0	7	0
0	0	0	0	0	0	0	0	0	0	0	0	0	0	0	0	0	0	0	0	8	67.655
0	0	0	0	0	0	0	0	0	0	0	0	0	0	0	0	0	0	0	0	9	1.324
0	0	0	0	0	0	0	0	0	0	0	0	0	0	0	0	0	0	0	0	10	5.683
0	0	0	0	0	0	0	0	0	0	0	0	0	0	0	0	0	0	0	0	11	24.057
0	0	0	0	0	0	0	0	0	0	0	0	0	0	0	0	0	0	0	0	12	0.779
0	0	0	0	0	0	0	0	0	0	0	0	0	0	0	0	0	0	0	0	13	0.779
0	0	0	0	0	0	0	0	0	0	0	0	0	0	0	0	0	0	0	0	14	0.467
0	0	0	0	0	0	0	0	0	0	0	0	0	0	0	0	0	0	0	0	15	1.635
0	0	0	0	0	0	0	0	0	0	0	0	0	0	0	0	0	0	0	0	16	3.893
0	0	0	0	0	0	0	0	0	0	0	0	0	0	0	0	0	0	0	0	17	67.655
0	0	0	0	0	0	0	0	0	0	0	0	0	0	0	0	0	0	0	0	18	5.138
0	0	0	0	0	0	0	0	0	0	0	0	0	0	0	0	0	0	0	0	19	0.779
0	0	0	0	0	0	0	0	0	0	0	0	0	0	0	0	0	0	0	0	20	3.893
0	0	0	0	0	0	0	0	0	0	0	0	0	0	0	0	0	0	0	0	21	5.917
0	0	0	0	0	0	0	0	0	0	0	0	0	0	0	0	0	0	0	0	22	1.09
0	0	0	0	0	0	0	0	0	0	0	0	0	0	0	0	0	0	0	0	23	2.102
1	1	1	0	0	0	0	0	0	1	0	0	0	1	1	1	0	0	0	1	0	9.035
1	1	1	0	0	0	0	0	0	1	0	0	0	1	1	1	0	0	0	1	1	9.939
1	1	1	0	0	0	0	0	0	1	0	0	0	1	1	1	0	0	0	1	2	2.711
1	1	1	0	0	0	0	0	0	1	0	0	0	1	1	1	0	0	0	1	3	20.781
1	1	1	0	0	0	0	0	0	1	0	0	0	1	1	1	0	0	0	1	4	7.228
1	1	1	0	0	0	0	0	0	1	0	0	0	1	1	1	0	0	0	1	5	1.807
1	1	1	0	0	0	0	0	0	1	0	0	0	1	1	1	0	0	0	1	6	885.438
1	1	1	0	0	0	0	0	0	1	0	0	0	1	1	1	0	0	0	1	7	2.711
1	1	1	0	0	0	0	0	0	1	0	0	0	1	1	1	0	0	0	1	8	885.438
1	1	1	0	0	0	0	0	0	1	0	0	0	1	1	1	0	0	0	1	9	24.395
1	1	1	0	0	0	0	0	0	1	0	0	0	1	1	1	0	0	0	1	10	10.842
1	1	1	0	0	0	0	0	0	1	0	0	0	1	1	1	0	0	0	1	11	27.105
1	1	1	0	0	0	0	0	0	1	0	0	0	1	1	1	0	0	0	1	12	0
1	1	1	0	0	0	0	0	0	1	0	0	0	1	1	1	0	0	0	1	13	11.746
1	1	1	0	0	0	0	0	0	1	0	0	0	1	1	1	0	0	0	1	14	23.491
1	1	1	0	0	0	0	0	0	1	0	0	0	1	1	1	0	0	0	1	15	4.518
1	1	1	0	0	0	0	0	0	1	0	0	0	1	1	1	0	0	0	1	16	9.939
1	1	1	0	0	0	0	0	0	1	0	0	0	1	1	1	0	0	0	1	17	20.781
1	1	1	0	0	0	0	0	0	1	0	0	0	1	1	1	0	0	0	1	18	18.07
1	1	1	0	0	0	0	0	0	1	0	0	0	1	1	1	0	0	0	1	19	9.035
1	1	1	0	0	0	0	0	0	1	0	0	0	1	1	1	0	0	0	1	20	11.746
1	1	1	0	0	0	0	0	0	1	0	0	0	1	1	1	0	0	0	1	21	27.105
1	1	1	0	0	0	0	0	0	1	0	0	0	1	1	1	0	0	0	1	22	9.939
1	1	1	0	0	0	0	0	0	1	0	0	0	1	1	1	0	0	0	1	23	0
2	0	0	1	0	0	0	1	1	2	0	0	0	2	0	0	1	1	0	2	0	12.819
2	0	0	1	0	0	0	1	1	2	0	0	0	2	0	0	1	1	0	2	1	17.397
2	0	0	1	0	0	0	1	1	2	0	0	0	2	0	0	1	1	0	2	2	5.036
2	0	0	1	0	0	0	1	1	2	0	0	0	2	0	0	1	1	0	2	3	25.637
2	0	0	1	0	0	0	1	1	2	0	0	0	2	0	0	1	1	0	2	4	10.987
2	0	0	1	0	0	0	1	1	2	0	0	0	2	0	0	1	1	0	2	5	15.566
2	0	0	1	0	0	0	1	1	2	0	0	0	2	0	0	1	1	0	2	6	12.819
2	0	0	1	0	0	0	1	1	2	0	0	0	2	0	0	1	1	0	2	7	10.53
2	0	0	1	0	0	0	1	1	2	0	0	0	2	0	0	1	1	0	2	8	455.064
2	0	0	1	0	0	0	1	1	2	0	0	0	2	0	0	1	1	0	2	9	18.77
2	0	0	1	0	0	0	1	1	2	0	0	0	2	0	0	1	1	0	2	10	11.903
2	0	0	1	0	0	0	1	1	2	0	0	0	2	0	0	1	1	0	2	11	162.981
2	0	0	1	0	0	0	1	1	2	0	0	0	2	0	0	1	1	0	2	12	5.494
2	0	0	1	0	0	0	1	1	2	0	0	0	2	0	0	1	1	0	2	13	8.698
2	0	0	1	0	0	0	1	1	2	0	0	0	2	0	0	1	1	0	2	14	27.011
2	0	0	1	0	0	0	1	1	2	0	0	0	2	0	0	1	1	0	2	15	12.819
2	0	0	1	0	0	0	1	1	2	0	0	0	2	0	0	1	1	0	2	16	24.264
2	0	0	1	0	0	0	1	1	2	0	0	0	2	0	0	1	1	0	2	17	22.891
2	0	0	1	0	0	0	1	1	2	0	0	0	2	0	0	1	1	0	2	18	21.975
2	0	0	1	0	0	0	1	1	2	0	0	0	2	0	0	1	1	0	2	19	0.458
2	0	0	1	0	0	0	1	1	2	0	0	0	2	0	0	1	1	0	2	20	9.614
2	0	0	1	0	0	0	1	1	2	0	0	0	2	0	0	1	1	0	2	21	21.059
2	0	0	1	0	0	0	1	1	2	0	0	0	2	0	0	1	1	0	2	22	12.819
2	0	0	1	0	0	0	1	1	2	0	0	0	2	0	0	1	1	0	2	23	0
3	2	1	0	0	0	0	0	2	3	0	0	0	3	0	1	2	0	1	3	0	13.84
3	2	1	0	0	0	0	0	2	3	0	0	0	3	0	1	2	0	1	3	1	1.432
3	2	1	0	0	0	0	0	2	3	0	0	0	3	0	1	2	0	1	3	2	4.295
3	2	1	0	0	0	0	0	2	3	0	0	0	3	0	1	2	0	1	3	3	20.521
3	2	1	0	0	0	0	0	2	3	0	0	0	3	0	1	2	0	1	3	4	0
3	2	1	0	0	0	0	0	2	3	0	0	0	3	0	1	2	0	1	3	5	0.954
3	2	1	0	0	0	0	0	2	3	0	0	0	3	0	1	2	0	1	3	6	460.999
3	2	1	0	0	0	0	0	2	3	0	0	0	3	0	1	2	0	1	3	7	5.249
3	2	1	0	0	0	0	0	2	3	0	0	0	3	0	1	2	0	1	3	8	460.999
3	2	1	0	0	0	0	0	2	3	0	0	0	3	0	1	2	0	1	3	9	12.885
3	2	1	0	0	0	0	0	2	3	0	0	0	3	0	1	2	0	1	3	10	3.818
3	2	1	0	0	0	0	0	2	3	0	0	0	3	0	1	2	0	1	3	11	12.408
3	2	1	0	0	0	0	0	2	3	0	0	0	3	0	1	2	0	1	3	12	5.249
3	2	1	0	0	0	0	0	2	3	0	0	0	3	0	1	2	0	1	3	13	7.636
3	2	1	0	0	0	0	0	2	3	0	0	0	3	0	1	2	0	1	3	14	22.907
3	2	1	0	0	0	0	0	2	3	0	0	0	3	0	1	2	0	1	3	15	2.863
3	2	1	0	0	0	0	0	2	3	0	0	0	3	0	1	2	0	1	3	16	0.954
3	2	1	0	0	0	0	0	2	3	0	0	0	3	0	1	2	0	1	3	17	7.636
3	2	1	0	0	0	0	0	2	3	0	0	0	3	0	1	2	0	1	3	18	3.341
3	2	1	0	0	0	0	0	2	3	0	0	0	3	0	1	2	0	1	3	19	5.727
3	2	1	0	0	0	0	0	2	3	0	0	0	3	0	1	2	0	1	3	20	2.386
3	2	1	0	0	0	0	0	2	3	0	0	0	3	0	1	2	0	1	3	21	25.77
3	2	1	0	0	0	0	0	2	3	0	0	0	3	0	1	2	0	1	3	22	4.772
3	2	1	0	0	0	0	0	2	3	0	0	0	3	0	1	2	0	1	3	23	6.204
4	3	2	0	1	0	0	0	2	4	1	1	1	2	0	2	1	2	0	2	0	76.475
4	3	2	0	1	0	0	0	2	4	1	1	1	2	0	2	1	2	0	2	1	86.162
4	3	2	0	1	0	0	0	2	4	1	1	1	2	0	2	1	2	0	2	2	467.007
4	3	2	0	1	0	0	0	2	4	1	1	1	2	0	2	1	2	0	2	3	122.36
4	3	2	0	1	0	0	0	2	4	1	1	1	2	0	2	1	2	0	2	4	40.787
4	3	2	0	1	0	0	0	2	4	1	1	1	2	0	2	1	2	0	2	5	46.395
4	3	2	0	1	0	0	0	2	4	1	1	1	2	0	2	1	2	0	2	6	467.007
4	3	2	0	1	0	0	0	2	4	1	1	1	2	0	2	1	2	0	2	7	81.573
4	3	2	0	1	0	0	0	2	4	1	1	1	2	0	2	1	2	0	2	8	467.007
4	3	2	0	1	0	0	0	2	4	1	1	1	2	0	2	1	2	0	2	9	47.924
4	3	2	0	1	0	0	0	2	4	1	1	1	2	0	2	1	2	0	2	10	33.649
4	3	2	0	1	0	0	0	2	4	1	1	1	2	0	2	1	2	0	2	11	446.613
4	3	2	0	1	0	0	0	2	4	1	1	1	2	0	2	1	2	0	2	12	3.569
4	3	2	0	1	0	0	0	2	4	1	1	1	2	0	2	1	2	0	2	13	11.726
4	3	2	0	1	0	0	0	2	4	1	1	1	2	0	2	1	2	0	2	14	312.527
4	3	2	0	1	0	0	0	2	4	1	1	1	2	0	2	1	2	0	2	15	45.375
4	3	2	0	1	0	0	0	2	4	1	1	1	2	0	2	1	2	0	2	16	19.883
4	3	2	0	1	0	0	0	2	4	1	1	1	2	0	2	1	2	0	2	17	45.885
4	3	2	0	1	0	0	0	2	4	1	1	1	2	0	2	1	2	0	2	18	18.864
4	3	2	0	1	0	0	0	2	4	1	1	1	2	0	2	1	2	0	2	19	23.962
4	3	2	0	1	0	0	0	2	4	1	1	1	2	0	2	1	2	0	2	20	46.905
4	3	2	0	1	0	0	0	2	4	1	1	1	2	0	2	1	2	0	2	21	0
4	3	2	0	1	0	0	0	2	4	1	1	1	2	0	2	1	2	0	2	22	22.942
4	3	2	0	1	0	0	0	2	4	1	1	1	2	0	2	1	2	0	2	23	22.433
5	4	3	0	0	1	0	0	0	0	0	0	0	3	0	0	3	3	0	2	0	9.523
5	4	3	0	0	1	0	0	0	0	0	0	0	3	0	0	3	3	0	2	1	17.142
5	4	3	0	0	1	0	0	0	0	0	0	0	3	0	0	3	3	0	2	2	9.714
5	4	3	0	0	1	0	0	0	0	0	0	0	3	0	0	3	3	0	2	3	14.475
5	4	3	0	0	1	0	0	0	0	0	0	0	3	0	0	3	3	0	2	4	8.38
5	4	3	0	0	1	0	0	0	0	0	0	0	3	0	0	3	3	0	2	5	0
5	4	3	0	0	1	0	0	0	0	0	0	0	3	0	0	3	3	0	2	6	9.523
5	4	3	0	0	1	0	0	0	0	0	0	0	3	0	0	3	3	0	2	7	0.762
5	4	3	0	0	1	0	0	0	0	0	0	0	3	0	0	3	3	0	2	8	14.666
5	4	3	0	0	1	0	0	0	0	0	0	0	3	0	0	3	3	0	2	9	7.428
5	4	3	0	0	1	0	0	0	0	0	0	0	3	0	0	3	3	0	2	10	10.095
5	4	3	0	0	1	0	0	0	0	0	0	0	3	0	0	3	3	0	2	11	79.805
5	4	3	0	0	1	0	0	0	0	0	0	0	3	0	0	3	3	0	2	12	9.333
5	4	3	0	0	1	0	0	0	0	0	0	0	3	0	0	3	3	0	2	13	9.523
5	4	3	0	0	1	0	0	0	0	0	0	0	3	0	0	3	3	0	2	14	16.761
5	4	3	0	0	1	0	0	0	0	0	0	0	3	0	0	3	3	0	2	15	0
5	4	3	0	0	1	0	0	0	0	0	0	0	3	0	0	3	3	0	2	16	21.713
5	4	3	0	0	1	0	0	0	0	0	0	0	3	0	0	3	3	0	2	17	20.951
5	4	3	0	0	1	0	0	0	0	0	0	0	3	0	0	3	3	0	2	18	16.19
5	4	3	0	0	1	0	0	0	0	0	0	0	3	0	0	3	3	0	2	19	9.714
5	4	3	0	0	1	0	0	0	0	0	0	0	3	0	0	3	3	0	2	20	9.523
5	4	3	0	0	1	0	0	0	0	0	0	0	3	0	0	3	3	0	2	21	11.428
5	4	3	0	0	1	0	0	0	0	0	0	0	3	0	0	3	3	0	2	22	9.523
5	4	3	0	0	1	0	0	0	0	0	0	0	3	0	0	3	3	0	2	23	5.524
6	0	0	2	0	0	0	1	0	2	2	2	2	4	2	3	4	0	2	4	0	10.247
6	0	0	2	0	0	0	1	0	2	2	2	2	4	2	3	4	0	2	4	1	2.779
6	0	0	2	0	0	0	1	0	2	2	2	2	4	2	3	4	0	2	4	2	8.163
6	0	0	2	0	0	0	1	0	2	2	2	2	4	2	3	4	0	2	4	3	4.689
6	0	0	2	0	0	0	1	0	2	2	2	2	4	2	3	4	0	2	4	4	9.379
6	0	0	2	0	0	0	1	0	2	2	2	2	4	2	3	4	0	2	4	5	6.079
6	0	0	2	0	0	0	1	0	2	2	2	2	4	2	3	4	0	2	4	6	7.642
6	0	0	2	0	0	0	1	0	2	2	2	2	4	2	3	4	0	2	4	7	15.631
6	0	0	2	0	0	0	1	0	2	2	2	2	4	2	3	4	0	2	4	8	166.556
6	0	0	2	0	0	0	1	0	2	2	2	2	4	2	3	4	0	2	4	9	5.384
6	0	0	2	0	0	0	1	0	2	2	2	2	4	2	3	4	0	2	4	10	9.379
6	0	0	2	0	0	0	1	0	2	2	2	2	4	2	3	4	0	2	4	11	76.244
6	0	0	2	0	0	0	1	0	2	2	2	2	4	2	3	4	0	2	4	12	1.216
6	0	0	2	0	0	0	1	0	2	2	2	2	4	2	3	4	0	2	4	13	3.126
6	0	0	2	0	0	0	1	0	2	2	2	2	4	2	3	4	0	2	4	14	16.326
6	0	0	2	0	0	0	1	0	2	2	2	2	4	2	3	4	0	2	4	15	5.558
6	0	0	2	0	0	0	1	0	2	2	2	2	4	2	3	4	0	2	4	16	19.799
6	0	0	2	0	0	0	1	0	2	2	2	2	4	2	3	4	0	2	4	17	51.756
6	0	0	2	0	0	0	1	0	2	2	2	2	4	2	3	4	0	2	4	18	166.556
6	0	0	2	0	0	0	1	0	2	2	2	2	4	2	3	4	0	2	4	19	3.474
6	0	0	2	0	0	0	1	0	2	2	2	2	4	2	3	4	0	2	4	20	10.247
6	0	0	2	0	0	0	1	0	2	2	2	2	4	2	3	4	0	2	4	21	3.126
6	0	0	2	0	0	0	1	0	2	2	2	2	4	2	3	4	0	2	4	22	0
6	0	0	2	0	0	0	1	0	2	2	2	2	4	2	3	4	0	2	4	23	17.368
7	0	0	0	0	0	0	0	3	3	0	0	0	3	0	0	2	0	0	4	0	3.529
7	0	0	0	0	0	0	0	3	3	0	0	0	3	0	0	2	0	0	4	1	5.193
7	0	0	0	0	0	0	0	3	3	0	0	0	3	0	0	2	0	0	4	2	1.664
7	0	0	0	0	0	0	0	3	3	0	0	0	3	0	0	2	0	0	4	3	2.596
7	0	0	0	0	0	0	0	3	3	0	0	0	3	0	0	2	0	0	4	4	3.196
7	0	0	0	0	0	0	0	3	3	0	0	0	3	0	0	2	0	0	4	5	3.129
7	0	0	0	0	0	0	0	3	3	0	0	0	3	0	0	2	0	0	4	6	2.13
7	0	0	0	0	0	0	0	3	3	0	0	0	3	0	0	2	0	0	4	7	1.798
7	0	0	0	0	0	0	0	3	3	0	0	0	3	0	0	2	0	0	4	8	51.73
7	0	0	0	0	0	0	0	3	3	0	0	0	3	0	0	2	0	0	4	9	2.33
7	0	0	0	0	0	0	0	3	3	0	0	0	3	0	0	2	0	0	4	10	4.394
7	0	0	0	0	0	0	0	3	3	0	0	0	3	0	0	2	0	0	4	11	8.455
7	0	0	0	0	0	0	0	3	3	0	0	0	3	0	0	2	0	0	4	12	0.067
7	0	0	0	0	0	0	0	3	3	0	0	0	3	0	0	2	0	0	4	13	0.133
7	0	0	0	0	0	0	0	3	3	0	0	0	3	0	0	2	0	0	4	14	1.465
7	0	0	0	0	0	0	0	3	3	0	0	0	3	0	0	2	0	0	4	15	3.196
7	0	0	0	0	0	0	0	3	3	0	0	0	3	0	0	2	0	0	4	16	6.724
7	0	0	0	0	0	0	0	3	3	0	0	0	3	0	0	2	0	0	4	17	3.329
7	0	0	0	0	0	0	0	3	3	0	0	0	3	0	0	2	0	0	4	18	3.262
7	0	0	0	0	0	0	0	3	3	0	0	0	3	0	0	2	0	0	4	19	0
7	0	0	0	0	0	0	0	3	3	0	0	0	3	0	0	2	0	0	4	20	4.394
7	0	0	0	0	0	0	0	3	3	0	0	0	3	0	0	2	0	0	4	21	2.596
7	0	0	0	0	0	0	0	3	3	0	0	0	3	0	0	2	0	0	4	22	1.332
7	0	0	0	0	0	0	0	3	3	0	0	0	3	0	0	2	0	0	4	23	0.599
8	5	1	0	0	0	0	1	2	5	1	1	3	3	0	4	5	4	0	2	0	48.412
8	5	1	0	0	0	0	1	2	5	1	1	3	3	0	4	5	4	0	2	1	9.413
8	5	1	0	0	0	0	1	2	5	1	1	3	3	0	4	5	4	0	2	2	14.792
8	5	1	0	0	0	0	1	2	5	1	1	3	3	0	4	5	4	0	2	3	83.376
8	5	1	0	0	0	0	1	2	5	1	1	3	3	0	4	5	4	0	2	4	41.688
8	5	1	0	0	0	0	1	2	5	1	1	3	3	0	4	5	4	0	2	5	45.722
8	5	1	0	0	0	0	1	2	5	1	1	3	3	0	4	5	4	0	2	6	50.653
8	5	1	0	0	0	0	1	2	5	1	1	3	3	0	4	5	4	0	2	7	77.548
8	5	1	0	0	0	0	1	2	5	1	1	3	3	0	4	5	4	0	2	8	8.069
8	5	1	0	0	0	0	1	2	5	1	1	3	3	0	4	5	4	0	2	9	55.135
8	5	1	0	0	0	0	1	2	5	1	1	3	3	0	4	5	4	0	2	10	38.998
8	5	1	0	0	0	0	1	2	5	1	1	3	3	0	4	5	4	0	2	11	382.362
8	5	1	0	0	0	0	1	2	5	1	1	3	3	0	4	5	4	0	2	12	11.206
8	5	1	0	0	0	0	1	2	5	1	1	3	3	0	4	5	4	0	2	13	30.033
8	5	1	0	0	0	0	1	2	5	1	1	3	3	0	4	5	4	0	2	14	78.445
8	5	1	0	0	0	0	1	2	5	1	1	3	3	0	4	5	4	0	2	15	47.963
8	5	1	0	0	0	0	1	2	5	1	1	3	3	0	4	5	4	0	2	16	0
8	5	1	0	0	0	0	1	2	5	1	1	3	3	0	4	5	4	0	2	17	12.551
8	5	1	0	0	0	0	1	2	5	1	1	3	3	0	4	5	4	0	2	18	6.276
8	5	1	0	0	0	0	1	2	5	1	1	3	3	0	4	5	4	0	2	19	17.482
8	5	1	0	0	0	0	1	2	5	1	1	3	3	0	4	5	4	0	2	20	46.17
8	5	1	0	0	0	0	1	2	5	1	1	3	3	0	4	5	4	0	2	21	3.138
8	5	1	0	0	0	0	1	2	5	1	1	3	3	0	4	5	4	0	2	22	16.137
8	5	1	0	0	0	0	1	2	5	1	1	3	3	0	4	5	4	0	2	23	25.551
9	0	0	3	0	2	0	0	4	2	3	3	2	0	0	3	4	0	3	0	0	0
9	0	0	3	0	2	0	0	4	2	3	3	2	0	0	3	4	0	3	0	1	10.391
9	0	0	3	0	2	0	0	4	2	3	3	2	0	0	3	4	0	3	0	2	3.401
9	0	0	3	0	2	0	0	4	2	3	3	2	0	0	3	4	0	3	0	3	6.298
9	0	0	3	0	2	0	0	4	2	3	3	2	0	0	3	4	0	3	0	4	6.864
9	0	0	3	0	2	0	0	4	2	3	3	2	0	0	3	4	0	3	0	5	8.25
9	0	0	3	0	2	0	0	4	2	3	3	2	0	0	3	4	0	3	0	6	9.068
9	0	0	3	0	2	0	0	4	2	3	3	2	0	0	3	4	0	3	0	7	7.746
9	0	0	3	0	2	0	0	4	2	3	3	2	0	0	3	4	0	3	0	8	52.018
9	0	0	3	0	2	0	0	4	2	3	3	2	0	0	3	4	0	3	0	9	9.068
9	0	0	3	0	2	0	0	4	2	3	3	2	0	0	3	4	0	3	0	10	11.336
9	0	0	3	0	2	0	0	4	2	3	3	2	0	0	3	4	0	3	0	11	27.457
9	0	0	3	0	2	0	0	4	2	3	3	2	0	0	3	4	0	3	0	12	1.071
9	0	0	3	0	2	0	0	4	2	3	3	2	0	0	3	4	0	3	0	13	1.889
9	0	0	3	0	2	0	0	4	2	3	3	2	0	0	3	4	0	3	0	14	9.824
9	0	0	3	0	2	0	0	4	2	3	3	2	0	0	3	4	0	3	0	15	10.139
9	0	0	3	0	2	0	0	4	2	3	3	2	0	0	3	4	0	3	0	16	12.658
9	0	0	3	0	2	0	0	4	2	3	3	2	0	0	3	4	0	3	0	17	18.767
9	0	0	3	0	2	0	0	4	2	3	3	2	0	0	3	4	0	3	0	18	17.003
9	0	0	3	0	2	0	0	4	2	3	3	2	0	0	3	4	0	3	0	19	2.96
9	0	0	3	0	2	0	0	4	2	3	3	2	0	0	3	4	0	3	0	20	8.187
9	0	0	3	0	2	0	0	4	2	3	3	2	0	0	3	4	0	3	0	21	7.494
9	0	0	3	0	2	0	0	4	2	3	3	2	0	0	3	4	0	3	0	22	9.194
9	0	0	3	0	2	0	0	4	2	3	3	2	0	0	3	4	0	3	0	23	10.391
10	0	0	1	0	3	1	0	0	3	0	0	0	0	0	0	6	0	3	5	0	10.489
10	0	0	1	0	3	1	0	0	3	0	0	0	0	0	0	6	0	3	5	1	1.498
10	0	0	1	0	3	1	0	0	3	0	0	0	0	0	0	6	0	3	5	2	7.248
10	0	0	1	0	3	1	0	0	3	0	0	0	0	0	0	6	0	3	5	3	5.138
10	0	0	1	0	3	1	0	0	3	0	0	0	0	0	0	6	0	3	5	4	7.431
10	0	0	1	0	3	1	0	0	3	0	0	0	0	0	0	6	0	3	5	5	13.761
10	0	0	1	0	3	1	0	0	3	0	0	0	0	0	0	6	0	3	5	6	2.385
10	0	0	1	0	3	1	0	0	3	0	0	0	0	0	0	6	0	3	5	7	2.08
10	0	0	1	0	3	1	0	0	3	0	0	0	0	0	0	6	0	3	5	8	3041.743
10	0	0	1	0	3	1	0	0	3	0	0	0	0	0	0	6	0	3	5	9	1.468
10	0	0	1	0	3	1	0	0	3	0	0	0	0	0	0	6	0	3	5	10	9.817
10	0	0	1	0	3	1	0	0	3	0	0	0	0	0	0	6	0	3	5	11	5.046
10	0	0	1	0	3	1	0	0	3	0	0	0	0	0	0	6	0	3	5	12	1.957
10	0	0	1	0	3	1	0	0	3	0	0	0	0	0	0	6	0	3	5	13	0
10	0	0	1	0	3	1	0	0	3	0	0	0	0	0	0	6	0	3	5	14	10.52
10	0	0	1	0	3	1	0	0	3	0	0	0	0	0	0	6	0	3	5	15	6.911
10	0	0	1	0	3	1	0	0	3	0	0	0	0	0	0	6	0	3	5	16	4.862
10	0	0	1	0	3	1	0	0	3	0	0	0	0	0	0	6	0	3	5	17	19.113
10	0	0	1	0	3	1	0	0	3	0	0	0	0	0	0	6	0	3	5	18	13.089
10	0	0	1	0	3	1	0	0	3	0	0	0	0	0	0	6	0	3	5	19	0.092
10	0	0	1	0	3	1	0	0	3	0	0	0	0	0	0	6	0	3	5	20	11.927
10	0	0	1	0	3	1	0	0	3	0	0	0	0	0	0	6	0	3	5	21	2.569
10	0	0	1	0	3	1	0	0	3	0	0	0	0	0	0	6	0	3	5	22	13.333
10	0	0	1	0	3	1	0	0	3	0	0	0	0	0	0	6	0	3	5	23	2.018
11	0	0	0	0	0	1	0	3	6	4	0	2	3	0	3	3	5	0	2	0	28.78
11	0	0	0	0	0	1	0	3	6	4	0	2	3	0	3	3	5	0	2	1	10.311
11	0	0	0	0	0	1	0	3	6	4	0	2	3	0	3	3	5	0	2	2	2.641
11	0	0	0	0	0	1	0	3	6	4	0	2	3	0	3	3	5	0	2	3	4.43
11	0	0	0	0	0	1	0	3	6	4	0	2	3	0	3	3	5	0	2	4	3.499
11	0	0	0	0	0	1	0	3	6	4	0	2	3	0	3	3	5	0	2	5	47.811
11	0	0	0	0	0	1	0	3	6	4	0	2	3	0	3	3	5	0	2	6	1.79
11	0	0	0	0	0	1	0	3	6	4	0	2	3	0	3	3	5	0	2	7	11.317
11	0	0	0	0	0	1	0	3	6	4	0	2	3	0	3	3	5	0	2	8	1.139
11	0	0	0	0	0	1	0	3	6	4	0	2	3	0	3	3	5	0	2	9	2.152
11	0	0	0	0	0	1	0	3	6	4	0	2	3	0	3	3	5	0	2	10	26.324
11	0	0	0	0	0	1	0	3	6	4	0	2	3	0	3	3	5	0	2	11	19.334
11	0	0	0	0	0	1	0	3	6	4	0	2	3	0	3	3	5	0	2	12	6.331
11	0	0	0	0	0	1	0	3	6	4	0	2	3	0	3	3	5	0	2	13	1.428
11	0	0	0	0	0	1	0	3	6	4	0	2	3	0	3	3	5	0	2	14	14.534
11	0	0	0	0	0	1	0	3	6	4	0	2	3	0	3	3	5	0	2	15	5.592
11	0	0	0	0	0	1	0	3	6	4	0	2	3	0	3	3	5	0	2	16	12.825
11	0	0	0	0	0	1	0	3	6	4	0	2	3	0	3	3	5	0	2	17	60.68
11	0	0	0	0	0	1	0	3	6	4	0	2	3	0	3	3	5	0	2	18	21.169
11	0	0	0	0	0	1	0	3	6	4	0	2	3	0	3	3	5	0	2	19	0
11	0	0	0	0	0	1	0	3	6	4	0	2	3	0	3	3	5	0	2	20	26.391
11	0	0	0	0	0	1	0	3	6	4	0	2	3	0	3	3	5	0	2	21	1.553
11	0	0	0	0	0	1	0	3	6	4	0	2	3	0	3	3	5	0	2	22	33.388
11	0	0	0	0	0	1	0	3	6	4	0	2	3	0	3	3	5	0	2	23	2.848
12	0	0	0	0	1	1	0	3	6	0	0	0	3	0	0	3	0	0	0	0	5.378
12	0	0	0	0	1	1	0	3	6	0	0	0	3	0	0	3	0	0	0	1	0.48
12	0	0	0	0	1	1	0	3	6	0	0	0	3	0	0	3	0	0	0	2	2.907
12	0	0	0	0	1	1	0	3	6	0	0	0	3	0	0	3	0	0	0	3	0
12	0	0	0	0	1	1	0	3	6	0	0	0	3	0	0	3	0	0	0	4	2.209
12	0	0	0	0	1	1	0	3	6	0	0	0	3	0	0	3	0	0	0	5	5.916
12	0	0	0	0	1	1	0	3	6	0	0	0	3	0	0	3	0	0	0	6	1.134
12	0	0	0	0	1	1	0	3	6	0	0	0	3	0	0	3	0	0	0	7	1.017
12	0	0	0	0	1	1	0	3	6	0	0	0	3	0	0	3	0	0	0	8	1.352
12	0	0	0	0	1	1	0	3	6	0	0	0	3	0	0	3	0	0	0	9	0.974
12	0	0	0	0	1	1	0	3	6	0	0	0	3	0	0	3	0	0	0	10	5.712
12	0	0	0	0	1	1	0	3	6	0	0	0	3	0	0	3	0	0	0	11	2.703
12	0	0	0	0	1	1	0	3	6	0	0	0	3	0	0	3	0	0	0	12	1.933
12	0	0	0	0	1	1	0	3	6	0	0	0	3	0	0	3	0	0	0	13	0.276
12	0	0	0	0	1	1	0	3	6	0	0	0	3	0	0	3	0	0	0	14	2.049
12	0	0	0	0	1	1	0	3	6	0	0	0	3	0	0	3	0	0	0	15	3.721
12	0	0	0	0	1	1	0	3	6	0	0	0	3	0	0	3	0	0	0	16	1.512
12	0	0	0	0	1	1	0	3	6	0	0	0	3	0	0	3	0	0	0	17	4.637
12	0	0	0	0	1	1	0	3	6	0	0	0	3	0	0	3	0	0	0	18	3.285
12	0	0	0	0	1	1	0	3	6	0	0	0	3	0	0	3	0	0	0	19	0.32
12	0	0	0	0	1	1	0	3	6	0	0	0	3	0	0	3	0	0	0	20	6.831
12	0	0	0	0	1	1	0	3	6	0	0	0	3	0	0	3	0	0	0	21	0.698
12	0	0	0	0	1	1	0	3	6	0	0	0	3	0	0	3	0	0	0	22	5.916
12	0	0	0	0	1	1	0	3	6	0	0	0	3	0	0	3	0	0	0	23	1.512
13	5	1	1	0	0	0	2	0	5	1	1	1	2	0	4	1	5	0	0	0	100.289
13	5	1	1	0	0	0	2	0	5	1	1	1	2	0	4	1	5	0	0	1	2.711
13	5	1	1	0	0	0	2	0	5	1	1	1	2	0	4	1	5	0	0	2	19.651
13	5	1	1	0	0	0	2	0	5	1	1	1	2	0	4	1	5	0	0	3	137.559
13	5	1	1	0	0	0	2	0	5	1	1	1	2	0	4	1	5	0	0	4	96.901
13	5	1	1	0	0	0	2	0	5	1	1	1	2	0	4	1	5	0	0	5	108.421
13	5	1	1	0	0	0	2	0	5	1	1	1	2	0	4	1	5	0	0	6	664.078
13	5	1	1	0	0	0	2	0	5	1	1	1	2	0	4	1	5	0	0	7	169.408
13	5	1	1	0	0	0	2	0	5	1	1	1	2	0	4	1	5	0	0	8	37.27
13	5	1	1	0	0	0	2	0	5	1	1	1	2	0	4	1	5	0	0	9	77.928
13	5	1	1	0	0	0	2	0	5	1	1	1	2	0	4	1	5	0	0	10	108.421
13	5	1	1	0	0	0	2	0	5	1	1	1	2	0	4	1	5	0	0	11	596.315
13	5	1	1	0	0	0	2	0	5	1	1	1	2	0	4	1	5	0	0	12	12.875
13	5	1	1	0	0	0	2	0	5	1	1	1	2	0	4	1	5	0	0	13	37.27
13	5	1	1	0	0	0	2	0	5	1	1	1	2	0	4	1	5	0	0	14	132.816
13	5	1	1	0	0	0	2	0	5	1	1	1	2	0	4	1	5	0	0	15	101.645
13	5	1	1	0	0	0	2	0	5	1	1	1	2	0	4	1	5	0	0	16	0
13	5	1	1	0	0	0	2	0	5	1	1	1	2	0	4	1	5	0	0	17	664.078
13	5	1	1	0	0	0	2	0	5	1	1	1	2	0	4	1	5	0	0	18	4.066
13	5	1	1	0	0	0	2	0	5	1	1	1	2	0	4	1	5	0	0	19	21.007
13	5	1	1	0	0	0	2	0	5	1	1	1	2	0	4	1	5	0	0	20	96.224
13	5	1	1	0	0	0	2	0	5	1	1	1	2	0	4	1	5	0	0	21	3.388
13	5	1	1	0	0	0	2	0	5	1	1	1	2	0	4	1	5	0	0	22	23.717
13	5	1	1	0	0	0	2	0	5	1	1	1	2	0	4	1	5	0	0	23	25.072
14	6	1	0	1	0	0	3	5	2	2	1	1	2	0	2	7	4	0	2	0	52.292
14	6	1	0	1	0	0	3	5	2	2	1	1	2	0	2	7	4	0	2	1	0
14	6	1	0	1	0	0	3	5	2	2	1	1	2	0	2	7	4	0	2	2	75.982
14	6	1	0	1	0	0	3	5	2	2	1	1	2	0	2	7	4	0	2	3	134.341
14	6	1	0	1	0	0	3	5	2	2	1	1	2	0	2	7	4	0	2	4	17.334
14	6	1	0	1	0	0	3	5	2	2	1	1	2	0	2	7	4	0	2	5	19.646
14	6	1	0	1	0	0	3	5	2	2	1	1	2	0	2	7	4	0	2	6	270.416
14	6	1	0	1	0	0	3	5	2	2	1	1	2	0	2	7	4	0	2	7	54.603
14	6	1	0	1	0	0	3	5	2	2	1	1	2	0	2	7	4	0	2	8	270.416
14	6	1	0	1	0	0	3	5	2	2	1	1	2	0	2	7	4	0	2	9	52.292
14	6	1	0	1	0	0	3	5	2	2	1	1	2	0	2	7	4	0	2	10	14.734
14	6	1	0	1	0	0	3	5	2	2	1	1	2	0	2	7	4	0	2	11	258.86
14	6	1	0	1	0	0	3	5	2	2	1	1	2	0	2	7	4	0	2	12	32.358
14	6	1	0	1	0	0	3	5	2	2	1	1	2	0	2	7	4	0	2	13	68.76
14	6	1	0	1	0	0	3	5	2	2	1	1	2	0	2	7	4	0	2	14	153.12
14	6	1	0	1	0	0	3	5	2	2	1	1	2	0	2	7	4	0	2	15	19.068
14	6	1	0	1	0	0	3	5	2	2	1	1	2	0	2	7	4	0	2	16	1.733
14	6	1	0	1	0	0	3	5	2	2	1	1	2	0	2	7	4	0	2	17	54.314
14	6	1	0	1	0	0	3	5	2	2	1	1	2	0	2	7	4	0	2	18	4.334
14	6	1	0	1	0	0	3	5	2	2	1	1	2	0	2	7	4	0	2	19	49.114
14	6	1	0	1	0	0	3	5	2	2	1	1	2	0	2	7	4	0	2	20	18.49
14	6	1	0	1	0	0	3	5	2	2	1	1	2	0	2	7	4	0	2	21	14.156
14	6	1	0	1	0	0	3	5	2	2	1	1	2	0	2	7	4	0	2	22	48.825
14	6	1	0	1	0	0	3	5	2	2	1	1	2	0	2	7	4	0	2	23	66.737
15	0	0	3	0	0	0	0	3	3	0	0	0	3	0	1	8	0	0	6	0	1.675
15	0	0	3	0	0	0	0	3	3	0	0	0	3	0	1	8	0	0	6	1	8.933
15	0	0	3	0	0	0	0	3	3	0	0	0	3	0	1	8	0	0	6	2	2.513
15	0	0	3	0	0	0	0	3	3	0	0	0	3	0	1	8	0	0	6	3	21.217
15	0	0	3	0	0	0	0	3	3	0	0	0	3	0	1	8	0	0	6	4	0.279
15	0	0	3	0	0	0	0	3	3	0	0	0	3	0	1	8	0	0	6	5	1.396
15	0	0	3	0	0	0	0	3	3	0	0	0	3	0	1	8	0	0	6	6	2.513
15	0	0	3	0	0	0	0	3	3	0	0	0	3	0	1	8	0	0	6	7	3.629
15	0	0	3	0	0	0	0	3	3	0	0	0	3	0	1	8	0	0	6	8	275.541
15	0	0	3	0	0	0	0	3	3	0	0	0	3	0	1	8	0	0	6	9	14.238
15	0	0	3	0	0	0	0	3	3	0	0	0	3	0	1	8	0	0	6	10	3.35
15	0	0	3	0	0	0	0	3	3	0	0	0	3	0	1	8	0	0	6	11	17.029
15	0	0	3	0	0	0	0	3	3	0	0	0	3	0	1	8	0	0	6	12	3.629
15	0	0	3	0	0	0	0	3	3	0	0	0	3	0	1	8	0	0	6	13	7.817
15	0	0	3	0	0	0	0	3	3	0	0	0	3	0	1	8	0	0	6	14	18.984
15	0	0	3	0	0	0	0	3	3	0	0	0	3	0	1	8	0	0	6	15	0.279
15	0	0	3	0	0	0	0	3	3	0	0	0	3	0	1	8	0	0	6	16	10.888
15	0	0	3	0	0	0	0	3	3	0	0	0	3	0	1	8	0	0	6	17	19.821
15	0	0	3	0	0	0	0	3	3	0	0	0	3	0	1	8	0	0	6	18	14.517
15	0	0	3	0	0	0	0	3	3	0	0	0	3	0	1	8	0	0	6	19	4.188
15	0	0	3	0	0	0	0	3	3	0	0	0	3	0	1	8	0	0	6	20	1.117
15	0	0	3	0	0	0	0	3	3	0	0	0	3	0	1	8	0	0	6	21	6.142
15	0	0	3	0	0	0	0	3	3	0	0	0	3	0	1	8	0	0	6	22	6.142
15	0	0	3	0	0	0	0	3	3	0	0	0	3	0	1	8	0	0	6	23	0
16	0	3	1	0	0	0	0	6	5	1	4	4	2	0	5	1	6	0	2	0	9.654
16	0	3	1	0	0	0	0	6	5	1	4	4	2	0	5	1	6	0	2	1	5.823
16	0	3	1	0	0	0	0	6	5	1	4	4	2	0	5	1	6	0	2	2	6.896
16	0	3	1	0	0	0	0	6	5	1	4	4	2	0	5	1	6	0	2	3	29.576
16	0	3	1	0	0	0	0	6	5	1	4	4	2	0	5	1	6	0	2	4	8.122
16	0	3	1	0	0	0	0	6	5	1	4	4	2	0	5	1	6	0	2	5	8.582
16	0	3	1	0	0	0	0	6	5	1	4	4	2	0	5	1	6	0	2	6	6.743
16	0	3	1	0	0	0	0	6	5	1	4	4	2	0	5	1	6	0	2	7	8.735
16	0	3	1	0	0	0	0	6	5	1	4	4	2	0	5	1	6	0	2	8	10.574
16	0	3	1	0	0	0	0	6	5	1	4	4	2	0	5	1	6	0	2	9	15.325
16	0	3	1	0	0	0	0	6	5	1	4	4	2	0	5	1	6	0	2	10	8.582
16	0	3	1	0	0	0	0	6	5	1	4	4	2	0	5	1	6	0	2	11	102.061
16	0	3	1	0	0	0	0	6	5	1	4	4	2	0	5	1	6	0	2	12	2.605
16	0	3	1	0	0	0	0	6	5	1	4	4	2	0	5	1	6	0	2	13	11.8
16	0	3	1	0	0	0	0	6	5	1	4	4	2	0	5	1	6	0	2	14	138.84
16	0	3	1	0	0	0	0	6	5	1	4	4	2	0	5	1	6	0	2	15	6.743
16	0	3	1	0	0	0	0	6	5	1	4	4	2	0	5	1	6	0	2	16	0
16	0	3	1	0	0	0	0	6	5	1	4	4	2	0	5	1	6	0	2	17	13.026
16	0	3	1	0	0	0	0	6	5	1	4	4	2	0	5	1	6	0	2	18	1.686
16	0	3	1	0	0	0	0	6	5	1	4	4	2	0	5	1	6	0	2	19	10.574
16	0	3	1	0	0	0	0	6	5	1	4	4	2	0	5	1	6	0	2	20	8.582
16	0	3	1	0	0	0	0	6	5	1	4	4	2	0	5	1	6	0	2	21	9.348
16	0	3	1	0	0	0	0	6	5	1	4	4	2	0	5	1	6	0	2	22	4.138
16	0	3	1	0	0	0	0	6	5	1	4	4	2	0	5	1	6	0	2	23	9.961
17	4	0	0	0	0	0	4	3	4	1	5	5	5	2	6	7	7	0	2	0	0.282
17	4	0	0	0	0	0	4	3	4	1	5	5	5	2	6	7	7	0	2	1	0
17	4	0	0	0	0	0	4	3	4	1	5	5	5	2	6	7	7	0	2	2	6.762
17	4	0	0	0	0	0	4	3	4	1	5	5	5	2	6	7	7	0	2	3	66.211
17	4	0	0	0	0	0	4	3	4	1	5	5	5	2	6	7	7	0	2	4	0.845
17	4	0	0	0	0	0	4	3	4	1	5	5	5	2	6	7	7	0	2	5	2.817
17	4	0	0	0	0	0	4	3	4	1	5	5	5	2	6	7	7	0	2	6	2.817
17	4	0	0	0	0	0	4	3	4	1	5	5	5	2	6	7	7	0	2	7	9.016
17	4	0	0	0	0	0	4	3	4	1	5	5	5	2	6	7	7	0	2	8	273.295
17	4	0	0	0	0	0	4	3	4	1	5	5	5	2	6	7	7	0	2	9	23.103
17	4	0	0	0	0	0	4	3	4	1	5	5	5	2	6	7	7	0	2	10	3.663
17	4	0	0	0	0	0	4	3	4	1	5	5	5	2	6	7	7	0	2	11	245.12
17	4	0	0	0	0	0	4	3	4	1	5	5	5	2	6	7	7	0	2	12	0.282
17	4	0	0	0	0	0	4	3	4	1	5	5	5	2	6	7	7	0	2	13	24.23
17	4	0	0	0	0	0	4	3	4	1	5	5	5	2	6	7	7	0	2	14	119.743
17	4	0	0	0	0	0	4	3	4	1	5	5	5	2	6	7	7	0	2	15	4.226
17	4	0	0	0	0	0	4	3	4	1	5	5	5	2	6	7	7	0	2	16	13.242
17	4	0	0	0	0	0	4	3	4	1	5	5	5	2	6	7	7	0	2	17	10.425
17	4	0	0	0	0	0	4	3	4	1	5	5	5	2	6	7	7	0	2	18	4.508
17	4	0	0	0	0	0	4	3	4	1	5	5	5	2	6	7	7	0	2	19	22.258
17	4	0	0	0	0	0	4	3	4	1	5	5	5	2	6	7	7	0	2	20	1.127
17	4	0	0	0	0	0	4	3	4	1	5	5	5	2	6	7	7	0	2	21	35.782
17	4	0	0	0	0	0	4	3	4	1	5	5	5	2	6	7	7	0	2	22	10.988
17	4	0	0	0	0	0	4	3	4	1	5	5	5	2	6	7	7	0	2	23	6.198
18	1	4	0	0	0	0	1	1	4	5	6	2	6	3	0	7	1	0	2	0	37.331
18	1	4	0	0	0	0	1	1	4	5	6	2	6	3	0	7	1	0	2	1	98.746
18	1	4	0	0	0	0	1	1	4	5	6	2	6	3	0	7	1	0	2	2	50.577
18	1	4	0	0	0	0	1	1	4	5	6	2	6	3	0	7	1	0	2	3	540.695
18	1	4	0	0	0	0	1	1	4	5	6	2	6	3	0	7	1	0	2	4	1.204
18	1	4	0	0	0	0	1	1	4	5	6	2	6	3	0	7	1	0	2	5	10.838
18	1	4	0	0	0	0	1	1	4	5	6	2	6	3	0	7	1	0	2	6	8.43
18	1	4	0	0	0	0	1	1	4	5	6	2	6	3	0	7	1	0	2	7	2.408
18	1	4	0	0	0	0	1	1	4	5	6	2	6	3	0	7	1	0	2	8	12040.992
18	1	4	0	0	0	0	1	1	4	5	6	2	6	3	0	7	1	0	2	9	456.399
18	1	4	0	0	0	0	1	1	4	5	6	2	6	3	0	7	1	0	2	10	2.408
18	1	4	0	0	0	0	1	1	4	5	6	2	6	3	0	7	1	0	2	11	2575.826
18	1	4	0	0	0	0	1	1	4	5	6	2	6	3	0	7	1	0	2	12	56.598
18	1	4	0	0	0	0	1	1	4	5	6	2	6	3	0	7	1	0	2	13	580.434
18	1	4	0	0	0	0	1	1	4	5	6	2	6	3	0	7	1	0	2	14	48.169
18	1	4	0	0	0	0	1	1	4	5	6	2	6	3	0	7	1	0	2	15	9.634
18	1	4	0	0	0	0	1	1	4	5	6	2	6	3	0	7	1	0	2	16	51.781
18	1	4	0	0	0	0	1	1	4	5	6	2	6	3	0	7	1	0	2	17	12040.992
18	1	4	0	0	0	0	1	1	4	5	6	2	6	3	0	7	1	0	2	18	51.781
18	1	4	0	0	0	0	1	1	4	5	6	2	6	3	0	7	1	0	2	19	460.012
18	1	4	0	0	0	0	1	1	4	5	6	2	6	3	0	7	1	0	2	20	0
18	1	4	0	0	0	0	1	1	4	5	6	2	6	3	0	7	1	0	2	21	808.031
18	1	4	0	0	0	0	1	1	4	5	6	2	6	3	0	7	1	0	2	22	167.387
18	1	4	0	0	0	0	1	1	4	5	6	2	6	3	0	7	1	0	2	23	69.845
19	4	3	3	2	0	0	5	2	5	5	2	6	1	4	2	4	5	4	2	0	2.13
19	4	3	3	2	0	0	5	2	5	5	2	6	1	4	2	4	5	4	2	1	161.514
19	4	3	3	2	0	0	5	2	5	5	2	6	1	4	2	4	5	4	2	2	161.514
19	4	3	3	2	0	0	5	2	5	5	2	6	1	4	2	4	5	4	2	3	46.857
19	4	3	3	2	0	0	5	2	5	5	2	6	1	4	2	4	5	4	2	4	14.909
19	4	3	3	2	0	0	5	2	5	5	2	6	1	4	2	4	5	4	2	5	5.325
19	4	3	3	2	0	0	5	2	5	5	2	6	1	4	2	4	5	4	2	6	161.514
19	4	3	3	2	0	0	5	2	5	5	2	6	1	4	2	4	5	4	2	7	16.506
19	4	3	3	2	0	0	5	2	5	5	2	6	1	4	2	4	5	4	2	8	161.514
19	4	3	3	2	0	0	5	2	5	5	2	6	1	4	2	4	5	4	2	9	161.514
19	4	3	3	2	0	0	5	2	5	5	2	6	1	4	2	4	5	4	2	10	5.857
19	4	3	3	2	0	0	5	2	5	5	2	6	1	4	2	4	5	4	2	11	120.692
19	4	3	3	2	0	0	5	2	5	5	2	6	1	4	2	4	5	4	2	12	18.104
19	4	3	3	2	0	0	5	2	5	5	2	6	1	4	2	4	5	4	2	13	53.424
19	4	3	3	2	0	0	5	2	5	5	2	6	1	4	2	4	5	4	2	14	161.514
19	4	3	3	2	0	0	5	2	5	5	2	6	1	4	2	4	5	4	2	15	0.887
19	4	3	3	2	0	0	5	2	5	5	2	6	1	4	2	4	5	4	2	16	20.234
19	4	3	3	2	0	0	5	2	5	5	2	6	1	4	2	4	5	4	2	17	47.389
19	4	3	3	2	0	0	5	2	5	5	2	6	1	4	2	4	5	4	2	18	30.35
19	4	3	3	2	0	0	5	2	5	5	2	6	1	4	2	4	5	4	2	19	55.199
19	4	3	3	2	0	0	5	2	5	5	2	6	1	4	2	4	5	4	2	20	0
19	4	3	3	2	0	0	5	2	5	5	2	6	1	4	2	4	5	4	2	21	71.882
19	4	3	3	2	0	0	5	2	5	5	2	6	1	4	2	4	5	4	2	22	41.532
19	4	3	3	2	0	0	5	2	5	5	2	6	1	4	2	4	5	4	2	23	48.987
20	0	0	0	0	0	0	0	1	0	0	0	0	2	0	0	8	1	0	2	0	2.286
20	0	0	0	0	0	0	0	1	0	0	0	0	2	0	0	8	1	0	2	1	4.364
20	0	0	0	0	0	0	0	1	0	0	0	0	2	0	0	8	1	0	2	2	6.027
20	0	0	0	0	0	0	0	1	0	0	0	0	2	0	0	8	1	0	2	3	17.458
20	0	0	0	0	0	0	0	1	0	0	0	0	2	0	0	8	1	0	2	4	0.208
20	0	0	0	0	0	0	0	1	0	0	0	0	2	0	0	8	1	0	2	5	2.702
20	0	0	0	0	0	0	0	1	0	0	0	0	2	0	0	8	1	0	2	6	1.039
20	0	0	0	0	0	0	0	1	0	0	0	0	2	0	0	8	1	0	2	7	3.949
20	0	0	0	0	0	0	0	1	0	0	0	0	2	0	0	8	1	0	2	8	200.349
20	0	0	0	0	0	0	0	1	0	0	0	0	2	0	0	8	1	0	2	9	20.991
20	0	0	0	0	0	0	0	1	0	0	0	0	2	0	0	8	1	0	2	10	0
20	0	0	0	0	0	0	0	1	0	0	0	0	2	0	0	8	1	0	2	11	94.355
20	0	0	0	0	0	0	0	1	0	0	0	0	2	0	0	8	1	0	2	12	3.533
20	0	0	0	0	0	0	0	1	0	0	0	0	2	0	0	8	1	0	2	13	17.873
20	0	0	0	0	0	0	0	1	0	0	0	0	2	0	0	8	1	0	2	14	39.904
20	0	0	0	0	0	0	0	1	0	0	0	0	2	0	0	8	1	0	2	15	0.623
20	0	0	0	0	0	0	0	1	0	0	0	0	2	0	0	8	1	0	2	16	4.364
20	0	0	0	0	0	0	0	1	0	0	0	0	2	0	0	8	1	0	2	17	8.105
20	0	0	0	0	0	0	0	1	0	0	0	0	2	0	0	8	1	0	2	18	6.027
20	0	0	0	0	0	0	0	1	0	0	0	0	2	0	0	8	1	0	2	19	16.834
20	0	0	0	0	0	0	0	1	0	0	0	0	2	0	0	8	1	0	2	20	0.831
20	0	0	0	0	0	0	0	1	0	0	0	0	2	0	0	8	1	0	2	21	12.886
20	0	0	0	0	0	0	0	1	0	0	0	0	2	0	0	8	1	0	2	22	3.325
20	0	0	0	0	0	0	0	1	0	0	0	0	2	0	0	8	1	0	2	23	2.286
21	0	0	0	0	0	0	1	7	7	2	7	6	2	0	7	2	1	0	2	0	11.893
21	0	0	0	0	0	0	1	7	7	2	7	6	2	0	7	2	1	0	2	1	1.874
21	0	0	0	0	0	0	1	7	7	2	7	6	2	0	7	2	1	0	2	2	4.643
21	0	0	0	0	0	0	1	7	7	2	7	6	2	0	7	2	1	0	2	3	33.235
21	0	0	0	0	0	0	1	7	7	2	7	6	2	0	7	2	1	0	2	4	9.856
21	0	0	0	0	0	0	1	7	7	2	7	6	2	0	7	2	1	0	2	5	9.449
21	0	0	0	0	0	0	1	7	7	2	7	6	2	0	7	2	1	0	2	6	6.924
21	0	0	0	0	0	0	1	7	7	2	7	6	2	0	7	2	1	0	2	7	10.508
21	0	0	0	0	0	0	1	7	7	2	7	6	2	0	7	2	1	0	2	8	10.589
21	0	0	0	0	0	0	1	7	7	2	7	6	2	0	7	2	1	0	2	9	28.917
21	0	0	0	0	0	0	1	7	7	2	7	6	2	0	7	2	1	0	2	10	13.359
21	0	0	0	0	0	0	1	7	7	2	7	6	2	0	7	2	1	0	2	11	48.874
21	0	0	0	0	0	0	1	7	7	2	7	6	2	0	7	2	1	0	2	12	0.081
21	0	0	0	0	0	0	1	7	7	2	7	6	2	0	7	2	1	0	2	13	5.376
21	0	0	0	0	0	0	1	7	7	2	7	6	2	0	7	2	1	0	2	14	14.174
21	0	0	0	0	0	0	1	7	7	2	7	6	2	0	7	2	1	0	2	15	12.056
21	0	0	0	0	0	0	1	7	7	2	7	6	2	0	7	2	1	0	2	16	10.182
21	0	0	0	0	0	0	1	7	7	2	7	6	2	0	7	2	1	0	2	17	15.477
21	0	0	0	0	0	0	1	7	7	2	7	6	2	0	7	2	1	0	2	18	11.16
21	0	0	0	0	0	0	1	7	7	2	7	6	2	0	7	2	1	0	2	19	3.421
21	0	0	0	0	0	0	1	7	7	2	7	6	2	0	7	2	1	0	2	20	12.056
21	0	0	0	0	0	0	1	7	7	2	7	6	2	0	7	2	1	0	2	21	0
21	0	0	0	0	0	0	1	7	7	2	7	6	2	0	7	2	1	0	2	22	12.789
21	0	0	0	0	0	0	1	7	7	2	7	6	2	0	7	2	1	0	2	23	5.458