0	0	0	0	0	0	0	0	0	0
1	1	1	0	1	0	0	1	0	0
2	0	0	0	0	0	0	1	0	0
3	0	2	1	0	0	0	1	0	1
4	1	2	0	2	0	0	0	0	0
5	2	2	1	0	0	1	0	0	2
6	2	3	0	3	0	0	1	0	0
7	2	2	1	0	0	0	1	1	1
8	2	3	2	4	0	0	0	0	0
9	1	4	1	0	0	0	1	0	2
10	1	4	1	1	0	0	1	0	1
11	1	4	1	0	0	0	1	0	1
12	1	2	1	4	0	0	1	0	2
13	0	2	0	5	0	0	1	0	0
14	3	3	0	0	0	0	0	0	0
15	1	2	0	0	0	0	0	0	2
16	2	4	0	0	0	0	0	1	2
17	0	2	1	0	0	0	0	0	1
18	2	4	1	1	0	0	0	0	1
19	0	0	1	1	0	0	0	0	1
20	1	2	0	0	0	0	0	0	2
21	1	2	0	1	0	0	0	0	2
22	3	0	3	1	0	0	0	0	2
23	1	3	0	0	0	0	1	0	2
24	1	3	0	0	0	0	1	0	2
25	2	3	0	2	0	0	1	0	0
26	0	2	1	0	0	0	2	0	2
27	0	2	1	0	0	0	0	0	2
28	0	1	1	1	0	0	0	0	0
29	4	5	4	4	0	0	1	1	3
30	2	3	3	6	0	0	1	1	1
31	2	3	3	7	0	0	1	0	0
32	1	0	2	0	0	0	1	2	2
33	5	3	0	5	0	0	0	0	1
34	4	6	3	1	0	0	3	0	3
35	4	1	0	4	0	0	3	0	4
36	3	0	0	1	0	0	1	0	0
37	1	2	1	0	0	0	1	0	2
38	0	3	3	5	0	0	0	0	0
39	0	3	1	4	0	0	1	0	0
40	6	1	3	1	0	0	1	0	5
41	6	6	0	4	0	0	1	0	5
42	4	0	3	1	0	0	2	0	5
43	1	3	3	0	0	0	0	0	6
44	5	4	1	0	0	0	0	0	7
45	2	4	1	4	0	0	0	1	1
46	4	6	1	5	0	0	3	1	5
47	2	4	0	1	0	0	0	0	4
48	4	0	0	1	0	0	1	0	7
49	1	7	4	0	0	0	0	0	6
50	2	4	0	1	0	0	1	0	2
51	1	3	0	0	0	0	1	3	6
52	1	2	1	5	0	0	1	1	1
53	0	3	1	1	0	0	0	0	2
54	0	0	1	1	0	0	0	0	2
55	0	3	1	1	0	0	0	0	2
56	3	0	0	6	0	0	0	0	2
57	2	2	0	4	0	0	1	0	2
58	1	3	1	0	0	0	0	0	2
59	1	0	0	3	0	0	1	0	0
60	1	4	0	2	0	0	1	0	0
61	5	4	0	0	0	0	0	0	1
62	2	2	0	4	0	0	1	2	1
63	1	2	1	0	0	0	1	0	1
64	2	3	3	6	0	0	1	0	2
65	0	2	0	1	0	0	0	0	2
66	5	2	1	6	0	0	1	0	2
67	2	3	1	0	0	0	0	0	2
68	2	4	1	0	0	0	1	0	2
69	4	5	0	4	0	0	1	0	4
70	2	2	0	1	0	0	1	0	2
71	0	3	0	1	0	0	1	0	2
72	0	3	3	3	0	0	0	0	0
73	1	3	1	3	0	0	0	0	0
74	1	3	1	1	0	0	0	0	0
75	2	2	1	2	0	0	3	0	0
76	0	3	1	4	0	0	0	0	0
77	2	3	1	2	0	0	0	0	0
78	0	0	1	4	0	0	3	0	0
79	1	0	0	5	0	0	0	0	0
80	2	2	1	5	0	0	1	0	0
81	2	0	0	5	0	0	0	0	0
82	2	3	1	2	0	0	1	0	0
83	2	3	2	4	0	0	0	0	0
84	3	0	3	5	0	2	0	0	0
85	7	0	5	0	0	0	0	0	6
86	1	2	4	0	0	0	1	0	6
87	4	0	0	1	0	0	0	0	4
88	2	3	1	1	0	0	0	1	1
89	1	2	0	5	0	0	1	1	2
90	5	2	2	5	0	0	0	1	2
91	1	4	0	1	0	0	1	0	0
92	1	2	1	0	0	0	0	0	2
93	5	2	2	0	0	0	1	4	1
94	2	0	0	1	0	0	0	0	2
95	1	3	3	1	0	0	3	0	6
96	3	1	0	4	0	0	0	0	4
97	0	1	3	4	0	0	1	0	0
98	4	6	3	1	0	0	1	0	0
99	0	0	1	1	0	0	3	0	2
100	5	0	4	1	0	0	0	0	6
101	5	2	3	0	0	0	0	0	6
102	2	3	0	4	0	0	3	0	2
103	2	7	1	1	0	0	0	2	1
104	2	4	1	1	0	0	0	0	2
105	1	0	4	0	0	0	1	0	6
106	1	4	1	0	0	0	1	0	2
107	5	3	1	0	0	0	0	0	2
108	3	0	0	0	0	0	2	0	2
109	7	0	0	1	0	0	1	0	2
110	1	2	0	5	0	1	0	0	8
111	1	3	3	1	0	0	0	0	1
112	5	4	1	0	0	0	0	4	1
113	1	2	0	5	0	0	0	0	1
114	1	3	0	0	0	0	1	5	1
115	1	2	0	2	0	0	0	0	0
116	0	1	1	5	0	0	0	0	0
117	2	2	1	5	0	0	0	0	0
118	5	3	0	1	0	0	4	0	0
119	2	2	2	1	0	0	1	0	0
120	0	0	4	1	0	0	0	0	0
121	2	3	1	5	0	0	1	0	0
122	3	0	1	5	0	0	1	0	0
123	0	0	0	5	0	0	1	1	0
124	2	3	4	4	0	0	1	0	6
125	0	0	1	0	0	0	0	0	0
126	1	4	1	0	0	0	1	0	1
127	1	1	0	2	0	0	1	0	0
128	2	3	1	6	0	0	0	0	1
129	1	2	1	5	0	0	0	2	2
130	2	0	1	0	0	0	0	0	2
131	1	0	0	4	0	0	0	1	2
132	0	3	1	1	0	0	3	0	2
133	0	3	0	5	0	0	1	0	1
134	5	0	1	0	0	0	0	0	1
135	5	3	0	1	0	0	1	1	2
136	1	0	0	1	0	0	1	4	6
137	2	3	0	0	0	0	1	0	1
138	5	4	1	0	0	0	0	0	2
139	2	4	2	1	0	0	2	0	1
140	1	2	1	0	0	0	0	0	2
141	0	3	0	5	0	0	1	0	1
142	0	0	1	0	0	0	3	0	1
143	5	2	3	1	0	0	0	0	1
144	1	0	1	0	0	0	1	0	2
145	7	4	2	6	0	0	1	4	1
146	0	3	0	0	0	0	0	0	2
147	1	3	0	4	0	0	1	0	2
148	7	4	0	4	0	0	1	6	1
149	2	4	0	0	0	0	0	0	1
150	0	3	0	0	0	0	0	0	1
151	1	4	1	0	0	0	1	2	2
152	1	4	3	4	0	0	0	1	1
153	1	2	0	1	0	0	1	1	2
154	5	1	0	0	0	0	1	0	1
155	1	4	0	0	0	0	1	0	1
156	1	2	1	6	0	0	0	0	2
157	3	1	0	3	0	0	1	1	1
158	2	2	1	0	0	0	0	0	1
159	3	0	0	5	0	0	2	0	0
160	1	2	6	1	0	0	1	1	2
160	1	2	6	1	0	0	1	1	2
161	2	3	0	0	0	0	1	0	2
162	1	3	0	0	0	0	1	2	1
163	0	3	1	0	0	0	1	0	1
164	5	2	3	0	0	0	1	0	6
165	1	2	3	0	0	0	0	0	6
166	7	3	4	1	0	0	0	0	6
167	1	2	3	4	0	0	0	2	6
168	7	2	4	0	0	0	0	2	6
169	5	2	1	1	0	0	0	1	1
170	2	0	3	0	0	0	0	0	2
171	3	2	0	1	0	0	0	0	2
172	7	2	1	0	0	0	0	0	2
173	1	1	3	5	0	0	1	0	0
174	1	4	0	4	0	2	1	0	8
175	5	4	1	4	0	0	1	1	1
176	2	4	0	4	0	0	0	0	1
177	1	4	1	1	0	0	0	0	1
178	1	2	1	3	0	0	0	0	2
179	7	4	6	0	0	0	1	0	2
180	2	2	0	0	0	0	0	0	2
181	2	4	0	0	0	0	0	0	2
182	1	0	1	2	0	0	1	0	2
183	2	0	2	1	0	0	2	0	2
184	5	3	0	0	0	0	1	0	2
185	5	0	0	0	0	0	1	0	2
186	5	2	0	1	0	0	2	0	2
187	0	3	0	1	0	0	1	0	2
188	5	2	0	0	0	0	1	0	2
189	4	1	3	1	0	0	0	0	3
190	0	1	4	4	0	0	1	0	0
191	1	2	1	1	0	0	1	0	2
192	2	3	0	2	0	0	1	0	0
193	0	3	0	2	0	0	0	0	0
194	2	3	1	2	0	0	0	0	0
195	0	0	1	5	0	0	0	0	0
196	3	0	4	1	0	0	1	0	0
197	3	0	3	1	0	0	1	0	0
198	1	2	3	4	0	0	0	0	0
199	0	0	3	4	0	0	1	0	0
200	1	4	2	0	0	0	3	0	0
201	2	2	0	5	0	0	1	0	0
202	1	0	3	3	0	0	0	0	0
203	0	0	4	1	0	0	0	0	0
204	2	6	3	4	0	0	0	0	0
205	2	3	1	2	0	0	0	0	0
206	2	0	3	2	0	0	5	0	0
207	2	2	3	5	0	0	3	0	0
208	2	2	1	3	0	0	0	0	0
209	5	0	3	2	0	0	0	0	0
210	2	2	0	2	0	0	0	0	0
211	3	1	0	1	0	0	0	0	0
212	2	3	0	1	0	0	0	0	2
213	5	1	0	1	0	0	1	0	2
214	2	2	1	0	0	0	1	0	2
215	4	6	1	1	0	0	0	0	4
216	2	2	1	5	0	0	1	0	0
217	3	5	3	1	0	0	1	0	3
218	4	6	1	1	1	0	1	0	9
219	3	0	1	1	0	0	2	1	7
220	2	3	3	0	0	0	0	0	6
221	0	3	0	0	0	0	0	0	1
222	0	2	1	1	0	0	3	0	2
223	0	2	1	1	0	0	3	0	2
224	0	3	0	0	0	0	0	0	1
225	2	4	2	1	0	0	3	0	1
226	5	4	1	0	0	0	5	0	1
227	3	0	3	1	0	0	1	0	5
228	5	3	1	0	0	1	3	0	8
229	1	2	1	0	0	0	0	0	1
230	5	2	1	2	0	0	0	1	1
231	5	4	4	0	0	0	1	1	6
232	4	6	0	1	0	0	0	0	4
233	4	6	1	1	0	0	0	0	4
234	1	3	1	0	0	0	0	0	2
235	1	3	6	0	0	0	1	0	2
235	1	3	6	0	0	0	1	0	2
236	2	2	0	4	0	0	1	0	0
237	1	3	6	0	0	0	2	0	0
238	1	3	0	0	0	0	0	0	0
239	2	3	1	0	0	0	0	0	0
240	1	0	6	1	0	0	1	0	0
241	1	7	1	4	0	0	1	7	2
242	7	7	0	0	0	0	1	2	2
243	2	3	1	0	0	0	0	0	2
244	1	1	0	2	0	0	1	2	0
245	7	4	2	0	0	0	0	0	0
246	2	2	4	1	0	0	1	0	6
247	5	2	4	1	0	0	1	0	6
248	1	3	0	1	0	2	0	0	8
249	0	0	1	1	0	0	1	1	1
250	1	7	0	0	0	0	3	0	1
251	0	2	1	0	0	0	0	0	1
252	5	1	3	6	0	0	1	0	7
253	7	4	1	4	0	0	3	1	1
254	5	2	1	1	0	0	0	1	1
255	1	4	0	1	0	0	0	0	1
256	7	8	1	0	0	0	0	0	1
257	2	3	1	1	0	0	0	1	1
258	5	7	0	0	0	0	0	0	1
259	1	3	1	1	0	0	0	0	2
260	4	2	0	0	0	0	1	0	2
261	0	3	0	0	0	0	0	1	1
262	1	7	1	1	0	0	3	0	1
263	2	0	1	3	0	0	1	1	0
264	1	4	1	0	0	0	0	0	1
265	2	3	0	6	0	0	0	0	1
266	2	0	0	1	0	0	1	0	1
267	2	2	3	0	0	0	1	0	5
268	1	4	1	0	0	0	0	0	2
269	1	2	0	8	0	0	0	3	1
270	2	3	4	0	0	0	0	2	6
271	0	3	1	0	0	0	1	0	2
272	0	7	1	0	0	0	0	0	1
273	5	3	0	1	0	0	0	0	1
274	6	0	4	6	0	0	1	0	5
275	1	2	1	0	0	0	1	0	2
276	2	3	0	1	0	0	0	0	2
277	5	4	1	0	0	0	0	0	1
278	5	3	4	1	0	0	1	1	6
279	4	1	4	1	0	0	1	0	3
280	2	2	1	0	0	0	1	2	2
281	1	3	1	4	0	0	1	0	2
282	1	3	1	4	0	0	1	0	2
283	5	2	3	0	0	0	1	0	6
284	2	6	3	0	0	0	0	0	6
285	3	3	3	1	0	0	1	0	5
286	0	0	3	0	0	0	1	0	6
287	2	0	0	4	0	0	1	0	2
288	0	0	3	0	0	0	1	0	5
289	0	0	0	0	0	0	1	0	2
290	8	0	3	1	0	0	1	0	5
291	2	3	0	0	0	0	1	0	2
292	0	0	3	1	0	0	0	0	6
293	0	3	3	0	0	0	1	0	6
294	5	2	3	0	0	0	0	0	6
295	5	2	1	0	0	0	1	0	2
296	5	4	0	0	0	0	0	0	5
297	0	0	0	0	0	0	1	0	2
298	2	1	3	0	0	0	1	0	6
299	3	3	3	0	0	0	0	0	5
300	2	2	0	4	0	0	1	2	1
301	5	0	0	0	0	0	1	2	1
302	4	6	0	4	1	0	1	0	9
303	4	5	0	4	0	0	0	0	4
304	5	2	0	0	1	0	1	1	2
305	1	3	0	0	0	0	0	0	2
306	0	0	0	1	0	0	0	0	2
307	0	0	3	0	0	0	1	0	2
308	7	2	0	0	0	0	0	0	2
309	0	0	1	1	0	0	1	0	2
310	0	0	0	1	0	0	1	0	2
311	3	0	1	0	0	0	0	1	2
312	1	4	4	0	0	0	1	0	6
313	2	3	3	1	0	0	0	0	6
314	1	2	5	0	0	0	0	0	6
315	5	2	0	6	0	0	0	2	1
316	4	6	3	4	0	0	3	0	4
317	3	0	0	0	0	2	1	0	8
318	1	3	3	1	0	0	1	0	8
319	5	4	1	0	0	0	1	0	2
320	4	1	0	1	0	0	1	0	3
321	2	0	0	0	0	0	2	3	1
322	1	3	3	0	0	0	0	0	6
323	6	6	4	5	0	0	1	1	3
324	4	5	3	5	0	0	1	0	5
325	1	2	1	0	0	0	1	0	2
326	2	2	1	0	0	0	0	0	2
327	1	4	0	2	0	0	0	0	2
328	5	4	4	1	0	0	1	0	6
329	3	0	0	4	0	0	1	0	2
330	5	3	4	1	0	0	1	0	6
331	6	1	4	8	0	0	0	2	3
332	2	0	1	1	0	0	1	0	2
333	5	2	2	1	0	0	0	0	1
334	2	1	1	4	0	0	1	1	2
335	2	4	3	1	0	0	1	0	2
336	0	0	0	0	0	0	1	0	2
337	0	0	1	0	0	0	4	2	1
338	1	3	3	0	0	0	0	0	6
339	1	2	0	0	0	0	0	0	1
340	2	3	0	0	0	0	0	0	2
341	0	0	0	1	0	0	1	0	1
342	2	2	4	1	0	0	1	0	6
343	5	1	1	4	0	0	1	1	1
344	3	1	3	4	0	0	1	0	3
345	7	7	1	1	0	0	0	0	1
346	1	2	0	0	0	0	0	0	2
347	2	4	0	0	0	0	0	2	2
348	1	4	0	0	0	0	0	0	2
349	5	4	0	0	0	0	1	0	2
350	0	0	0	1	0	0	0	1	2
351	1	3	3	0	0	0	1	1	2
352	5	4	0	0	0	0	0	4	2
353	1	3	0	0	0	0	1	0	2
354	0	3	1	0	0	0	1	0	1
355	5	4	1	0	0	0	1	0	1
356	7	3	0	4	0	0	0	0	1
357	2	3	1	0	0	0	0	0	1
358	9	4	0	6	0	0	1	0	1
359	1	3	1	0	0	0	0	0	1
360	0	2	1	0	0	0	0	0	2
361	6	1	1	5	0	0	1	0	5
362	1	2	1	0	0	0	0	0	2
363	0	2	0	0	0	0	1	0	2
364	0	3	0	0	0	0	1	0	2
365	2	4	4	0	0	0	1	0	6
366	2	3	0	0	0	0	0	1	2
367	2	2	0	0	0	0	1	0	2
368	2	2	0	0	0	0	1	0	2
369	2	4	0	0	0	0	0	0	2
370	1	4	1	0	0	0	1	0	2
371	1	3	1	0	0	0	0	1	1
372	2	2	1	0	0	0	0	1	2
373	5	1	0	0	0	0	0	1	1
374	7	4	4	6	0	0	0	1	6
375	4	3	0	6	0	0	1	1	2
376	3	3	3	0	0	0	1	0	5
377	5	3	0	0	0	0	0	0	2
378	1	3	0	4	0	0	1	0	2
379	5	2	0	0	0	0	0	0	2
380	2	2	1	1	0	0	1	0	2
381	1	4	0	0	0	0	0	4	1
382	1	3	0	0	0	0	1	2	2
383	0	3	1	6	0	0	0	0	1
384	0	3	1	0	0	0	0	0	1
385	0	2	0	1	0	0	1	1	2
386	0	2	0	1	0	0	0	1	2
387	1	0	1	1	0	0	0	2	1
388	3	3	0	5	0	0	0	0	0
389	1	3	2	0	0	0	1	0	2
390	0	3	3	2	0	0	1	3	1
391	2	3	2	0	0	0	5	0	1
392	7	3	1	0	0	0	0	0	1
393	0	0	2	4	1	0	2	1	1
394	7	4	0	0	0	0	0	2	2
395	1	0	1	0	0	0	1	0	1
396	1	2	1	1	0	0	1	1	1
397	0	0	0	2	0	0	1	0	0
398	2	4	0	0	0	0	0	0	2
399	5	2	1	0	0	0	3	1	2
400	2	2	1	3	0	0	0	0	0
401	2	2	0	0	0	0	1	0	2
402	1	2	1	0	0	0	1	0	2
403	1	2	2	0	0	0	1	1	1
404	5	4	1	1	0	0	0	7	1
404	5	4	1	1	0	0	0	7	1
405	1	4	1	2	0	0	3	7	1
405	1	4	1	2	0	0	3	7	1
406	2	2	3	1	0	0	1	0	6
407	2	0	0	6	0	0	1	2	1
408	0	0	0	1	0	0	0	2	1
409	0	2	1	0	0	0	1	0	2
410	2	0	4	4	0	0	1	0	6
411	2	1	4	5	0	0	1	0	6
412	5	7	2	4	0	0	0	0	1
413	2	3	1	1	0	0	0	0	1
414	2	4	1	0	0	0	0	0	1
413	2	3	1	1	0	0	0	0	1
415	2	3	1	0	0	0	0	1	1
416	5	1	0	1	0	0	0	1	1
417	2	2	0	0	0	0	1	2	1
418	5	7	4	1	0	0	1	0	6
419	6	5	4	4	0	0	1	2	3
420	1	4	0	1	0	0	3	0	1
421	0	3	0	0	0	0	1	2	2
422	5	4	2	0	0	0	1	0	1
423	2	3	1	1	0	0	0	0	0
424	3	0	0	0	0	0	0	0	2
425	1	2	1	0	0	0	1	0	2
426	5	0	4	1	0	0	0	0	6
427	1	3	0	3	0	0	1	0	0
428	1	2	0	8	0	0	0	0	0
429	0	3	0	0	0	0	1	2	2
430	1	3	0	4	0	0	0	0	1
431	1	3	0	4	0	0	0	0	1
432	5	4	2	0	0	0	1	1	1
433	5	4	2	0	0	0	1	1	1
434	2	1	0	2	0	0	1	0	0
435	1	7	0	1	0	0	1	0	2
436	1	2	0	1	0	0	0	0	2
437	5	3	4	1	0	0	0	0	6
438	2	2	4	1	0	0	0	0	6
439	5	2	4	1	0	0	0	0	6
440	1	2	4	0	0	0	0	0	6
441	1	2	3	0	0	0	0	0	6
442	1	0	4	0	0	0	0	0	6
443	1	0	4	0	0	0	0	0	6
444	1	2	4	0	0	0	1	0	6
445	2	3	1	6	0	0	0	0	8
446	2	3	0	5	0	0	1	0	0
447	1	3	1	3	0	0	1	0	0
448	2	2	2	0	0	0	1	0	2
449	2	3	0	5	0	0	0	0	0
450	2	3	0	5	0	0	1	0	0
451	2	2	0	0	0	0	1	0	2
452	2	3	0	5	0	0	0	0	0
453	1	0	1	8	0	0	0	0	0
454	0	0	1	3	0	0	0	0	0
455	2	2	2	0	0	0	1	0	1
456	3	3	1	1	0	0	0	0	0
457	5	3	0	1	0	0	0	0	0
458	2	0	2	5	0	0	3	7	0
459	2	4	3	0	0	0	0	0	2
460	0	2	1	0	0	0	0	0	1
461	1	4	1	0	0	0	0	2	1
462	1	3	1	1	0	0	1	0	2
463	2	0	3	0	0	0	1	0	6
464	1	2	3	0	0	0	1	0	6
465	6	6	4	8	0	0	1	3	3
466	0	3	0	1	0	0	0	0	0
467	0	0	0	0	0	0	1	0	0
468	2	2	4	1	0	0	0	1	6
469	5	3	4	4	0	0	0	1	6
470	1	4	2	0	0	0	6	0	1
471	2	2	3	4	0	0	1	4	6
472	3	3	3	1	0	0	2	0	5
473	2	2	0	1	0	0	0	1	1
474	1	2	0	5	0	0	1	0	0
475	5	4	4	0	0	0	1	0	6
476	1	3	3	0	0	0	0	0	6
477	3	1	3	4	0	0	0	1	3
478	4	6	4	4	0	0	0	0	5
479	3	0	3	1	0	0	1	0	6
480	2	2	4	4	0	0	1	0	6
481	1	7	1	0	0	0	0	0	2
482	7	4	3	1	0	0	0	0	1
483	6	3	4	4	1	0	1	0	9
484	5	4	1	4	0	0	0	0	1
485	0	3	0	1	0	0	1	1	1
486	3	0	4	5	0	0	2	1	3
487	3	1	3	4	0	0	1	0	3
488	2	3	1	2	0	0	0	0	0
489	2	3	1	2	0	0	0	2	0
490	6	0	3	1	0	0	1	0	4
491	6	6	4	4	0	0	0	0	4
492	2	2	0	0	0	0	0	1	6
493	5	4	0	1	0	0	0	1	6
494	0	3	0	0	0	0	0	0	1
495	1	3	1	2	1	0	0	0	2
496	1	3	1	9	0	0	0	0	2
497	1	4	1	1	0	0	0	0	1
498	6	5	0	2	0	0	4	0	3
499	7	3	1	0	0	0	1	0	2
500	6	6	1	5	0	0	1	0	5
501	6	9	0	4	1	0	1	1	9
502	5	3	4	4	0	0	0	0	6
503	6	5	1	4	0	0	5	0	4
504	1	2	1	0	0	0	0	1	2
505	2	3	1	1	0	0	1	0	1
506	4	0	3	4	0	0	1	0	5
507	4	6	1	4	0	0	0	0	5
508	0	6	3	4	0	0	1	0	5
509	8	0	4	5	0	0	1	0	5
510	5	2	1	0	0	0	3	0	0
511	1	3	3	1	0	0	0	0	6
512	2	3	1	2	0	0	0	0	2
513	1	4	0	0	0	0	1	0	7
514	1	4	0	1	0	0	0	1	1
515	2	0	0	3	0	0	0	0	0
516	6	3	0	0	0	0	0	0	5
517	5	4	0	0	0	0	1	0	5
518	2	2	0	0	0	0	1	1	2
519	2	3	0	0	0	0	1	0	2
520	1	2	3	0	0	0	0	2	1
521	2	0	1	0	0	0	0	0	0
522	1	2	3	0	0	0	0	0	6
523	3	3	1	3	0	0	0	1	0
524	2	2	0	1	0	0	1	0	1
525	2	3	0	5	0	0	1	0	0
526	1	8	4	1	0	0	0	0	6
527	2	2	0	0	0	0	0	0	2
528	1	3	3	0	0	0	1	6	1
529	1	2	0	0	0	0	0	0	2
530	2	3	1	2	0	0	0	0	1
531	0	0	1	0	0	0	0	1	1
532	1	4	1	0	0	0	2	0	1
533	4	3	0	1	0	0	1	2	5
534	2	0	2	0	0	0	0	2	1
535	2	4	2	0	0	0	1	0	2
536	1	4	4	1	0	0	1	0	6
537	1	4	1	0	0	0	0	0	2
538	5	4	1	1	0	0	1	0	1
539	1	4	4	1	0	0	1	0	6
540	5	4	1	1	0	0	1	0	1
541	2	3	1	1	0	0	0	0	2
542	2	0	1	3	0	0	0	0	0
543	2	3	1	5	0	0	1	0	0
544	3	0	3	1	0	0	0	0	0
545	1	2	0	0	0	0	1	0	0
546	4	0	0	5	0	0	1	0	0
547	2	3	0	0	0	0	3	4	1
548	9	3	0	0	0	0	7	0	1
549	7	4	0	4	0	0	0	4	1
550	2	3	0	0	0	0	0	2	1
551	0	3	0	5	0	0	1	0	0
552	0	0	0	0	0	0	1	0	2
553	3	0	0	0	0	2	1	0	8
554	1	3	1	2	0	0	0	0	0
555	2	2	3	5	0	0	0	0	6
556	3	3	3	1	0	0	0	0	5
557	2	2	0	1	0	0	0	0	2
558	5	2	1	1	0	0	0	0	0
559	1	0	0	1	0	0	1	0	1
560	2	3	0	5	0	0	0	0	0
561	2	3	0	3	0	0	1	0	0
562	3	3	3	1	0	0	0	0	1
563	3	1	0	0	0	0	1	0	4
564	2	0	4	1	0	0	1	0	6
565	2	3	0	0	0	0	0	0	1
566	1	3	2	1	0	0	0	1	1
567	0	2	3	0	0	0	1	0	2
568	1	2	0	0	0	0	0	0	2
569	5	3	1	0	0	0	1	0	2
570	1	5	1	0	0	0	0	1	1
571	2	0	0	1	0	0	1	0	1
572	5	2	1	1	0	0	0	0	2
573	1	2	1	1	0	0	3	0	4
574	4	6	1	4	0	0	3	0	4
575	4	6	0	4	0	0	0	0	4
576	1	3	2	3	0	0	0	0	0
577	3	3	0	5	0	0	1	0	0
578	2	3	1	5	0	0	0	1	0
579	2	3	1	0	0	0	1	0	1
580	5	4	1	0	0	0	1	2	1
581	1	4	1	0	0	0	3	2	1
582	2	2	1	2	0	0	0	3	0
583	0	0	0	1	0	0	1	0	0
584	1	1	0	3	0	0	1	2	0
585	3	3	0	0	0	0	1	1	1
586	1	3	2	0	0	0	0	0	2
587	1	3	1	1	0	2	0	0	8
588	3	1	4	2	0	0	0	0	5
589	4	3	4	4	0	0	0	0	5
590	6	3	3	1	0	0	1	1	5
591	3	3	1	1	0	0	3	0	0
592	0	2	0	4	0	0	0	2	1
593	1	1	0	7	0	0	0	1	0
594	0	0	3	1	0	0	0	0	0
595	1	7	1	0	0	0	1	1	1
596	0	0	1	4	0	0	0	0	0
597	5	2	1	5	0	0	0	0	0
598	2	2	1	4	0	0	0	0	0
599	1	3	1	0	0	0	1	0	0
600	0	2	2	1	0	0	0	7	0
601	2	3	1	4	0	0	0	0	0
602	1	3	1	3	0	0	0	0	0
603	2	2	2	4	0	0	0	0	0
604	0	3	1	4	0	2	1	0	0
605	1	4	2	0	0	0	1	0	0
606	0	0	2	2	0	0	0	0	0
607	2	2	1	1	0	0	0	0	0
608	1	3	1	5	0	0	3	1	0
609	1	2	2	4	0	0	2	7	0
610	1	2	2	4	0	0	0	0	0
611	0	3	2	4	0	0	3	7	0
612	0	0	1	1	0	0	0	0	0
613	0	0	1	4	0	0	0	0	0
614	0	0	1	1	0	0	0	0	0
615	0	3	2	5	0	0	0	0	0
616	0	2	1	0	0	0	0	0	0
617	5	4	1	5	0	0	0	0	0
618	2	3	2	4	0	0	0	0	0
619	0	0	1	5	0	0	0	0	0
620	2	3	1	4	0	0	0	0	0
621	0	3	1	5	0	0	0	0	0
622	3	3	1	2	0	0	0	0	0
623	1	3	1	5	0	0	0	0	0
624	0	3	0	2	0	0	0	1	0
625	0	2	0	4	0	0	0	0	0
626	2	0	0	3	0	0	1	1	0
627	2	0	0	0	0	0	0	0	0
628	1	6	0	0	0	0	0	0	0
629	4	6	4	1	0	0	0	0	3
630	2	3	0	5	0	0	1	1	0
631	1	4	0	1	0	0	0	0	0
632	2	2	0	2	0	0	0	0	0
633	5	2	3	0	0	0	1	1	1
634	2	0	0	1	0	0	1	0	1
635	2	2	3	5	0	0	1	0	1
636	2	3	0	3	0	0	0	0	0
637	2	3	0	5	0	0	0	0	0
638	2	4	2	0	0	0	3	0	1
639	2	2	1	0	0	0	1	1	1
640	2	3	2	1	0	0	1	4	1
641	0	0	0	1	0	0	1	0	0
642	1	2	1	4	0	0	0	0	0
643	0	0	1	3	0	0	1	0	0
644	0	0	0	5	0	0	1	0	0
645	0	2	1	0	0	0	0	0	0
646	2	3	1	4	0	0	0	0	0
647	1	2	1	3	0	0	0	0	0
648	1	3	1	4	0	0	0	0	0
649	0	2	0	1	0	0	1	0	2
650	1	2	1	0	0	0	1	0	0
651	2	2	1	1	0	0	0	2	1
652	1	4	0	0	0	0	0	0	1
653	0	4	3	1	0	0	0	0	2
654	2	2	0	1	1	0	0	0	2
655	1	2	0	0	0	0	0	0	2
656	1	0	0	0	0	0	5	0	4
657	0	3	0	1	0	0	1	1	1
658	2	0	1	0	0	0	0	0	4
659	4	6	4	4	0	0	3	0	3
660	1	2	4	1	0	0	0	0	6
661	2	0	1	0	0	0	0	0	2
662	0	0	0	0	0	0	5	0	1
663	1	7	1	0	0	0	3	0	1
664	2	2	1	5	0	0	1	0	0
665	0	3	0	5	0	0	0	0	0
666	5	2	0	0	0	0	0	0	2
667	5	3	1	4	0	0	0	0	0
668	5	4	1	1	0	0	0	0	1
669	2	4	1	5	0	0	1	1	2
670	0	0	3	2	0	0	0	1	2
671	4	0	1	0	0	0	1	0	5
672	2	0	3	4	0	0	0	1	1
673	2	0	0	1	0	0	0	1	1
674	2	0	0	5	0	0	1	0	0
675	2	3	1	2	0	0	1	1	1
676	5	2	1	1	0	0	0	4	1
677	5	2	0	0	0	0	2	7	1
678	1	4	2	1	0	0	0	0	1
679	9	2	2	0	0	0	0	0	1
680	1	3	3	0	0	0	1	1	1
681	2	3	1	0	0	0	2	0	2
682	5	3	3	1	0	0	0	0	2
683	5	7	0	0	0	0	1	0	1
684	2	2	0	0	0	0	1	0	2
685	5	2	1	1	0	0	1	0	1
686	1	7	1	4	0	0	1	4	1
687	5	3	1	0	0	0	1	6	1
688	1	8	0	1	0	0	0	1	1
689	1	4	2	0	0	0	0	0	1
690	6	2	1	5	0	0	2	0	1
691	5	3	1	0	0	0	2	0	1
692	5	4	1	1	0	0	0	0	2
693	4	1	0	1	0	0	1	1	0
694	2	2	0	0	0	0	0	2	1
695	2	4	0	0	0	0	1	0	1
696	0	6	0	0	0	0	0	0	1
697	1	2	1	5	0	0	1	3	1
698	6	3	1	0	0	0	0	0	1
699	6	0	1	4	0	0	3	0	1
700	3	3	0	1	0	0	1	0	1
701	7	4	1	1	0	0	1	1	1
702	3	0	0	6	1	0	0	0	1
703	6	0	3	2	0	0	0	1	5
704	1	4	3	0	0	0	0	0	5
705	4	0	3	0	0	0	2	0	0
706	2	0	4	0	0	0	1	0	0
707	4	1	2	4	0	0	0	1	0
708	1	3	1	1	0	0	1	0	0
709	0	3	1	0	0	0	5	0	1
710	2	3	0	1	0	0	0	0	6
711	1	2	0	6	0	0	0	3	1
712	5	2	0	0	0	0	0	4	1
713	1	7	1	0	0	0	2	0	0
714	4	1	3	1	0	0	1	0	5
715	2	7	1	0	0	2	1	0	8
716	7	3	1	0	0	0	0	0	2
717	3	4	0	0	0	0	3	1	2
718	0	3	0	1	0	0	0	1	1
719	0	3	0	1	0	0	0	0	2
720	2	3	1	0	0	0	0	0	8
721	2	2	1	1	0	0	1	0	8
722	3	0	3	5	0	0	3	0	8
723	2	3	1	1	0	0	0	0	8
724	1	2	2	0	0	0	2	0	2
725	2	3	4	0	0	0	1	0	6
726	0	3	1	2	0	0	1	0	0
727	2	3	1	3	0	0	0	0	0
728	2	2	1	0	0	0	0	1	2
729	2	2	1	1	0	0	1	0	2
730	2	2	0	0	0	0	0	1	2
731	2	2	0	0	0	0	0	0	2
732	2	0	0	6	0	0	1	0	2
733	1	0	0	6	0	0	0	0	2
734	3	5	0	1	1	0	1	0	9
735	5	4	0	0	0	0	1	1	1
736	0	2	3	5	0	0	0	1	1
737	1	3	3	0	0	0	0	1	6
738	5	2	1	0	0	0	0	0	1
739	1	0	1	5	0	0	1	0	0
740	4	5	4	1	0	0	1	1	3
741	7	2	5	0	0	0	3	0	7
742	2	2	0	1	0	0	1	0	7
743	4	6	1	1	0	0	1	0	7
744	1	3	0	1	0	0	1	0	7
745	1	4	1	0	0	0	1	0	7
746	3	2	1	1	0	0	1	0	1
747	2	4	0	5	0	0	0	1	0
748	1	3	0	5	0	0	0	0	0
749	4	0	3	4	0	0	0	0	0
750	0	1	0	4	0	0	5	0	0
751	2	2	1	4	0	0	1	0	0
752	7	7	1	0	0	0	1	1	0
753	0	2	1	1	0	0	0	0	0
754	2	3	0	4	0	1	0	0	0
755	0	0	0	3	0	0	0	0	0
756	2	0	2	1	0	0	0	0	0
757	0	3	0	0	0	0	0	0	2
758	0	2	0	1	0	0	0	0	2
759	1	2	0	0	1	0	1	0	2
760	2	3	1	0	0	0	3	0	2
761	1	3	1	1	0	0	3	4	1
762	1	2	1	1	0	0	0	0	2
763	2	2	0	0	0	0	1	0	2
764	1	2	1	0	0	0	1	0	2
765	7	4	1	0	0	0	1	0	2
766	2	2	1	1	0	0	0	0	1
767	4	1	0	1	0	0	0	0	4
768	4	1	0	1	0	0	0	0	4
769	1	0	0	0	0	0	1	0	2
770	4	1	0	1	0	0	0	0	4
771	1	2	1	1	0	0	0	0	1
772	4	6	0	1	0	0	0	0	4
773	1	6	4	1	0	0	0	2	6
774	2	3	3	0	0	0	1	1	1
775	1	2	3	0	0	0	1	0	6
776	1	4	1	0	0	0	0	0	1
777	5	7	4	0	0	0	1	0	6
778	2	2	1	5	0	0	0	0	1
779	0	0	0	3	0	0	0	1	0
780	1	2	3	1	0	0	0	2	1
781	2	3	1	8	0	0	1	1	0
782	4	6	0	1	0	0	5	0	4
783	4	1	0	1	0	0	4	0	4
784	4	1	0	1	0	0	5	0	4
785	2	0	0	1	0	0	0	0	6
786	4	1	3	1	0	0	1	0	3
787	2	0	4	4	0	0	0	2	6
788	7	3	4	0	0	0	1	1	6
789	1	4	4	0	0	0	0	1	7
790	2	3	1	0	0	0	1	0	2
791	8	1	5	4	0	0	5	0	5
792	8	1	4	5	0	0	5	0	5
793	1	2	4	1	0	0	1	1	6
794	1	3	4	0	0	0	1	1	6
795	1	3	0	0	0	0	0	1	1
796	5	3	3	0	0	0	0	0	6
797	7	3	4	1	0	0	0	0	6
798	2	3	0	0	0	0	1	0	1
799	5	4	1	0	0	0	0	0	1
800	2	3	0	0	0	0	0	1	1
801	5	3	0	1	0	0	1	1	1
802	7	4	0	1	0	0	0	0	1
803	2	1	1	0	0	0	1	0	1
804	0	3	1	1	0	0	1	0	1
805	1	3	3	0	0	0	1	0	1
806	2	2	1	1	0	0	4	0	1
807	1	4	0	4	0	0	0	0	8
808	3	3	4	0	0	0	2	0	6
809	1	0	1	4	0	0	0	0	0
810	1	2	1	0	0	0	1	0	2
811	1	7	0	1	0	0	1	0	1
812	2	3	0	1	0	0	1	0	2
813	4	1	0	0	0	0	1	1	7
814	3	1	0	1	0	0	1	0	7
815	0	3	1	2	0	0	1	0	7
816	2	0	1	0	0	0	0	0	2
817	1	0	1	1	0	0	0	0	2
818	2	0	0	0	0	0	0	0	2
819	1	3	1	0	0	0	0	0	2
820	2	2	1	0	0	0	0	0	2
821	2	2	1	1	0	0	3	0	2
822	5	4	1	0	0	0	0	0	1
823	1	3	1	2	0	0	0	0	1
824	0	3	0	0	0	0	0	0	2
825	4	0	0	0	0	0	1	0	2
826	0	0	1	0	0	0	0	2	1
827	5	4	0	6	0	0	0	0	1
828	2	2	1	4	0	0	0	0	1
829	5	7	0	4	0	0	0	0	1
830	1	7	1	6	0	0	0	2	1
831	3	4	0	0	0	0	0	1	1
832	0	2	0	0	0	0	0	0	1
833	2	4	0	0	0	0	1	0	1
834	5	3	0	0	0	0	0	0	1
835	5	4	1	0	0	0	0	1	1
836	5	8	1	0	1	0	1	2	1
837	2	2	1	1	0	0	0	1	1
838	1	7	0	6	0	0	0	2	1
839	2	4	1	1	0	0	0	1	1
840	1	2	0	0	0	0	1	0	2
841	7	3	1	0	0	0	1	0	2
842	2	3	1	1	0	0	1	0	2
843	2	3	0	4	0	0	0	0	2
844	0	2	0	5	0	0	0	0	2
845	2	2	3	3	0	0	0	0	0
846	5	2	0	2	0	0	0	1	1
847	4	3	4	4	0	0	0	0	5
848	2	2	1	0	0	0	3	0	2
849	1	7	0	4	0	0	1	0	2
850	5	4	3	0	0	0	1	1	6
851	2	3	1	0	0	0	5	0	2
852	5	2	1	0	0	0	0	0	2
853	2	3	1	0	0	0	1	0	2
854	0	0	0	5	0	0	1	0	0
855	1	3	0	5	0	0	1	0	0
856	5	2	3	5	0	0	1	0	1
857	0	3	4	1	0	0	0	0	6
858	1	2	0	1	0	0	0	1	2
859	1	2	0	1	0	0	0	1	2
860	0	3	0	1	0	0	1	0	2
861	2	0	0	1	0	0	1	0	0
862	2	2	1	4	0	0	1	0	0
863	0	3	1	0	0	0	1	0	0
864	0	0	1	0	0	0	1	0	0
865	1	4	1	0	0	0	0	0	0
866	3	3	3	4	0	0	0	0	0
867	7	2	0	0	0	0	0	1	1
868	0	4	1	0	0	0	3	0	1
869	1	8	1	6	0	0	0	0	1
870	5	7	0	4	0	0	0	3	1
871	2	3	1	0	0	0	0	1	1
872	1	2	1	1	0	0	0	2	1
873	1	3	1	0	0	0	0	0	1
874	2	2	0	0	0	0	0	0	1
875	2	3	0	0	0	0	0	0	1
876	5	7	0	0	0	0	0	8	1
877	5	3	0	0	0	0	0	4	1
878	1	3	0	1	0	0	0	0	1
879	2	0	1	0	0	0	0	0	1
880	5	4	1	1	0	0	0	1	1
881	1	2	0	4	0	0	0	0	1
882	0	3	1	6	0	0	0	0	1
883	1	3	1	1	0	0	0	1	1
884	2	2	1	5	0	0	1	0	1
885	2	3	0	1	0	0	1	6	1
886	1	3	0	1	0	0	1	2	1
887	2	0	0	1	0	0	1	3	1
888	0	2	0	2	0	0	1	0	2
889	1	0	0	0	0	0	0	0	2
890	2	3	1	0	0	0	0	1	1
891	0	2	1	0	0	0	0	0	2
892	3	3	1	0	0	0	3	0	2
893	2	2	1	4	0	0	0	0	1
894	1	2	3	3	0	0	1	0	0
895	0	4	1	0	0	0	0	1	1
896	2	1	0	1	0	0	3	0	1
897	1	4	1	0	0	0	0	0	1
898	1	2	1	0	0	0	3	0	1
899	0	3	0	0	0	0	0	1	1
900	1	1	3	0	0	0	1	0	6
901	5	3	1	1	0	0	0	2	1
902	5	2	1	1	0	0	0	0	1
903	1	2	1	6	0	0	0	0	1
904	0	3	1	1	0	0	0	0	1
905	2	2	1	0	0	0	0	1	1
906	5	0	0	1	0	0	0	0	1
907	2	2	1	1	0	0	0	0	1
908	1	1	4	1	0	0	1	0	1
909	1	8	1	1	0	0	0	0	1
910	0	3	0	4	0	0	3	1	2
911	0	2	0	4	0	0	1	0	2
912	5	2	3	1	0	0	1	4	1
913	2	4	2	5	0	0	0	0	0
914	1	2	0	1	0	0	0	0	0
915	2	3	0	2	0	0	1	0	0
916	1	3	1	1	0	0	0	0	1
917	1	3	0	0	0	0	2	0	2
918	0	3	4	5	0	0	0	0	1
919	5	0	0	1	0	0	0	0	1
920	2	2	0	4	0	0	0	0	1
921	2	4	2	4	0	0	3	1	1
922	1	2	2	0	0	0	3	1	1
923	1	2	1	1	0	0	0	0	2
924	1	4	1	1	0	0	0	0	2
925	2	3	1	0	0	0	0	0	2
926	1	3	1	1	0	0	0	7	2
926	1	3	1	1	0	0	0	7	2
927	0	4	1	4	0	0	0	0	2
927	0	4	1	4	0	0	0	0	2
928	1	4	1	4	0	0	3	7	2
929	1	4	1	4	0	0	3	7	2
930	2	4	1	0	0	0	0	0	2
931	3	3	0	6	0	0	1	0	1
932	5	2	1	1	0	0	0	0	1
933	0	3	1	0	0	0	0	1	1
934	0	4	3	1	0	0	1	0	1
935	0	3	2	1	0	0	1	0	1
936	2	2	2	0	0	0	1	0	1
937	5	3	0	0	0	0	0	0	1
938	2	0	1	0	0	0	0	0	1
939	1	2	1	5	0	0	0	4	1
940	1	7	1	0	0	0	0	0	1
941	7	4	1	0	0	0	0	0	1
942	2	2	1	1	0	0	1	0	1
943	1	3	1	1	0	0	0	0	1
944	5	2	0	4	0	0	3	0	1
945	2	3	2	1	0	0	3	0	1
946	1	3	0	4	0	0	0	1	1
947	5	0	2	0	0	0	0	0	1
948	0	2	2	1	0	0	8	1	1
949	5	2	1	0	0	0	0	0	1
950	1	4	1	1	0	0	1	0	1
951	5	3	1	1	0	0	1	1	1
952	5	2	0	0	0	0	0	1	1
953	5	7	0	0	0	0	1	0	1
954	5	4	0	5	0	0	0	2	2
955	1	4	6	0	0	0	5	0	2
955	1	4	6	0	0	0	5	0	2
956	0	2	0	1	0	0	3	7	2
957	0	2	0	1	0	0	3	7	2
958	0	3	0	0	0	0	1	1	2
958	0	3	0	0	0	0	1	1	2
959	0	3	1	0	0	0	0	0	2
960	0	3	1	0	0	0	1	1	2
960	0	3	1	0	0	0	1	1	2
961	1	3	0	0	0	0	0	7	2
962	5	3	0	0	0	0	0	7	2
963	5	2	2	5	0	0	5	0	2
964	3	4	2	4	0	0	3	7	2
964	3	4	2	4	0	0	3	7	2
965	1	4	2	5	0	0	1	7	2
966	0	2	1	1	0	0	0	7	2
967	0	0	0	1	0	0	3	0	2
967	0	0	0	1	0	0	3	0	2
968	1	4	2	0	0	0	0	0	2
969	1	4	2	0	0	0	3	0	2
970	0	2	0	1	0	0	1	0	2
971	1	2	1	1	0	0	0	7	2
972	1	2	2	1	0	0	0	0	2
973	1	2	2	1	0	0	0	0	2
974	5	4	2	4	0	0	5	7	2
974	5	4	2	4	0	0	5	7	2
975	1	7	7	8	0	0	4	9	2
976	5	8	8	8	0	0	6	9	2
976	5	8	8	8	0	0	6	9	2
977	0	4	0	5	0	0	0	0	2
978	0	4	0	4	0	0	1	0	2
979	2	2	1	5	0	0	0	0	2
980	5	4	1	0	0	0	0	2	2
981	2	2	1	0	0	0	0	0	2
982	2	3	0	6	0	0	1	0	2
983	3	0	0	0	0	0	8	0	2
984	3	3	1	1	0	0	8	0	2
985	3	0	0	0	0	0	8	0	2
986	4	6	1	1	0	0	8	0	2
987	1	3	0	4	0	0	1	0	0
988	1	0	1	1	0	0	0	0	1
989	0	0	0	0	0	0	1	1	1
990	2	3	0	5	0	0	0	0	0
991	1	4	0	1	0	0	3	1	2
992	2	2	2	1	0	0	0	0	2
993	2	2	2	1	0	0	0	0	2
994	5	2	1	1	0	0	3	7	2
994	5	2	1	1	0	0	3	7	2
995	2	2	0	4	0	0	0	0	2
996	1	4	1	1	0	0	0	0	2
996	1	4	1	1	0	0	0	0	2
997	1	3	2	0	0	0	0	0	2
998	1	3	1	5	0	0	1	0	2
999	1	3	1	5	0	0	1	0	2
1000	1	0	1	0	0	0	0	0	2
1001	1	0	1	0	0	0	3	0	2
1002	1	3	0	5	0	0	1	7	2
1002	1	3	0	5	0	0	1	7	2
1003	2	3	1	0	0	0	0	0	2
1004	0	3	1	1	0	0	0	7	2
1005	2	3	2	1	0	0	5	7	2
1006	1	3	2	1	0	0	2	4	2
1007	2	0	1	4	0	0	0	0	2
1007	2	0	1	4	0	0	0	0	2
1008	5	7	2	5	0	0	0	1	2
1008	5	7	2	5	0	0	0	1	2
1009	0	0	0	0	0	0	0	2	1
1010	1	4	0	1	0	0	3	0	1
1011	1	2	1	6	0	0	0	0	1
1012	2	2	1	1	0	0	0	0	2
1013	5	4	0	4	0	0	0	0	2
1014	0	3	3	6	0	0	0	0	6
1015	2	2	0	1	0	0	0	0	2
1016	5	7	1	1	0	0	0	2	2
1017	4	5	3	1	0	0	0	0	3
1018	0	3	1	0	0	0	0	0	2
1019	2	3	0	1	0	0	1	3	2
1020	1	9	3	5	0	0	0	0	0
1021	0	2	0	0	0	0	0	0	2
1022	1	2	4	0	0	0	1	0	6
1023	2	3	0	5	0	0	1	0	0
1024	1	3	1	0	0	0	1	0	1
1025	0	0	0	2	0	0	0	0	0
1026	2	3	1	2	0	0	0	0	0
1027	2	0	3	2	0	0	0	0	0
1028	2	0	0	2	0	0	1	0	0
1029	1	2	0	0	0	0	1	0	2
1030	0	3	0	0	0	0	1	1	2
1031	6	1	0	0	0	0	0	0	3
1032	2	3	3	0	0	0	1	0	5
1033	2	4	1	6	0	0	0	0	2
1034	1	2	1	0	0	0	1	0	2
1035	2	3	0	0	0	0	1	0	2
1036	1	2	1	0	0	0	1	0	2
1037	5	2	0	0	0	0	1	0	2
1038	0	3	0	0	0	0	0	0	2
1039	1	2	3	0	1	0	0	0	5
1040	1	1	0	1	0	0	1	0	2
1041	0	3	4	1	0	0	0	0	5
1042	1	3	0	6	0	0	0	0	2
1043	1	3	1	1	0	0	1	0	2
1044	2	3	1	0	0	0	1	1	2
1045	2	3	4	1	0	0	1	0	6
1046	1	4	0	0	0	0	0	0	2
1047	2	1	4	1	0	0	0	0	6
1048	2	2	4	0	0	0	0	0	6
1049	3	1	3	0	0	0	1	0	6
1050	1	2	1	0	0	0	1	0	2
1051	1	1	3	0	0	0	0	0	5
1052	5	2	0	0	0	0	0	1	5
1053	0	3	1	0	0	0	0	0	2
1054	2	3	0	1	0	0	1	1	2
1055	1	7	2	0	0	0	3	2	2
1056	2	3	1	1	0	0	1	0	0
1057	4	6	3	4	0	0	3	0	3
1058	2	3	3	6	1	0	1	0	6
1059	1	7	4	1	0	0	3	0	6
1060	2	4	0	1	0	0	1	5	1
1061	2	3	0	1	0	0	0	0	1
1062	5	4	1	0	0	0	1	1	2
1063	2	3	0	0	0	0	0	0	1
1064	2	0	1	4	0	0	0	0	1
1065	3	6	1	1	0	0	0	0	7
1066	6	1	4	4	0	0	1	0	3
1067	0	0	0	0	0	0	1	0	0
1068	2	3	1	5	0	0	1	0	0
1069	2	3	0	1	0	0	1	0	2
1070	3	0	4	0	0	0	1	0	5
1071	1	2	2	3	0	0	3	0	2
1072	2	2	1	0	0	0	0	0	1
1073	1	3	1	1	0	0	0	0	1
1074	1	0	0	0	0	0	0	0	1
1075	1	2	1	4	0	0	3	0	1
1076	1	2	1	5	0	0	0	1	1
1077	1	7	0	1	0	0	1	1	1
1078	2	3	0	1	0	0	1	2	1
1079	5	2	1	1	0	0	1	2	1
1080	0	3	1	0	0	0	1	0	2
1081	5	2	0	0	0	0	0	1	1
1082	5	0	0	0	0	0	1	0	1
1083	1	2	4	4	0	0	1	0	6
1084	1	3	1	1	0	0	3	0	1
1085	2	3	1	0	0	0	1	3	1
1086	5	3	0	0	0	0	3	6	2
1087	1	3	3	1	0	0	3	2	6
1088	4	1	1	4	0	0	0	0	5
1089	2	0	4	4	0	0	1	1	6
1090	9	8	2	4	0	0	0	0	1
1091	0	4	1	0	0	0	1	1	2
1092	1	2	4	4	0	0	0	0	6
1093	2	3	0	0	0	0	1	4	1
1094	1	6	3	0	0	0	0	0	1
1095	2	3	1	0	0	0	3	3	1
1096	0	3	4	0	0	0	1	0	0
1097	7	4	4	0	0	0	1	0	0
1098	2	3	0	1	0	0	1	0	2
1099	0	0	1	4	0	0	0	0	2
1100	7	2	5	0	0	0	0	0	6
1101	7	4	5	0	0	0	0	0	6
1102	1	2	0	1	0	0	1	0	2
1103	5	2	1	1	0	0	0	3	1
1104	5	2	3	0	0	0	0	0	6
1105	1	2	0	0	0	0	0	0	2
1106	3	2	1	2	0	0	9	1	1
1107	2	2	2	1	0	0	3	0	1
1108	5	2	1	0	0	0	0	0	1
1109	2	3	1	0	0	0	2	0	1
1110	2	0	1	0	0	0	0	0	1
1111	1	0	3	1	0	0	1	1	6
1112	2	0	0	6	0	0	1	0	2
1113	2	2	1	4	0	0	0	0	0
1114	5	4	1	1	0	0	0	2	1
1115	1	2	0	1	0	0	0	0	1
1116	1	4	1	1	0	0	1	1	1
1117	2	2	1	0	0	0	5	7	2
1117	2	2	1	0	0	0	5	7	2
1118	2	2	0	0	0	0	1	0	2
1119	0	3	0	0	0	0	0	2	1
1120	1	2	0	1	0	0	0	0	1
1121	1	3	0	1	0	0	0	1	1
1122	3	0	1	4	0	0	0	0	4
1123	4	1	0	5	0	0	3	0	4
1124	1	0	0	1	0	0	1	0	1
1125	5	1	0	0	0	2	1	0	8
1126	7	2	0	0	0	0	0	2	1
1127	2	2	0	0	0	0	0	0	1
1128	5	7	0	0	0	0	0	0	1
1129	5	3	2	4	0	0	1	3	1
1130	1	0	1	0	0	0	0	0	1
1131	2	0	4	1	0	0	1	1	1
1132	0	3	0	1	0	0	0	1	1
1133	3	3	1	1	0	0	0	0	1
1134	2	2	0	0	0	0	0	2	1
1135	7	8	0	0	0	0	1	4	1
1136	2	0	1	4	0	0	1	2	1
1137	2	4	1	0	0	0	1	0	1
1138	2	3	0	1	0	0	1	0	1
1139	2	0	3	0	0	0	1	0	1
1140	0	0	1	0	0	0	0	0	1
1141	2	2	1	0	0	0	3	0	1
1142	2	4	0	1	0	0	1	0	1
1143	2	7	1	1	0	0	0	0	1
1144	5	3	1	4	0	0	1	1	1
1145	7	4	0	0	0	0	3	1	1
1146	2	2	0	0	0	0	0	0	6
1147	0	3	2	1	0	0	1	4	2
1148	2	3	0	1	0	0	0	1	2
1149	0	4	0	1	0	0	0	2	2
1150	0	3	0	0	0	0	0	6	2
1151	2	3	1	0	0	0	1	1	2
1152	2	3	0	0	0	0	1	0	2
1153	2	3	0	0	0	0	0	0	2
1154	2	3	0	1	0	0	0	0	2
1155	2	3	0	0	0	0	0	0	2
1156	0	2	0	6	0	0	0	1	2
1157	0	2	0	6	0	0	0	1	2
1158	1	4	2	0	0	0	0	0	1
1159	2	3	0	5	0	0	0	0	0
1160	1	2	0	1	0	0	0	2	2
1161	1	2	0	0	0	0	0	4	1
1162	9	1	1	0	0	0	9	0	1
1163	1	2	5	0	0	0	3	0	6
1164	7	2	5	0	0	0	3	0	6
1165	3	0	1	4	0	0	2	0	4
1166	2	4	3	1	0	0	1	0	6
1167	1	2	3	0	0	0	1	0	6
1168	6	6	0	4	0	0	3	0	4
1169	1	3	1	1	0	0	0	1	1
1170	5	4	5	4	0	0	0	1	6
1171	1	0	3	0	0	0	1	0	6
1172	5	4	2	1	0	0	5	0	2
1173	2	3	3	0	0	0	0	1	6
1174	5	2	1	0	0	0	1	1	2
1175	6	1	4	1	0	0	1	1	3
1176	1	2	1	0	0	0	0	0	2
1177	1	0	0	1	0	0	1	1	1
1178	1	0	3	4	0	0	0	0	6
1179	2	2	2	3	0	0	0	7	0
1180	7	8	6	1	0	0	0	0	0
1181	3	0	1	0	0	0	0	3	1
1182	5	3	3	1	0	0	0	0	6
1183	2	3	1	1	0	0	0	2	1
1184	5	4	0	1	0	0	1	0	2
1185	0	2	4	0	0	0	0	0	7
1186	0	0	3	1	0	0	1	0	1
1187	4	6	0	1	0	0	0	1	4
1188	4	6	0	1	0	0	0	0	4
1189	4	6	1	1	0	0	0	0	4
1190	0	4	1	0	0	0	0	0	1
1191	1	4	2	0	0	0	0	0	2
1192	2	0	1	1	0	0	1	0	2
1193	1	4	1	1	0	0	1	6	2
1194	1	7	3	4	0	0	1	0	6
1195	1	3	1	0	0	0	1	0	2
1196	7	7	0	6	0	0	3	1	2
1197	7	3	0	4	0	0	3	0	2
1198	1	4	1	5	0	0	0	0	2
1199	0	3	1	4	0	0	1	0	0
1200	2	8	3	4	0	0	0	1	1
1201	2	2	0	0	0	0	0	0	1
1202	2	4	0	0	0	0	0	3	1
1203	1	4	2	0	0	0	0	3	1
1204	1	3	1	0	0	0	1	0	1
1205	4	1	5	1	0	0	1	0	3
1206	5	3	3	0	0	0	0	1	6
1207	0	0	0	0	0	0	1	0	2
1208	5	2	4	0	0	0	1	0	6
1209	1	0	0	0	0	0	0	1	1
1210	2	2	0	4	0	0	0	1	2
1211	2	3	0	1	0	0	1	0	2
1212	0	2	0	0	0	0	1	0	2
1213	2	2	0	0	0	0	1	0	2
1214	0	3	0	1	0	0	0	0	2
1215	1	2	0	0	0	0	1	0	2
1216	2	3	0	1	0	0	0	0	2
1217	0	3	0	5	0	0	1	0	2
1218	0	4	0	5	0	0	1	0	2
1219	0	3	0	5	0	0	1	0	2
1220	2	3	0	0	0	0	0	1	1
1221	1	2	1	0	0	0	1	0	1
1222	0	2	0	0	0	0	0	0	2
1222	0	2	0	0	0	0	0	0	2
1223	2	2	1	4	0	0	1	2	2
1224	2	3	1	4	0	0	1	1	2
1225	2	6	0	1	0	0	0	0	1
1226	0	3	2	0	0	0	0	2	1
1227	0	0	1	6	0	0	1	1	1
1228	2	1	1	0	0	0	1	1	1
1229	1	0	2	0	0	0	0	1	1
1230	2	4	0	0	0	0	0	2	1
1231	5	8	0	0	0	0	0	6	1
1232	1	3	1	0	0	0	0	0	2
1233	2	3	1	4	0	0	1	0	2
1234	5	4	1	0	0	0	0	0	2
1235	1	2	0	0	0	0	0	0	2
1236	5	4	2	1	0	0	1	0	2
1235	1	2	0	0	0	0	0	0	2
1237	2	3	1	0	0	0	0	3	2
1238	5	4	0	0	0	0	0	1	2
1239	7	7	0	0	0	0	0	0	2
1240	1	2	1	1	0	0	1	1	2
1241	1	3	0	0	0	0	1	0	2
1242	1	3	0	0	0	0	2	0	2
1243	4	1	3	1	0	0	1	0	3
1244	1	3	1	0	0	0	0	0	2
1245	4	6	3	1	0	0	2	0	3
1246	4	5	3	1	0	0	1	0	3
1247	0	3	0	0	0	0	1	0	2
1248	2	1	0	0	0	0	0	0	2
1249	2	2	1	0	0	0	0	0	1
1250	0	7	2	1	0	0	0	0	1
1251	2	3	1	1	0	0	0	0	1
1252	1	2	1	0	0	0	0	4	1
1253	1	4	0	0	0	0	1	3	1
1254	2	3	1	1	0	0	0	0	1
1255	2	3	3	5	0	0	0	1	7
1256	1	3	0	1	0	0	1	0	2
1257	7	7	1	0	0	0	0	0	2
1258	2	2	1	0	0	0	5	0	2
1259	1	4	1	0	0	0	0	0	2
1260	1	2	6	1	0	0	0	0	2
1261	1	2	6	0	0	0	0	0	2
1262	0	3	1	1	0	0	0	0	2
1263	2	2	0	1	0	0	0	2	2
1264	1	2	0	0	0	0	1	1	2
1265	2	4	3	5	0	0	0	8	6
1266	0	3	3	2	0	0	0	4	6
1267	2	4	0	0	0	0	1	0	1
1268	2	2	0	1	0	0	1	1	0
1269	0	0	1	1	0	0	1	0	2
1270	5	2	1	0	0	0	0	0	2
1271	0	4	0	1	0	0	1	0	2
1272	1	6	0	1	0	0	2	0	2
1273	2	2	0	1	0	0	0	0	2
1274	0	0	3	1	0	0	0	0	2
1275	4	3	1	0	0	0	0	1	2
1276	2	3	0	4	0	0	1	0	1
1277	4	0	4	4	0	0	2	0	5
1278	2	3	1	0	0	0	1	0	2
1279	0	2	1	0	0	0	1	0	2
1280	2	2	1	0	0	0	0	0	2
1281	0	2	1	0	0	0	1	0	2
1282	0	1	0	2	0	0	0	0	0
1283	2	2	1	0	0	0	5	0	1
1284	5	3	2	4	0	0	1	1	1
1285	3	3	1	0	0	0	1	0	2
1286	2	3	0	0	0	0	1	1	2
1287	0	2	0	1	0	0	1	0	2
1288	2	2	0	1	0	0	2	0	2
1289	2	2	0	1	0	0	2	0	2
1290	1	3	4	1	0	0	1	0	6
1291	2	2	1	1	0	0	1	0	2
1292	1	2	2	1	0	0	3	0	2
1293	0	1	0	0	0	0	1	2	2
1294	9	2	1	0	0	0	1	0	2
1295	7	2	0	0	0	0	1	1	2
1296	1	2	3	0	0	0	0	2	2
1297	2	4	0	1	0	0	1	4	1
1298	1	3	4	0	0	0	1	0	6
1299	5	2	0	0	0	0	0	1	1
1300	0	0	2	1	0	0	0	2	1
1301	2	2	1	2	0	0	0	1	1
1302	2	4	1	1	0	0	2	0	2
1303	0	3	0	0	0	0	1	0	1
1304	2	0	1	6	0	0	0	0	2
1305	1	7	1	5	0	0	3	0	2
1306	2	4	1	0	0	0	5	0	2
1307	2	2	0	0	0	0	1	1	6
1308	2	3	1	0	0	0	0	0	1
1309	2	2	0	6	0	0	1	0	7
1310	3	4	1	1	0	0	8	0	0
1311	2	3	0	2	0	0	1	4	2
1312	5	3	0	0	0	0	1	0	7
1313	3	1	4	0	0	0	2	0	7
1314	1	4	1	0	0	0	1	0	7
1315	3	0	4	0	0	0	1	0	7
1316	0	4	0	0	0	0	1	0	7
1317	0	0	1	0	0	0	1	0	7
1318	2	0	1	0	0	0	0	0	7
1319	3	0	1	1	0	0	0	0	7
1320	2	3	0	1	0	0	3	0	7
1321	0	3	4	0	0	0	1	0	7
1322	1	4	4	0	0	0	0	0	7
1323	2	3	0	0	0	0	0	1	2
1324	3	0	0	1	0	0	1	0	2
1325	1	3	0	0	0	0	0	0	2
1326	7	2	1	0	0	0	3	0	2
1327	0	3	0	1	0	0	0	0	2
1328	0	1	3	4	0	0	0	0	2
1329	0	2	0	0	0	0	1	0	7
1330	1	3	0	0	0	0	0	0	2
1331	2	2	1	0	0	0	2	0	2
1332	4	1	4	1	0	0	0	0	3
1333	0	3	0	0	0	0	1	2	1
1334	8	6	4	4	0	0	1	0	3
1335	2	4	1	2	0	0	0	3	0
1336	3	1	4	6	0	0	1	0	3
1337	1	2	0	0	0	0	1	2	1
1338	2	3	4	0	0	0	1	0	6
1339	1	0	3	1	0	0	0	0	6
1340	1	3	3	1	0	0	1	0	1
1341	4	6	5	4	0	0	0	0	3
1342	6	6	3	4	0	0	3	0	5
1343	2	3	3	0	0	0	0	0	6
1344	0	3	1	1	0	0	1	2	1
1345	2	3	0	1	0	0	0	0	2
1346	2	2	1	4	0	0	1	0	2
1347	3	6	3	4	0	0	1	0	3
1348	5	3	0	1	0	0	1	1	6
1349	2	2	0	0	0	0	1	0	6
1350	1	4	0	1	0	0	3	0	0
1351	0	3	0	5	0	0	0	0	0
1352	5	7	1	4	0	0	0	0	1
1353	7	7	3	0	0	0	1	0	6
1354	7	2	0	0	0	0	0	1	1
1355	1	3	3	0	0	0	1	0	6
1356	7	7	1	1	0	0	0	7	2
1357	1	0	1	1	0	0	0	0	0
1358	2	2	3	1	0	0	1	0	6
1359	7	3	4	1	0	0	1	1	6
1360	7	2	0	0	0	0	1	3	1
1361	1	2	3	0	0	0	1	1	6
1362	1	2	0	1	0	0	1	4	1
1363	1	0	3	0	0	0	0	0	6
1364	4	6	3	4	0	0	1	0	3
1365	5	4	0	4	0	0	0	0	1
1366	1	2	3	0	0	2	0	0	8
1367	0	3	0	0	0	2	1	2	8
1368	1	0	3	0	0	0	0	0	6
1369	0	1	0	1	0	0	1	0	0
1370	3	0	5	4	0	0	1	0	6
1371	4	1	3	0	0	0	0	0	3
1372	2	0	4	1	0	0	0	0	6
1373	3	3	0	1	0	0	5	1	5
1374	0	3	0	5	0	0	5	1	2
1375	0	0	0	3	0	0	0	0	0
1376	5	1	3	0	0	0	0	0	6
1377	4	1	4	0	0	0	1	0	3
1378	2	4	4	1	0	0	0	0	6
1379	5	4	4	0	0	0	1	0	6
1380	3	0	3	1	0	0	0	0	6
1381	3	0	3	0	0	0	0	1	5
1382	2	2	1	1	0	0	0	0	0
1383	1	3	4	0	0	0	0	0	6
1384	2	4	3	1	0	0	0	1	6
1385	5	2	3	0	0	0	0	0	6
1386	4	1	4	4	0	0	0	0	3
1387	2	3	1	0	0	0	0	0	1
1388	3	0	3	1	0	0	3	0	4
1389	7	3	4	0	0	0	1	0	6
1390	0	2	0	4	0	0	1	1	1
1391	2	0	4	1	0	0	0	0	6
1392	0	2	1	0	0	0	1	0	2
1393	2	0	0	0	0	0	1	6	2
1394	1	1	0	0	0	0	0	0	6
1395	1	4	4	0	0	0	1	0	6
1396	1	2	3	4	0	0	1	0	1
1397	1	3	3	0	0	0	1	0	6
1398	4	6	3	1	0	0	1	0	4
1399	0	0	3	0	0	0	1	0	6
1400	2	2	2	0	0	0	1	1	1
1401	6	9	4	1	0	0	0	0	3
1402	0	6	4	0	0	0	0	2	6
1403	5	4	0	0	0	0	0	2	1
1404	1	1	4	0	0	0	0	0	6
1405	1	4	4	1	0	0	0	0	6
1406	2	0	0	0	0	0	0	1	6
1407	7	0	0	1	0	0	0	0	6
1408	5	7	3	0	0	0	1	0	6
1409	2	2	3	4	0	0	0	0	6
1410	8	1	0	1	0	0	1	0	3
1411	2	3	3	0	0	0	1	0	6
1412	6	6	4	0	0	0	1	0	5
1413	1	2	1	0	0	0	1	4	1
1414	3	1	3	1	0	0	0	0	3
1415	4	1	0	0	0	0	0	0	3
1416	2	3	4	1	0	0	1	0	6
1417	0	1	3	2	0	0	1	0	5
1418	0	1	4	1	0	0	1	0	6
1419	1	2	0	0	0	0	0	1	1
1420	4	0	0	0	0	0	0	0	8
1421	4	1	4	0	0	0	1	2	3
1422	2	0	0	0	0	0	0	0	0
1423	2	2	4	0	0	0	0	0	6
1424	2	3	1	3	0	0	3	7	2
1425	5	7	0	0	0	0	1	1	1
1426	5	7	0	0	0	0	1	3	1
1427	0	1	0	0	0	0	0	0	0
1428	6	5	4	4	0	0	1	2	3
1429	5	3	2	1	0	0	0	7	1
1430	1	7	1	5	0	0	2	3	1
1431	5	4	3	5	0	0	0	2	6
1432	0	0	0	7	0	0	0	0	1
1433	1	2	3	0	0	0	0	3	1
1434	4	6	3	1	0	0	0	0	3
1435	2	4	1	0	0	0	1	0	2
1436	2	0	3	0	0	0	0	0	0
1437	1	2	0	1	0	0	0	3	2
1438	1	0	0	2	0	0	0	0	0
1439	4	6	0	5	0	0	1	0	8
1440	2	3	1	3	0	0	0	0	0
1441	1	2	0	0	0	0	1	1	1
1442	7	2	0	0	0	0	1	0	1
1443	0	3	3	4	0	0	1	4	1
1444	5	7	4	6	0	0	1	0	6
1445	1	3	1	1	0	0	3	7	2
1446	1	0	0	0	0	0	0	0	0
1447	1	2	0	0	0	0	0	0	0
1448	0	0	0	5	0	0	0	0	0
1449	2	2	2	1	0	0	2	0	0
1450	0	1	1	0	0	0	0	4	1
1451	0	0	1	0	0	0	0	0	2
1452	2	0	1	0	0	0	0	0	2
1453	3	3	0	0	0	0	0	0	2
1454	0	3	1	1	0	0	0	0	2
1455	1	4	2	5	0	0	0	7	2
1456	1	2	2	4	0	0	3	7	2
1457	4	0	3	0	0	0	1	0	5
1458	2	2	2	4	0	0	0	2	1
1459	3	0	4	0	0	0	1	0	5
1460	1	2	1	0	0	0	1	1	1
1461	3	3	1	0	0	0	1	0	2